
C:\Users\luci\AppData\Local\arduino\sketches\F1A03AB2C45802C6AAF4AFAD7B9D158B/OnlineGasDetector_FIGARO.ino.elf:     file format elf32-avr


Disassembly of section .text:

00000000 <__vectors>:
__vectors():
       0:	0c 94 e2 01 	jmp	0x3c4	; 0x3c4 <__dtors_end>
       4:	0c 94 14 0d 	jmp	0x1a28	; 0x1a28 <__vector_1>
       8:	0c 94 ed 0c 	jmp	0x19da	; 0x19da <__vector_2>
       c:	0c 94 93 0d 	jmp	0x1b26	; 0x1b26 <__vector_3>
      10:	0c 94 93 0d 	jmp	0x1b26	; 0x1b26 <__vector_3>
      14:	0c 94 93 0d 	jmp	0x1b26	; 0x1b26 <__vector_3>
      18:	0c 94 0a 02 	jmp	0x414	; 0x414 <__bad_interrupt>
      1c:	0c 94 0a 02 	jmp	0x414	; 0x414 <__bad_interrupt>
      20:	0c 94 0a 02 	jmp	0x414	; 0x414 <__bad_interrupt>
      24:	0c 94 0a 02 	jmp	0x414	; 0x414 <__bad_interrupt>
      28:	0c 94 0a 02 	jmp	0x414	; 0x414 <__bad_interrupt>
      2c:	0c 94 0b 0e 	jmp	0x1c16	; 0x1c16 <__vector_11>
      30:	0c 94 0a 02 	jmp	0x414	; 0x414 <__bad_interrupt>
      34:	0c 94 0a 02 	jmp	0x414	; 0x414 <__bad_interrupt>
      38:	0c 94 0a 02 	jmp	0x414	; 0x414 <__bad_interrupt>
      3c:	0c 94 0a 02 	jmp	0x414	; 0x414 <__bad_interrupt>
      40:	0c 94 a3 0c 	jmp	0x1946	; 0x1946 <__vector_16>
      44:	0c 94 0a 02 	jmp	0x414	; 0x414 <__bad_interrupt>
      48:	0c 94 61 0d 	jmp	0x1ac2	; 0x1ac2 <__vector_18>
      4c:	0c 94 3b 0d 	jmp	0x1a76	; 0x1a76 <__vector_19>
      50:	0c 94 0a 02 	jmp	0x414	; 0x414 <__bad_interrupt>
      54:	0c 94 0a 02 	jmp	0x414	; 0x414 <__bad_interrupt>
      58:	0c 94 0a 02 	jmp	0x414	; 0x414 <__bad_interrupt>
      5c:	0c 94 0a 02 	jmp	0x414	; 0x414 <__bad_interrupt>
      60:	0c 94 0a 02 	jmp	0x414	; 0x414 <__bad_interrupt>
      64:	0c 94 0a 02 	jmp	0x414	; 0x414 <__bad_interrupt>

00000068 <__trampolines_end>:
__trampolines_start():
      68:	41 54       	subi	r20, 0x41	; 65
      6a:	2b 43       	sbci	r18, 0x3B	; 59
      6c:	53 43       	sbci	r21, 0x33	; 51
      6e:	53 3d       	cpi	r21, 0xD3	; 211
      70:	22 47       	sbci	r18, 0x72	; 114
      72:	53 4d       	sbci	r21, 0xD3	; 211
      74:	22 00       	.word	0x0022	; ????

00000076 <InitSmsMode()::__c>:
      76:	46 61 69 6c 65 64 20 74 6f 20 73 65 74 20 53 4d     Failed to set SM
      86:	53 20 74 65 78 74 20 6d 6f 64 65 00                 S text mode.

00000092 <InitSmsMode()::__c>:
      92:	4f 4b 00                                            OK.

00000095 <InitSmsMode()::__c>:
      95:	41 54 2b 43 4d 47 46 3d 31 00                       AT+CMGF=1.

0000009f <SendSMS(String, String)::__c>:
      9f:	4f 4b 00                                            OK.

000000a2 <SendSMS(String, String)::__c>:
      a2:	2b 43 4d 47 53 3a 00                                +CMGS:.

000000a9 <SendSMS(String, String)::__c>:
      a9:	53 4d 53 20 74 69 6d 65 6f 75 74 00                 SMS timeout.

000000b5 <SendSMS(String, String)::__c>:
      b5:	4e 6f 20 53 4d 53 20 70 72 6f 6d 70 74 00           No SMS prompt.

000000c3 <SendSMS(String, String)::__c>:
      c3:	53 4d 53 20 63 6f 6d 6d 61 6e 64 20 65 72 72 6f     SMS command erro
      d3:	72 00                                               r.

000000d5 <SendSMS(String, String)::__c>:
      d5:	45 52 52 4f 52 00                                   ERROR.

000000db <SendSMS(String, String)::__c>:
      db:	53 4d 53 20 74 65 78 74 20 73 65 6e 74 2c 20 77     SMS text sent, w
      eb:	61 69 74 69 6e 67 20 66 6f 72 20 63 6f 6e 66 69     aiting for confi
      fb:	72 6d 61 74 69 6f 6e 2e 2e 2e 00                    rmation....

00000106 <GetSignalLevel()::__c>:
     106:	2b 43 53 51 3a 00                                   +CSQ:.

0000010c <GetSignalLevel()::__c>:
     10c:	41 54 2b 43 53 51 00                                AT+CSQ.

00000113 <GetSignalLevel()::__c>:
     113:	41 54 2b 43 53 51 00                                AT+CSQ.

0000011a <GetSignalLevel()::__c>:
     11a:	2d 2d 2d 2d 2d 2d 2d 2d 00                          --------.

00000123 <isAtResponseOk(String)::__c>:
     123:	45 52 52 4f 52 00                                   ERROR.

00000129 <IsGsmGarbage(String)::__c>:
     129:	50 53 55 54 54 5a 00                                PSUTTZ.

00000130 <IsGsmGarbage(String)::__c>:
     130:	43 54 5a 56 00                                      CTZV.

00000135 <IsGsmGarbage(String)::__c>:
     135:	44 53 54 00                                         DST.

00000139 <IsGsmGarbage(String)::__c>:
     139:	43 46 55 4e 00                                      CFUN.

0000013e <IsGsmGarbage(String)::__c>:
     13e:	43 50 49 4e 00                                      CPIN.

00000143 <IsGsmGarbage(String)::__c>:
     143:	43 4d 45 00                                         CME.

00000147 <IsGsmGarbage(String)::__c>:
     147:	43 4d 54 49 00                                      CMTI.

0000014c <IsGsmGarbage(String)::__c>:
     14c:	53 4d 53 00                                         SMS.

00000150 <IsGsmGarbage(String)::__c>:
     150:	52 44 59 00                                         RDY.

00000154 <IsGsmGarbage(String)::__c>:
     154:	43 61 6c 6c 00                                      Call.

00000159 <IsGsmGarbage(String)::__c>:
     159:	52 65 61 64 79 00                                   Ready.

0000015f <waitAtAnswer()::__c>:
     15f:	4f 4b 00                                            OK.

00000162 <waitAtAnswer()::__c>:
     162:	54 69 6d 65 6f 75 74 00                             Timeout.

0000016a <SendSMSToOwners(String, String)::__c>:
     16a:	52 65 74 72 79 20 53 4d 53 20 74 6f 20 00           Retry SMS to .

00000178 <SendSMSToOwners(String, String)::__c>:
     178:	53 4d 53 20 73 65 6e 74 20 74 6f 20 00              SMS sent to .

00000185 <ExtractResponseBody(String)::__c>:
     185:	0a 4f 4b 00                                         .OK.

00000189 <ExtractResponseBody(String)::__c>:
     189:	0d 0a 4f 4b 00                                      ..OK.

0000018e <ExtractResponseBody(String)::__c>:
     18e:	2b 48 54 54 50 52 45 41 44 3a 00                    +HTTPREAD:.

00000199 <_ZZ28prepareSIM800LForSendRequestbE3__c__10_>:
     199:	41 54 2b 53 41 50 42 52 3d 30 2c 31 00              AT+SAPBR=0,1.

000001a6 <prepareSIM800LForSendRequest(bool)::__c>:
     1a6:	41 54 2b 48 54 54 50 54 45 52 4d 00                 AT+HTTPTERM.

000001b2 <prepareSIM800LForSendRequest(bool)::__c>:
     1b2:	41 54 2b 53 41 50 42 52 3d 30 2c 31 00              AT+SAPBR=0,1.

000001bf <prepareSIM800LForSendRequest(bool)::__c>:
     1bf:	41 54 2b 48 54 54 50 54 45 52 4d 00                 AT+HTTPTERM.

000001cb <prepareSIM800LForSendRequest(bool)::__c>:
     1cb:	41 54 2b 48 54 54 50 50 41 52 41 3d 22 43 49 44     AT+HTTPPARA="CID
     1db:	22 2c 31 00                                         ",1.

000001df <prepareSIM800LForSendRequest(bool)::__c>:
     1df:	41 54 2b 53 41 50 42 52 3d 30 2c 31 00              AT+SAPBR=0,1.

000001ec <prepareSIM800LForSendRequest(bool)::__c>:
     1ec:	41 54 2b 48 54 54 50 49 4e 49 54 00                 AT+HTTPINIT.

000001f8 <prepareSIM800LForSendRequest(bool)::__c>:
     1f8:	41 54 2b 48 54 54 50 54 45 52 4d 00                 AT+HTTPTERM.

00000204 <prepareSIM800LForSendRequest(bool)::__c>:
     204:	41 54 2b 53 41 50 42 52 3d 31 2c 31 00              AT+SAPBR=1,1.

00000211 <prepareSIM800LForSendRequest(bool)::__c>:
     211:	41 54 2b 53 41 50 42 52 3d 31 2c 31 00              AT+SAPBR=1,1.

0000021e <prepareSIM800LForSendRequest(bool)::__c>:
     21e:	2d 2d 2d 2d 2d 2d 2d 2d 00                          --------.

00000227 <prepareSIM800LForSendRequest(bool)::__c>:
     227:	41 54 2b 53 41 50 42 52 3d 33 2c 31 2c 22 43 4f     AT+SAPBR=3,1,"CO
     237:	4e 54 59 50 45 22 2c 22 47 50 52 53 22 00           NTYPE","GPRS".

00000245 <SendRequestToServer(bool)::__c>:
     245:	41 54 2b 53 41 50 42 52 3d 30 2c 31 00              AT+SAPBR=0,1.

00000252 <SendRequestToServer(bool)::__c>:
     252:	41 54 2b 48 54 54 50 54 45 52 4d 00                 AT+HTTPTERM.

0000025e <SendRequestToServer(bool)::__c>:
     25e:	41 54 2b 53 41 50 42 52 3d 30 2c 31 00              AT+SAPBR=0,1.

0000026b <SendRequestToServer(bool)::__c>:
     26b:	41 54 2b 48 54 54 50 54 45 52 4d 00                 AT+HTTPTERM.

00000277 <SendRequestToServer(bool)::__c>:
     277:	41 54 2b 48 54 54 50 52 45 41 44 00                 AT+HTTPREAD.

00000283 <SendRequestToServer(bool)::__c>:
     283:	44 45 41 43 54 00                                   DEACT.

00000289 <SendRequestToServer(bool)::__c>:
     289:	4f 4b 00                                            OK.

0000028c <SendRequestToServer(bool)::__c>:
     28c:	41 54 2b 48 54 54 50 41 43 54 49 4f 4e 3d 30 00     AT+HTTPACTION=0.

0000029c <SendRequest(bool)::__c>:
     29c:	53 55 43 43 45 53 53 00                             SUCCESS.

000002a4 <SendRequest(bool)::__c>:
     2a4:	46 61 69 6c 65 64 20 74 6f 20 73 65 6e 64 20 68     Failed to send h
     2b4:	74 74 70 20 72 65 71 75 65 73 74 00                 ttp request.

000002c0 <SendRequest(bool)::__c>:
     2c0:	52 65 74 72 79 20 66 69 78 65 64 20 53 4d 53 2e     Retry fixed SMS.
     2d0:	2e 2e 00                                            ...

000002d3 <SendPing()::__c>:
     2d3:	41 54 2b 53 41 50 42 52 3d 30 2c 31 00              AT+SAPBR=0,1.

000002e0 <SendPing()::__c>:
     2e0:	41 54 2b 48 54 54 50 54 45 52 4d 00                 AT+HTTPTERM.

000002ec <SendPing()::__c>:
     2ec:	41 54 2b 48 54 54 50 41 43 54 49 4f 4e 3d 30 00     AT+HTTPACTION=0.

000002fc <SendPing()::__c>:
     2fc:	41 54 2b 48 54 54 50 50 41 52 41 3d 22 43 49 44     AT+HTTPPARA="CID
     30c:	22 2c 31 00                                         ",1.

00000310 <SendPing()::__c>:
     310:	41 54 2b 48 54 54 50 49 4e 49 54 00                 AT+HTTPINIT.

0000031c <SendPing()::__c>:
     31c:	41 54 2b 48 54 54 50 54 45 52 4d 00                 AT+HTTPTERM.

00000328 <SendPing()::__c>:
     328:	41 54 2b 53 41 50 42 52 3d 31 2c 31 00              AT+SAPBR=1,1.

00000335 <SendPing()::__c>:
     335:	41 54 2b 53 41 50 42 52 3d 33 2c 31 2c 22 43 4f     AT+SAPBR=3,1,"CO
     345:	4e 54 59 50 45 22 2c 22 47 50 52 53 22 00           NTYPE","GPRS".

00000353 <port_to_mode_PGM>:
     353:	00 00 00 00 24 00 27 00 2a 00                       ....$.'.*.

0000035d <digital_pin_to_timer_PGM>:
     35d:	00 00 00 09 00 03 02 00 00 04 05 08 00 00 00 00     ................
     36d:	00 00 00 00 00 00 00                                .......

00000374 <sendAtCommand(String, bool)::__c>:
     374:	2d 2d 2d 2d 2d 2d 2d 2d 00                          --------.

0000037d <port_to_input_PGM>:
     37d:	00 00 00 00 23 00 26 00 29 00                       ....#.&.).

00000387 <port_to_output_PGM>:
     387:	00 00 00 00 25 00 28 00 2b 00                       ....%.(.+.

00000391 <digital_pin_to_port_PGM>:
     391:	04 04 04 04 04 04 04 04 02 02 02 02 02 02 03 03     ................
     3a1:	03 03 03 03 02 02 03                                .......

000003a8 <digital_pin_to_bit_mask_PGM>:
     3a8:	01 02 04 08 10 20 40 80 01 02 04 08 10 20 01 02     ..... @...... ..
     3b8:	04 08 10 20 40 80 40 00                             ... @.@.

000003c0 <__ctors_start>:
__ctors_start():
     3c0:	e6 0e       	add	r14, r22

000003c2 <__ctors_end>:
__dtors_start():
     3c2:	73 19       	sub	r23, r3

000003c4 <__dtors_end>:
__dtors_end():
     3c4:	11 24       	eor	r1, r1
     3c6:	1f be       	out	0x3f, r1	; 63
     3c8:	cf ef       	ldi	r28, 0xFF	; 255
     3ca:	d8 e0       	ldi	r29, 0x08	; 8
     3cc:	de bf       	out	0x3e, r29	; 62
     3ce:	cd bf       	out	0x3d, r28	; 61

000003d0 <__do_clear_bss>:
__do_clear_bss():
/home/jenkins-mingw32/workspace/avr-gcc-staging/label/Ubuntu14.04x64-mingw32/gcc-build/avr/avr5/libgcc/../../../../gcc/libgcc/config/avr/lib1funcs.S:2441
     3d0:	25 e0       	ldi	r18, 0x05	; 5
/home/jenkins-mingw32/workspace/avr-gcc-staging/label/Ubuntu14.04x64-mingw32/gcc-build/avr/avr5/libgcc/../../../../gcc/libgcc/config/avr/lib1funcs.S:2442
     3d2:	aa ec       	ldi	r26, 0xCA	; 202
/home/jenkins-mingw32/workspace/avr-gcc-staging/label/Ubuntu14.04x64-mingw32/gcc-build/avr/avr5/libgcc/../../../../gcc/libgcc/config/avr/lib1funcs.S:2443
     3d4:	b3 e0       	ldi	r27, 0x03	; 3
/home/jenkins-mingw32/workspace/avr-gcc-staging/label/Ubuntu14.04x64-mingw32/gcc-build/avr/avr5/libgcc/../../../../gcc/libgcc/config/avr/lib1funcs.S:2444
     3d6:	01 c0       	rjmp	.+2      	; 0x3da <.do_clear_bss_start>

000003d8 <.do_clear_bss_loop>:
/home/jenkins-mingw32/workspace/avr-gcc-staging/label/Ubuntu14.04x64-mingw32/gcc-build/avr/avr5/libgcc/../../../../gcc/libgcc/config/avr/lib1funcs.S:2446
     3d8:	1d 92       	st	X+, r1

000003da <.do_clear_bss_start>:
/home/jenkins-mingw32/workspace/avr-gcc-staging/label/Ubuntu14.04x64-mingw32/gcc-build/avr/avr5/libgcc/../../../../gcc/libgcc/config/avr/lib1funcs.S:2448
     3da:	ad 30       	cpi	r26, 0x0D	; 13
/home/jenkins-mingw32/workspace/avr-gcc-staging/label/Ubuntu14.04x64-mingw32/gcc-build/avr/avr5/libgcc/../../../../gcc/libgcc/config/avr/lib1funcs.S:2449
     3dc:	b2 07       	cpc	r27, r18
/home/jenkins-mingw32/workspace/avr-gcc-staging/label/Ubuntu14.04x64-mingw32/gcc-build/avr/avr5/libgcc/../../../../gcc/libgcc/config/avr/lib1funcs.S:2450
     3de:	e1 f7       	brne	.-8      	; 0x3d8 <.do_clear_bss_loop>

000003e0 <__do_copy_data>:
__do_copy_data():
/home/jenkins-mingw32/workspace/avr-gcc-staging/label/Ubuntu14.04x64-mingw32/gcc-build/avr/avr5/libgcc/../../../../gcc/libgcc/config/avr/lib1funcs.S:2409
     3e0:	13 e0       	ldi	r17, 0x03	; 3
/home/jenkins-mingw32/workspace/avr-gcc-staging/label/Ubuntu14.04x64-mingw32/gcc-build/avr/avr5/libgcc/../../../../gcc/libgcc/config/avr/lib1funcs.S:2410
     3e2:	a0 e0       	ldi	r26, 0x00	; 0
/home/jenkins-mingw32/workspace/avr-gcc-staging/label/Ubuntu14.04x64-mingw32/gcc-build/avr/avr5/libgcc/../../../../gcc/libgcc/config/avr/lib1funcs.S:2411
     3e4:	b1 e0       	ldi	r27, 0x01	; 1
/home/jenkins-mingw32/workspace/avr-gcc-staging/label/Ubuntu14.04x64-mingw32/gcc-build/avr/avr5/libgcc/../../../../gcc/libgcc/config/avr/lib1funcs.S:2412
     3e6:	e0 ef       	ldi	r30, 0xF0	; 240
/home/jenkins-mingw32/workspace/avr-gcc-staging/label/Ubuntu14.04x64-mingw32/gcc-build/avr/avr5/libgcc/../../../../gcc/libgcc/config/avr/lib1funcs.S:2413
     3e8:	f2 e4       	ldi	r31, 0x42	; 66
/home/jenkins-mingw32/workspace/avr-gcc-staging/label/Ubuntu14.04x64-mingw32/gcc-build/avr/avr5/libgcc/../../../../gcc/libgcc/config/avr/lib1funcs.S:2414
     3ea:	02 c0       	rjmp	.+4      	; 0x3f0 <__do_copy_data+0x10>
/home/jenkins-mingw32/workspace/avr-gcc-staging/label/Ubuntu14.04x64-mingw32/gcc-build/avr/avr5/libgcc/../../../../gcc/libgcc/config/avr/lib1funcs.S:2417
     3ec:	05 90       	lpm	r0, Z+
/home/jenkins-mingw32/workspace/avr-gcc-staging/label/Ubuntu14.04x64-mingw32/gcc-build/avr/avr5/libgcc/../../../../gcc/libgcc/config/avr/lib1funcs.S:2422
     3ee:	0d 92       	st	X+, r0
/home/jenkins-mingw32/workspace/avr-gcc-staging/label/Ubuntu14.04x64-mingw32/gcc-build/avr/avr5/libgcc/../../../../gcc/libgcc/config/avr/lib1funcs.S:2424
     3f0:	aa 3c       	cpi	r26, 0xCA	; 202
/home/jenkins-mingw32/workspace/avr-gcc-staging/label/Ubuntu14.04x64-mingw32/gcc-build/avr/avr5/libgcc/../../../../gcc/libgcc/config/avr/lib1funcs.S:2425
     3f2:	b1 07       	cpc	r27, r17
/home/jenkins-mingw32/workspace/avr-gcc-staging/label/Ubuntu14.04x64-mingw32/gcc-build/avr/avr5/libgcc/../../../../gcc/libgcc/config/avr/lib1funcs.S:2426
     3f4:	d9 f7       	brne	.-10     	; 0x3ec <__do_copy_data+0xc>

000003f6 <__do_global_ctors>:
__do_global_ctors():
/home/jenkins-mingw32/workspace/avr-gcc-staging/label/Ubuntu14.04x64-mingw32/gcc-build/avr/avr5/libgcc/../../../../gcc/libgcc/config/avr/lib1funcs.S:2466
     3f6:	11 e0       	ldi	r17, 0x01	; 1
/home/jenkins-mingw32/workspace/avr-gcc-staging/label/Ubuntu14.04x64-mingw32/gcc-build/avr/avr5/libgcc/../../../../gcc/libgcc/config/avr/lib1funcs.S:2467
     3f8:	c1 ee       	ldi	r28, 0xE1	; 225
/home/jenkins-mingw32/workspace/avr-gcc-staging/label/Ubuntu14.04x64-mingw32/gcc-build/avr/avr5/libgcc/../../../../gcc/libgcc/config/avr/lib1funcs.S:2468
     3fa:	d1 e0       	ldi	r29, 0x01	; 1
/home/jenkins-mingw32/workspace/avr-gcc-staging/label/Ubuntu14.04x64-mingw32/gcc-build/avr/avr5/libgcc/../../../../gcc/libgcc/config/avr/lib1funcs.S:2472
     3fc:	04 c0       	rjmp	.+8      	; 0x406 <__LOCK_REGION_LENGTH__+0x6>
/home/jenkins-mingw32/workspace/avr-gcc-staging/label/Ubuntu14.04x64-mingw32/gcc-build/avr/avr5/libgcc/../../../../gcc/libgcc/config/avr/lib1funcs.S:2474
     3fe:	21 97       	sbiw	r28, 0x01	; 1
/home/jenkins-mingw32/workspace/avr-gcc-staging/label/Ubuntu14.04x64-mingw32/gcc-build/avr/avr5/libgcc/../../../../gcc/libgcc/config/avr/lib1funcs.S:2480
     400:	fe 01       	movw	r30, r28
/home/jenkins-mingw32/workspace/avr-gcc-staging/label/Ubuntu14.04x64-mingw32/gcc-build/avr/avr5/libgcc/../../../../gcc/libgcc/config/avr/lib1funcs.S:2481
     402:	0e 94 1e 1f 	call	0x3e3c	; 0x3e3c <__tablejump2__>
/home/jenkins-mingw32/workspace/avr-gcc-staging/label/Ubuntu14.04x64-mingw32/gcc-build/avr/avr5/libgcc/../../../../gcc/libgcc/config/avr/lib1funcs.S:2483
     406:	c0 3e       	cpi	r28, 0xE0	; 224
/home/jenkins-mingw32/workspace/avr-gcc-staging/label/Ubuntu14.04x64-mingw32/gcc-build/avr/avr5/libgcc/../../../../gcc/libgcc/config/avr/lib1funcs.S:2484
     408:	d1 07       	cpc	r29, r17
/home/jenkins-mingw32/workspace/avr-gcc-staging/label/Ubuntu14.04x64-mingw32/gcc-build/avr/avr5/libgcc/../../../../gcc/libgcc/config/avr/lib1funcs.S:2489
     40a:	c9 f7       	brne	.-14     	; 0x3fe <__do_global_ctors+0x8>
     40c:	0e 94 a6 0f 	call	0x1f4c	; 0x1f4c <main>
     410:	0c 94 6b 21 	jmp	0x42d6	; 0x42d6 <__do_global_dtors>

00000414 <__bad_interrupt>:
__vector_22():
     414:	0c 94 00 00 	jmp	0	; 0x0 <__vectors>

00000418 <digitalWrite>:
digitalWrite():
C:\Users\luci\AppData\Local\Arduino15\packages\MiniCore\hardware\avr\3.1.1\cores\MCUdude_corefiles/wiring_digital.c:189
  }
}

void digitalWrite(uint8_t pin, uint8_t val)
{
  uint8_t timer = digitalPinToTimer(pin);
     418:	90 e0       	ldi	r25, 0x00	; 0
     41a:	fc 01       	movw	r30, r24
     41c:	e3 5a       	subi	r30, 0xA3	; 163
     41e:	fc 4f       	sbci	r31, 0xFC	; 252
     420:	24 91       	lpm	r18, Z
C:\Users\luci\AppData\Local\Arduino15\packages\MiniCore\hardware\avr\3.1.1\cores\MCUdude_corefiles/wiring_digital.c:190
  uint8_t bit = digitalPinToBitMask(pin);
     422:	fc 01       	movw	r30, r24
     424:	e8 55       	subi	r30, 0x58	; 88
     426:	fc 4f       	sbci	r31, 0xFC	; 252
     428:	34 91       	lpm	r19, Z
C:\Users\luci\AppData\Local\Arduino15\packages\MiniCore\hardware\avr\3.1.1\cores\MCUdude_corefiles/wiring_digital.c:191
  uint8_t port = digitalPinToPort(pin);
     42a:	fc 01       	movw	r30, r24
     42c:	ef 56       	subi	r30, 0x6F	; 111
     42e:	fc 4f       	sbci	r31, 0xFC	; 252
     430:	e4 91       	lpm	r30, Z
C:\Users\luci\AppData\Local\Arduino15\packages\MiniCore\hardware\avr\3.1.1\cores\MCUdude_corefiles/wiring_digital.c:194
  volatile uint8_t *out;

  if (port == NOT_A_PIN) return;
     432:	ee 23       	and	r30, r30
     434:	c9 f0       	breq	.+50     	; 0x468 <digitalWrite+0x50>
C:\Users\luci\AppData\Local\Arduino15\packages\MiniCore\hardware\avr\3.1.1\cores\MCUdude_corefiles/wiring_digital.c:198

  // If the pin that support PWM output, we need to turn it off
  // before doing a digital write.
  if (timer != NOT_ON_TIMER) turnOffPWM(timer);
     436:	22 23       	and	r18, r18
     438:	39 f0       	breq	.+14     	; 0x448 <digitalWrite+0x30>
turnOffPWM():
C:\Users\luci\AppData\Local\Arduino15\packages\MiniCore\hardware\avr\3.1.1\cores\MCUdude_corefiles/wiring_digital.c:77
//
//static inline void turnOffPWM(uint8_t timer) __attribute__ ((always_inline));
//static inline void turnOffPWM(uint8_t timer)
static void turnOffPWM(uint8_t timer)
{
  switch (timer)
     43a:	24 30       	cpi	r18, 0x04	; 4
     43c:	01 f1       	breq	.+64     	; 0x47e <digitalWrite+0x66>
     43e:	a8 f4       	brcc	.+42     	; 0x46a <digitalWrite+0x52>
     440:	22 30       	cpi	r18, 0x02	; 2
     442:	69 f1       	breq	.+90     	; 0x49e <digitalWrite+0x86>
     444:	23 30       	cpi	r18, 0x03	; 3
     446:	79 f1       	breq	.+94     	; 0x4a6 <digitalWrite+0x8e>
digitalWrite():
C:\Users\luci\AppData\Local\Arduino15\packages\MiniCore\hardware\avr\3.1.1\cores\MCUdude_corefiles/wiring_digital.c:200

  // If the pin that support PWM output, we need to turn it off
  // before doing a digital write.
  if (timer != NOT_ON_TIMER) turnOffPWM(timer);

  out = portOutputRegister(port);
     448:	f0 e0       	ldi	r31, 0x00	; 0
     44a:	ee 0f       	add	r30, r30
     44c:	ff 1f       	adc	r31, r31
     44e:	e9 57       	subi	r30, 0x79	; 121
     450:	fc 4f       	sbci	r31, 0xFC	; 252
     452:	a5 91       	lpm	r26, Z+
     454:	b4 91       	lpm	r27, Z
C:\Users\luci\AppData\Local\Arduino15\packages\MiniCore\hardware\avr\3.1.1\cores\MCUdude_corefiles/wiring_digital.c:202

  uint8_t oldSREG = SREG;
     456:	8f b7       	in	r24, 0x3f	; 63
C:\Users\luci\AppData\Local\Arduino15\packages\MiniCore\hardware\avr\3.1.1\cores\MCUdude_corefiles/wiring_digital.c:203
  cli();
     458:	f8 94       	cli
C:\Users\luci\AppData\Local\Arduino15\packages\MiniCore\hardware\avr\3.1.1\cores\MCUdude_corefiles/wiring_digital.c:206

  if (val == LOW) {
    *out &= ~bit;
     45a:	ec 91       	ld	r30, X
C:\Users\luci\AppData\Local\Arduino15\packages\MiniCore\hardware\avr\3.1.1\cores\MCUdude_corefiles/wiring_digital.c:205
  out = portOutputRegister(port);

  uint8_t oldSREG = SREG;
  cli();

  if (val == LOW) {
     45c:	61 11       	cpse	r22, r1
     45e:	26 c0       	rjmp	.+76     	; 0x4ac <digitalWrite+0x94>
C:\Users\luci\AppData\Local\Arduino15\packages\MiniCore\hardware\avr\3.1.1\cores\MCUdude_corefiles/wiring_digital.c:206
    *out &= ~bit;
     460:	30 95       	com	r19
     462:	3e 23       	and	r19, r30
C:\Users\luci\AppData\Local\Arduino15\packages\MiniCore\hardware\avr\3.1.1\cores\MCUdude_corefiles/wiring_digital.c:208
  } else {
    *out |= bit;
     464:	3c 93       	st	X, r19
C:\Users\luci\AppData\Local\Arduino15\packages\MiniCore\hardware\avr\3.1.1\cores\MCUdude_corefiles/wiring_digital.c:211
  }

  SREG = oldSREG;
     466:	8f bf       	out	0x3f, r24	; 63
C:\Users\luci\AppData\Local\Arduino15\packages\MiniCore\hardware\avr\3.1.1\cores\MCUdude_corefiles/wiring_digital.c:212
}
     468:	08 95       	ret
turnOffPWM():
C:\Users\luci\AppData\Local\Arduino15\packages\MiniCore\hardware\avr\3.1.1\cores\MCUdude_corefiles/wiring_digital.c:77
//
//static inline void turnOffPWM(uint8_t timer) __attribute__ ((always_inline));
//static inline void turnOffPWM(uint8_t timer)
static void turnOffPWM(uint8_t timer)
{
  switch (timer)
     46a:	28 30       	cpi	r18, 0x08	; 8
     46c:	71 f0       	breq	.+28     	; 0x48a <digitalWrite+0x72>
     46e:	29 30       	cpi	r18, 0x09	; 9
     470:	91 f0       	breq	.+36     	; 0x496 <digitalWrite+0x7e>
     472:	25 30       	cpi	r18, 0x05	; 5
     474:	49 f7       	brne	.-46     	; 0x448 <digitalWrite+0x30>
C:\Users\luci\AppData\Local\Arduino15\packages\MiniCore\hardware\avr\3.1.1\cores\MCUdude_corefiles/wiring_digital.c:87
        TCCR1A &= ~_BV(COM1A1);
        break;
    #endif
    #if defined(TCCR1A) && defined(COM1B1)
      case TIMER1B:
        TCCR1A &= ~_BV(COM1B1);
     476:	80 91 80 00 	lds	r24, 0x0080	; 0x800080 <__DATA_REGION_ORIGIN__+0x20>
     47a:	8f 7d       	andi	r24, 0xDF	; 223
     47c:	03 c0       	rjmp	.+6      	; 0x484 <digitalWrite+0x6c>
C:\Users\luci\AppData\Local\Arduino15\packages\MiniCore\hardware\avr\3.1.1\cores\MCUdude_corefiles/wiring_digital.c:82
  switch (timer)
  {
    // Timer1
    #if defined(TCCR1A) && defined(COM1A1)
      case TIMER1A:
        TCCR1A &= ~_BV(COM1A1);
     47e:	80 91 80 00 	lds	r24, 0x0080	; 0x800080 <__DATA_REGION_ORIGIN__+0x20>
     482:	8f 77       	andi	r24, 0x7F	; 127
C:\Users\luci\AppData\Local\Arduino15\packages\MiniCore\hardware\avr\3.1.1\cores\MCUdude_corefiles/wiring_digital.c:87
        break;
    #endif
    #if defined(TCCR1A) && defined(COM1B1)
      case TIMER1B:
        TCCR1A &= ~_BV(COM1B1);
     484:	80 93 80 00 	sts	0x0080, r24	; 0x800080 <__DATA_REGION_ORIGIN__+0x20>
     488:	df cf       	rjmp	.-66     	; 0x448 <digitalWrite+0x30>
C:\Users\luci\AppData\Local\Arduino15\packages\MiniCore\hardware\avr\3.1.1\cores\MCUdude_corefiles/wiring_digital.c:104
        TCCR2 &= ~_BV(COM21);
        break;
    #endif
    #if defined(TCCR2A) && defined(COM2A1)
      case TIMER2A:
        TCCR2A &= ~_BV(COM2A1);
     48a:	80 91 b0 00 	lds	r24, 0x00B0	; 0x8000b0 <__DATA_REGION_ORIGIN__+0x50>
     48e:	8f 77       	andi	r24, 0x7F	; 127
C:\Users\luci\AppData\Local\Arduino15\packages\MiniCore\hardware\avr\3.1.1\cores\MCUdude_corefiles/wiring_digital.c:109
        break;
    #endif
    #if defined(TCCR2A) && defined(COM2B1)
      case TIMER2B:
        TCCR2A &= ~_BV(COM2B1);
     490:	80 93 b0 00 	sts	0x00B0, r24	; 0x8000b0 <__DATA_REGION_ORIGIN__+0x50>
     494:	d9 cf       	rjmp	.-78     	; 0x448 <digitalWrite+0x30>
     496:	80 91 b0 00 	lds	r24, 0x00B0	; 0x8000b0 <__DATA_REGION_ORIGIN__+0x50>
     49a:	8f 7d       	andi	r24, 0xDF	; 223
     49c:	f9 cf       	rjmp	.-14     	; 0x490 <digitalWrite+0x78>
C:\Users\luci\AppData\Local\Arduino15\packages\MiniCore\hardware\avr\3.1.1\cores\MCUdude_corefiles/wiring_digital.c:176
        TCCR0 &= ~_BV(COM01);
        break;
    #endif
    #if defined(TCCR0A) && defined(COM0A1)
      case TIMER0A:
        TCCR0A &= ~_BV(COM0A1);
     49e:	84 b5       	in	r24, 0x24	; 36
     4a0:	8f 77       	andi	r24, 0x7F	; 127
C:\Users\luci\AppData\Local\Arduino15\packages\MiniCore\hardware\avr\3.1.1\cores\MCUdude_corefiles/wiring_digital.c:181
        break;
    #endif
    #if defined(TCCR0A) && defined(COM0B1)
      case TIMER0B:
        TCCR0A &= ~_BV(COM0B1);
     4a2:	84 bd       	out	0x24, r24	; 36
     4a4:	d1 cf       	rjmp	.-94     	; 0x448 <digitalWrite+0x30>
     4a6:	84 b5       	in	r24, 0x24	; 36
     4a8:	8f 7d       	andi	r24, 0xDF	; 223
     4aa:	fb cf       	rjmp	.-10     	; 0x4a2 <digitalWrite+0x8a>
digitalWrite():
C:\Users\luci\AppData\Local\Arduino15\packages\MiniCore\hardware\avr\3.1.1\cores\MCUdude_corefiles/wiring_digital.c:208
  cli();

  if (val == LOW) {
    *out &= ~bit;
  } else {
    *out |= bit;
     4ac:	3e 2b       	or	r19, r30
     4ae:	da cf       	rjmp	.-76     	; 0x464 <digitalWrite+0x4c>

000004b0 <pinMode>:
pinMode():
C:\Users\luci\AppData\Local\Arduino15\packages\MiniCore\hardware\avr\3.1.1\cores\MCUdude_corefiles/wiring_digital.c:30
#define ARDUINO_MAIN
#include "wiring_private.h"
#include "pins_arduino.h"

void pinMode(uint8_t pin, uint8_t mode)
{
     4b0:	cf 93       	push	r28
     4b2:	df 93       	push	r29
C:\Users\luci\AppData\Local\Arduino15\packages\MiniCore\hardware\avr\3.1.1\cores\MCUdude_corefiles/wiring_digital.c:31
  uint8_t bit = digitalPinToBitMask(pin);
     4b4:	90 e0       	ldi	r25, 0x00	; 0
     4b6:	fc 01       	movw	r30, r24
     4b8:	e8 55       	subi	r30, 0x58	; 88
     4ba:	fc 4f       	sbci	r31, 0xFC	; 252
     4bc:	24 91       	lpm	r18, Z
C:\Users\luci\AppData\Local\Arduino15\packages\MiniCore\hardware\avr\3.1.1\cores\MCUdude_corefiles/wiring_digital.c:32
  uint8_t port = digitalPinToPort(pin);
     4be:	8f 56       	subi	r24, 0x6F	; 111
     4c0:	9c 4f       	sbci	r25, 0xFC	; 252
     4c2:	fc 01       	movw	r30, r24
     4c4:	84 91       	lpm	r24, Z
C:\Users\luci\AppData\Local\Arduino15\packages\MiniCore\hardware\avr\3.1.1\cores\MCUdude_corefiles/wiring_digital.c:35
  volatile uint8_t *reg, *out;

  if (port == NOT_A_PIN) return;
     4c6:	88 23       	and	r24, r24
     4c8:	c9 f0       	breq	.+50     	; 0x4fc <pinMode+0x4c>
C:\Users\luci\AppData\Local\Arduino15\packages\MiniCore\hardware\avr\3.1.1\cores\MCUdude_corefiles/wiring_digital.c:38

  // JWS: can I let the optimizer do this?
  reg = portModeRegister(port);
     4ca:	90 e0       	ldi	r25, 0x00	; 0
     4cc:	88 0f       	add	r24, r24
     4ce:	99 1f       	adc	r25, r25
     4d0:	fc 01       	movw	r30, r24
     4d2:	ed 5a       	subi	r30, 0xAD	; 173
     4d4:	fc 4f       	sbci	r31, 0xFC	; 252
     4d6:	a5 91       	lpm	r26, Z+
     4d8:	b4 91       	lpm	r27, Z
C:\Users\luci\AppData\Local\Arduino15\packages\MiniCore\hardware\avr\3.1.1\cores\MCUdude_corefiles/wiring_digital.c:39
  out = portOutputRegister(port);
     4da:	fc 01       	movw	r30, r24
     4dc:	e9 57       	subi	r30, 0x79	; 121
     4de:	fc 4f       	sbci	r31, 0xFC	; 252
     4e0:	c5 91       	lpm	r28, Z+
     4e2:	d4 91       	lpm	r29, Z
C:\Users\luci\AppData\Local\Arduino15\packages\MiniCore\hardware\avr\3.1.1\cores\MCUdude_corefiles/wiring_digital.c:41

  if (mode == INPUT) { 
     4e4:	61 11       	cpse	r22, r1
     4e6:	0d c0       	rjmp	.+26     	; 0x502 <pinMode+0x52>
C:\Users\luci\AppData\Local\Arduino15\packages\MiniCore\hardware\avr\3.1.1\cores\MCUdude_corefiles/wiring_digital.c:42
    uint8_t oldSREG = SREG;
     4e8:	9f b7       	in	r25, 0x3f	; 63
C:\Users\luci\AppData\Local\Arduino15\packages\MiniCore\hardware\avr\3.1.1\cores\MCUdude_corefiles/wiring_digital.c:43
    cli();
     4ea:	f8 94       	cli
C:\Users\luci\AppData\Local\Arduino15\packages\MiniCore\hardware\avr\3.1.1\cores\MCUdude_corefiles/wiring_digital.c:44
    *reg &= ~bit;
     4ec:	8c 91       	ld	r24, X
     4ee:	20 95       	com	r18
     4f0:	82 23       	and	r24, r18
     4f2:	8c 93       	st	X, r24
C:\Users\luci\AppData\Local\Arduino15\packages\MiniCore\hardware\avr\3.1.1\cores\MCUdude_corefiles/wiring_digital.c:45
    *out &= ~bit;
     4f4:	88 81       	ld	r24, Y
     4f6:	28 23       	and	r18, r24
C:\Users\luci\AppData\Local\Arduino15\packages\MiniCore\hardware\avr\3.1.1\cores\MCUdude_corefiles/wiring_digital.c:51
    SREG = oldSREG;
  } else if (mode == INPUT_PULLUP) {
    uint8_t oldSREG = SREG;
    cli();
    *reg &= ~bit;
    *out |= bit;
     4f8:	28 83       	st	Y, r18
C:\Users\luci\AppData\Local\Arduino15\packages\MiniCore\hardware\avr\3.1.1\cores\MCUdude_corefiles/wiring_digital.c:52
    SREG = oldSREG;
     4fa:	9f bf       	out	0x3f, r25	; 63
C:\Users\luci\AppData\Local\Arduino15\packages\MiniCore\hardware\avr\3.1.1\cores\MCUdude_corefiles/wiring_digital.c:59
    uint8_t oldSREG = SREG;
    cli();
    *reg |= bit;
    SREG = oldSREG;
  }
}
     4fc:	df 91       	pop	r29
     4fe:	cf 91       	pop	r28
     500:	08 95       	ret
C:\Users\luci\AppData\Local\Arduino15\packages\MiniCore\hardware\avr\3.1.1\cores\MCUdude_corefiles/wiring_digital.c:47
    uint8_t oldSREG = SREG;
    cli();
    *reg &= ~bit;
    *out &= ~bit;
    SREG = oldSREG;
  } else if (mode == INPUT_PULLUP) {
     502:	62 30       	cpi	r22, 0x02	; 2
     504:	51 f4       	brne	.+20     	; 0x51a <pinMode+0x6a>
C:\Users\luci\AppData\Local\Arduino15\packages\MiniCore\hardware\avr\3.1.1\cores\MCUdude_corefiles/wiring_digital.c:48
    uint8_t oldSREG = SREG;
     506:	9f b7       	in	r25, 0x3f	; 63
C:\Users\luci\AppData\Local\Arduino15\packages\MiniCore\hardware\avr\3.1.1\cores\MCUdude_corefiles/wiring_digital.c:49
    cli();
     508:	f8 94       	cli
C:\Users\luci\AppData\Local\Arduino15\packages\MiniCore\hardware\avr\3.1.1\cores\MCUdude_corefiles/wiring_digital.c:50
    *reg &= ~bit;
     50a:	3c 91       	ld	r19, X
     50c:	82 2f       	mov	r24, r18
     50e:	80 95       	com	r24
     510:	83 23       	and	r24, r19
     512:	8c 93       	st	X, r24
C:\Users\luci\AppData\Local\Arduino15\packages\MiniCore\hardware\avr\3.1.1\cores\MCUdude_corefiles/wiring_digital.c:51
    *out |= bit;
     514:	e8 81       	ld	r30, Y
     516:	2e 2b       	or	r18, r30
     518:	ef cf       	rjmp	.-34     	; 0x4f8 <pinMode+0x48>
C:\Users\luci\AppData\Local\Arduino15\packages\MiniCore\hardware\avr\3.1.1\cores\MCUdude_corefiles/wiring_digital.c:54
    SREG = oldSREG;
  } else {
    uint8_t oldSREG = SREG;
     51a:	8f b7       	in	r24, 0x3f	; 63
C:\Users\luci\AppData\Local\Arduino15\packages\MiniCore\hardware\avr\3.1.1\cores\MCUdude_corefiles/wiring_digital.c:55
    cli();
     51c:	f8 94       	cli
C:\Users\luci\AppData\Local\Arduino15\packages\MiniCore\hardware\avr\3.1.1\cores\MCUdude_corefiles/wiring_digital.c:56
    *reg |= bit;
     51e:	ec 91       	ld	r30, X
     520:	2e 2b       	or	r18, r30
     522:	2c 93       	st	X, r18
C:\Users\luci\AppData\Local\Arduino15\packages\MiniCore\hardware\avr\3.1.1\cores\MCUdude_corefiles/wiring_digital.c:57
    SREG = oldSREG;
     524:	8f bf       	out	0x3f, r24	; 63
     526:	ea cf       	rjmp	.-44     	; 0x4fc <pinMode+0x4c>

00000528 <micros>:
micros():
C:\Users\luci\AppData\Local\Arduino15\packages\MiniCore\hardware\avr\3.1.1\cores\MCUdude_corefiles/wiring.c:237
  unsigned char f; // temporary storage for millis fraction counter
  unsigned char q = 0; // record whether an overflow is flagged
#endif
  // t will be the number where the timer0 counter stopped
  uint8_t t;
  uint8_t oldSREG = SREG;
     528:	3f b7       	in	r19, 0x3f	; 63
C:\Users\luci\AppData\Local\Arduino15\packages\MiniCore\hardware\avr\3.1.1\cores\MCUdude_corefiles/wiring.c:240

  // Stop all interrupts
  cli();
     52a:	f8 94       	cli
C:\Users\luci\AppData\Local\Arduino15\packages\MiniCore\hardware\avr\3.1.1\cores\MCUdude_corefiles/wiring.c:247
#ifdef CORRECT_EXACT_MICROS
  // combine exact millisec and 8usec counters
  m = timer0_millis;
  f = timer0_fract;
#else
  m = timer0_overflow_count;
     52c:	80 91 3d 04 	lds	r24, 0x043D	; 0x80043d <timer0_overflow_count>
     530:	90 91 3e 04 	lds	r25, 0x043E	; 0x80043e <timer0_overflow_count+0x1>
     534:	a0 91 3f 04 	lds	r26, 0x043F	; 0x80043f <timer0_overflow_count+0x2>
     538:	b0 91 40 04 	lds	r27, 0x0440	; 0x800440 <timer0_overflow_count+0x3>
C:\Users\luci\AppData\Local\Arduino15\packages\MiniCore\hardware\avr\3.1.1\cores\MCUdude_corefiles/wiring.c:252
#endif

  // TCNT0 : The Timer Counter Register
#if defined(TCNT0)
  t = TCNT0;
     53c:	26 b5       	in	r18, 0x26	; 38
C:\Users\luci\AppData\Local\Arduino15\packages\MiniCore\hardware\avr\3.1.1\cores\MCUdude_corefiles/wiring.c:261
  #error TIMER 0 not defined
#endif

  // Timer0 Interrupt Flag Register
#ifdef TIFR0
  if ((TIFR0 & _BV(TOV0)) && (t < 255))
     53e:	a8 9b       	sbis	0x15, 0	; 21
     540:	05 c0       	rjmp	.+10     	; 0x54c <micros+0x24>
     542:	2f 3f       	cpi	r18, 0xFF	; 255
     544:	19 f0       	breq	.+6      	; 0x54c <micros+0x24>
C:\Users\luci\AppData\Local\Arduino15\packages\MiniCore\hardware\avr\3.1.1\cores\MCUdude_corefiles/wiring.c:263
#ifndef CORRECT_EXACT_MICROS
    m++;
     546:	01 96       	adiw	r24, 0x01	; 1
     548:	a1 1d       	adc	r26, r1
     54a:	b1 1d       	adc	r27, r1
C:\Users\luci\AppData\Local\Arduino15\packages\MiniCore\hardware\avr\3.1.1\cores\MCUdude_corefiles/wiring.c:276
#else
    q = 1;
#endif
#endif
  // Restore SREG
  SREG = oldSREG;
     54c:	3f bf       	out	0x3f, r19	; 63
C:\Users\luci\AppData\Local\Arduino15\packages\MiniCore\hardware\avr\3.1.1\cores\MCUdude_corefiles/wiring.c:292
      ((t * MICROSECONDS_PER_TIMER0_OVERFLOW) >> 8);
  return q ? m + MICROSECONDS_PER_TIMER0_OVERFLOW : m;
#elif 1
  /* All power-of-two Megahertz frequencies enter here, as well as 12.8 MHz.
     We only end up here if right shift before multiplication is exact. */
  return ((m << 8) + t) * (MICROSECONDS_PER_TIMER0_OVERFLOW >> 8);
     54e:	ba 2f       	mov	r27, r26
     550:	a9 2f       	mov	r26, r25
     552:	98 2f       	mov	r25, r24
     554:	88 27       	eor	r24, r24
     556:	bc 01       	movw	r22, r24
     558:	cd 01       	movw	r24, r26
     55a:	62 0f       	add	r22, r18
     55c:	71 1d       	adc	r23, r1
     55e:	81 1d       	adc	r24, r1
     560:	91 1d       	adc	r25, r1
     562:	42 e0       	ldi	r20, 0x02	; 2
     564:	66 0f       	add	r22, r22
     566:	77 1f       	adc	r23, r23
     568:	88 1f       	adc	r24, r24
     56a:	99 1f       	adc	r25, r25
     56c:	4a 95       	dec	r20
     56e:	d1 f7       	brne	.-12     	; 0x564 <micros+0x3c>
C:\Users\luci\AppData\Local\Arduino15\packages\MiniCore\hardware\avr\3.1.1\cores\MCUdude_corefiles/wiring.c:393
  // m & t are multiplied by 4 (since it was already multiplied by 256)
  // t is multiplied by 4
  return ((m << 8) + t) * (64 / clockCyclesPerMicrosecond());
#endif
#endif // 0
}
     570:	08 95       	ret

00000572 <delay>:
delay():
C:\Users\luci\AppData\Local\Arduino15\packages\MiniCore\hardware\avr\3.1.1\cores\MCUdude_corefiles/wiring.c:396

void delay(unsigned long ms)
{
     572:	8f 92       	push	r8
     574:	9f 92       	push	r9
     576:	af 92       	push	r10
     578:	bf 92       	push	r11
     57a:	cf 92       	push	r12
     57c:	df 92       	push	r13
     57e:	ef 92       	push	r14
     580:	ff 92       	push	r15
     582:	4b 01       	movw	r8, r22
     584:	5c 01       	movw	r10, r24
C:\Users\luci\AppData\Local\Arduino15\packages\MiniCore\hardware\avr\3.1.1\cores\MCUdude_corefiles/wiring.c:397
  unsigned long start = micros();
     586:	0e 94 94 02 	call	0x528	; 0x528 <micros>
     58a:	6b 01       	movw	r12, r22
     58c:	7c 01       	movw	r14, r24
yield():
D:\projects\arduino\figaro\OnlineGasDetector_FIGARO/ArduinoHelper.ino:18
  }
  return false;
}

void yield() {
  wdt_reset();
     58e:	a8 95       	wdr
delay():
C:\Users\luci\AppData\Local\Arduino15\packages\MiniCore\hardware\avr\3.1.1\cores\MCUdude_corefiles/wiring.c:401

  while (ms > 0UL) {
    yield();
    while (ms > 0UL && (micros() - start) >= 1000UL) {
     590:	0e 94 94 02 	call	0x528	; 0x528 <micros>
     594:	6c 19       	sub	r22, r12
     596:	7d 09       	sbc	r23, r13
     598:	8e 09       	sbc	r24, r14
     59a:	9f 09       	sbc	r25, r15
     59c:	68 3e       	cpi	r22, 0xE8	; 232
     59e:	73 40       	sbci	r23, 0x03	; 3
     5a0:	81 05       	cpc	r24, r1
     5a2:	91 05       	cpc	r25, r1
     5a4:	a0 f3       	brcs	.-24     	; 0x58e <delay+0x1c>
C:\Users\luci\AppData\Local\Arduino15\packages\MiniCore\hardware\avr\3.1.1\cores\MCUdude_corefiles/wiring.c:402
      ms--;
     5a6:	21 e0       	ldi	r18, 0x01	; 1
     5a8:	82 1a       	sub	r8, r18
     5aa:	91 08       	sbc	r9, r1
     5ac:	a1 08       	sbc	r10, r1
     5ae:	b1 08       	sbc	r11, r1
C:\Users\luci\AppData\Local\Arduino15\packages\MiniCore\hardware\avr\3.1.1\cores\MCUdude_corefiles/wiring.c:403
      start += 1000UL;
     5b0:	88 ee       	ldi	r24, 0xE8	; 232
     5b2:	c8 0e       	add	r12, r24
     5b4:	83 e0       	ldi	r24, 0x03	; 3
     5b6:	d8 1e       	adc	r13, r24
     5b8:	e1 1c       	adc	r14, r1
     5ba:	f1 1c       	adc	r15, r1
C:\Users\luci\AppData\Local\Arduino15\packages\MiniCore\hardware\avr\3.1.1\cores\MCUdude_corefiles/wiring.c:401
{
  unsigned long start = micros();

  while (ms > 0UL) {
    yield();
    while (ms > 0UL && (micros() - start) >= 1000UL) {
     5bc:	81 14       	cp	r8, r1
     5be:	91 04       	cpc	r9, r1
     5c0:	a1 04       	cpc	r10, r1
     5c2:	b1 04       	cpc	r11, r1
     5c4:	29 f7       	brne	.-54     	; 0x590 <delay+0x1e>
C:\Users\luci\AppData\Local\Arduino15\packages\MiniCore\hardware\avr\3.1.1\cores\MCUdude_corefiles/wiring.c:406
      ms--;
      start += 1000UL;
    }
  }
}
     5c6:	ff 90       	pop	r15
     5c8:	ef 90       	pop	r14
     5ca:	df 90       	pop	r13
     5cc:	cf 90       	pop	r12
     5ce:	bf 90       	pop	r11
     5d0:	af 90       	pop	r10
     5d2:	9f 90       	pop	r9
     5d4:	8f 90       	pop	r8
     5d6:	08 95       	ret

000005d8 <millis>:
millis():
C:\Users\luci\AppData\Local\Arduino15\packages\MiniCore\hardware\avr\3.1.1\cores\MCUdude_corefiles/wiring.c:218
}

unsigned long millis()
{
  unsigned long m;
  uint8_t oldSREG = SREG;
     5d8:	2f b7       	in	r18, 0x3f	; 63
C:\Users\luci\AppData\Local\Arduino15\packages\MiniCore\hardware\avr\3.1.1\cores\MCUdude_corefiles/wiring.c:222

  // disable interrupts while we read timer0_millis or we might get an
  // inconsistent value (e.g. in the middle of a write to timer0_millis)
  cli();
     5da:	f8 94       	cli
C:\Users\luci\AppData\Local\Arduino15\packages\MiniCore\hardware\avr\3.1.1\cores\MCUdude_corefiles/wiring.c:223
  m = timer0_millis;
     5dc:	60 91 39 04 	lds	r22, 0x0439	; 0x800439 <timer0_millis>
     5e0:	70 91 3a 04 	lds	r23, 0x043A	; 0x80043a <timer0_millis+0x1>
     5e4:	80 91 3b 04 	lds	r24, 0x043B	; 0x80043b <timer0_millis+0x2>
     5e8:	90 91 3c 04 	lds	r25, 0x043C	; 0x80043c <timer0_millis+0x3>
C:\Users\luci\AppData\Local\Arduino15\packages\MiniCore\hardware\avr\3.1.1\cores\MCUdude_corefiles/wiring.c:224
  SREG = oldSREG;
     5ec:	2f bf       	out	0x3f, r18	; 63
C:\Users\luci\AppData\Local\Arduino15\packages\MiniCore\hardware\avr\3.1.1\cores\MCUdude_corefiles/wiring.c:227

  return m;
}
     5ee:	08 95       	ret

000005f0 <TestButtonPressEvent()>:
TestButtonPressEvent():
D:\projects\arduino\figaro\OnlineGasDetector_FIGARO/ArduinoHelper.ino:51
    SetBuzzerState(0);
  }
}

void TestButtonPressEvent() {
  TestAlertIsActive = true;
     5f0:	81 e0       	ldi	r24, 0x01	; 1
     5f2:	80 93 2f 04 	sts	0x042F, r24	; 0x80042f <TestAlertIsActive>
D:\projects\arduino\figaro\OnlineGasDetector_FIGARO/ArduinoHelper.ino:52
  AlertIsActive = true;
     5f6:	80 93 26 04 	sts	0x0426, r24	; 0x800426 <AlertIsActive>
D:\projects\arduino\figaro\OnlineGasDetector_FIGARO/ArduinoHelper.ino:53
  NeedForSendRequest = true;
     5fa:	80 93 1c 04 	sts	0x041C, r24	; 0x80041c <NeedForSendRequest>
D:\projects\arduino\figaro\OnlineGasDetector_FIGARO/ArduinoHelper.ino:54
  LedDebounceCount = 0;
     5fe:	10 92 16 04 	sts	0x0416, r1	; 0x800416 <LedDebounceCount+0x1>
     602:	10 92 15 04 	sts	0x0415, r1	; 0x800415 <LedDebounceCount>
D:\projects\arduino\figaro\OnlineGasDetector_FIGARO/ArduinoHelper.ino:55
  BuzzerDebounceCount = 0;
     606:	10 92 13 04 	sts	0x0413, r1	; 0x800413 <BuzzerDebounceCount+0x1>
     60a:	10 92 12 04 	sts	0x0412, r1	; 0x800412 <BuzzerDebounceCount>
D:\projects\arduino\figaro\OnlineGasDetector_FIGARO/ArduinoHelper.ino:57
  SendRequestDebounceCount = 0;
}
     60e:	08 95       	ret

00000610 <String::StringIfHelper() const>:
StringIfHelper():
C:\Users\luci\AppData\Local\Arduino15\packages\MiniCore\hardware\avr\3.1.1\cores\MCUdude_corefiles/WString.h:51
{
  // use a function pointer to allow for "if (s)" without the
  // complications of an operator bool(). for more information, see:
  // http://www.artima.com/cppsource/safebool.html
  typedef void (String::*StringIfHelperType)() const;
  void StringIfHelper() const {}
     610:	08 95       	ret

00000612 <nothing>:
nothing():
C:\Users\luci\AppData\Local\Arduino15\packages\MiniCore\hardware\avr\3.1.1\cores\MCUdude_corefiles/WInterrupts.c:36

#include "wiring_private.h"

static void nothing(void)
{
}
     612:	08 95       	ret

00000614 <Print::print(__FlashStringHelper const*)>:
print():
C:\Users\luci\AppData\Local\Arduino15\packages\MiniCore\hardware\avr\3.1.1\cores\MCUdude_corefiles/Print.cpp:45
  }
  return n;
}

size_t Print::print(const __FlashStringHelper *ifsh)
{
     614:	ef 92       	push	r14
     616:	ff 92       	push	r15
     618:	0f 93       	push	r16
     61a:	1f 93       	push	r17
     61c:	cf 93       	push	r28
     61e:	df 93       	push	r29
     620:	8c 01       	movw	r16, r24
     622:	7b 01       	movw	r14, r22
C:\Users\luci\AppData\Local\Arduino15\packages\MiniCore\hardware\avr\3.1.1\cores\MCUdude_corefiles/Print.cpp:47
  PGM_P p = reinterpret_cast<PGM_P>(ifsh);
  size_t n = 0;
     624:	d0 e0       	ldi	r29, 0x00	; 0
     626:	c0 e0       	ldi	r28, 0x00	; 0
C:\Users\luci\AppData\Local\Arduino15\packages\MiniCore\hardware\avr\3.1.1\cores\MCUdude_corefiles/Print.cpp:49
  while (1) {
    unsigned char c = pgm_read_byte(p++);
     628:	f7 01       	movw	r30, r14
     62a:	ec 0f       	add	r30, r28
     62c:	fd 1f       	adc	r31, r29
     62e:	64 91       	lpm	r22, Z
C:\Users\luci\AppData\Local\Arduino15\packages\MiniCore\hardware\avr\3.1.1\cores\MCUdude_corefiles/Print.cpp:50
    if (c == 0) break;
     630:	66 23       	and	r22, r22
     632:	61 f0       	breq	.+24     	; 0x64c <Print::print(__FlashStringHelper const*)+0x38>
C:\Users\luci\AppData\Local\Arduino15\packages\MiniCore\hardware\avr\3.1.1\cores\MCUdude_corefiles/Print.cpp:51
    if (write(c)) n++;
     634:	d8 01       	movw	r26, r16
     636:	ed 91       	ld	r30, X+
     638:	fc 91       	ld	r31, X
     63a:	01 90       	ld	r0, Z+
     63c:	f0 81       	ld	r31, Z
     63e:	e0 2d       	mov	r30, r0
     640:	c8 01       	movw	r24, r16
     642:	09 95       	icall
     644:	89 2b       	or	r24, r25
     646:	11 f0       	breq	.+4      	; 0x64c <Print::print(__FlashStringHelper const*)+0x38>
     648:	21 96       	adiw	r28, 0x01	; 1
     64a:	ee cf       	rjmp	.-36     	; 0x628 <Print::print(__FlashStringHelper const*)+0x14>
C:\Users\luci\AppData\Local\Arduino15\packages\MiniCore\hardware\avr\3.1.1\cores\MCUdude_corefiles/Print.cpp:55
    else break;
  }
  return n;
}
     64c:	ce 01       	movw	r24, r28
     64e:	df 91       	pop	r29
     650:	cf 91       	pop	r28
     652:	1f 91       	pop	r17
     654:	0f 91       	pop	r16
     656:	ff 90       	pop	r15
     658:	ef 90       	pop	r14
     65a:	08 95       	ret

0000065c <Print::write(unsigned char const*, unsigned int)>:
write():
C:\Users\luci\AppData\Local\Arduino15\packages\MiniCore\hardware\avr\3.1.1\cores\MCUdude_corefiles/Print.cpp:35

// Public Methods //////////////////////////////////////////////////////////////

/* default implementation: may be overridden */
size_t Print::write(const uint8_t *buffer, size_t size)
{
     65c:	af 92       	push	r10
     65e:	bf 92       	push	r11
     660:	cf 92       	push	r12
     662:	df 92       	push	r13
     664:	ef 92       	push	r14
     666:	ff 92       	push	r15
     668:	0f 93       	push	r16
     66a:	1f 93       	push	r17
     66c:	cf 93       	push	r28
     66e:	df 93       	push	r29
     670:	6c 01       	movw	r12, r24
     672:	7b 01       	movw	r14, r22
     674:	8b 01       	movw	r16, r22
     676:	04 0f       	add	r16, r20
     678:	15 1f       	adc	r17, r21
     67a:	eb 01       	movw	r28, r22
     67c:	5e 01       	movw	r10, r28
     67e:	ae 18       	sub	r10, r14
     680:	bf 08       	sbc	r11, r15
C:\Users\luci\AppData\Local\Arduino15\packages\MiniCore\hardware\avr\3.1.1\cores\MCUdude_corefiles/Print.cpp:37
  size_t n = 0;
  while (size--) {
     682:	c0 17       	cp	r28, r16
     684:	d1 07       	cpc	r29, r17
     686:	59 f0       	breq	.+22     	; 0x69e <Print::write(unsigned char const*, unsigned int)+0x42>
C:\Users\luci\AppData\Local\Arduino15\packages\MiniCore\hardware\avr\3.1.1\cores\MCUdude_corefiles/Print.cpp:38
    if (write(*buffer++)) n++;
     688:	69 91       	ld	r22, Y+
     68a:	d6 01       	movw	r26, r12
     68c:	ed 91       	ld	r30, X+
     68e:	fc 91       	ld	r31, X
     690:	01 90       	ld	r0, Z+
     692:	f0 81       	ld	r31, Z
     694:	e0 2d       	mov	r30, r0
     696:	c6 01       	movw	r24, r12
     698:	09 95       	icall
     69a:	89 2b       	or	r24, r25
     69c:	79 f7       	brne	.-34     	; 0x67c <Print::write(unsigned char const*, unsigned int)+0x20>
C:\Users\luci\AppData\Local\Arduino15\packages\MiniCore\hardware\avr\3.1.1\cores\MCUdude_corefiles/Print.cpp:42
    else break;
  }
  return n;
}
     69e:	c5 01       	movw	r24, r10
     6a0:	df 91       	pop	r29
     6a2:	cf 91       	pop	r28
     6a4:	1f 91       	pop	r17
     6a6:	0f 91       	pop	r16
     6a8:	ff 90       	pop	r15
     6aa:	ef 90       	pop	r14
     6ac:	df 90       	pop	r13
     6ae:	cf 90       	pop	r12
     6b0:	bf 90       	pop	r11
     6b2:	af 90       	pop	r10
     6b4:	08 95       	ret

000006b6 <HardwareSerial::availableForWrite()>:
availableForWrite():
C:\Users\luci\AppData\Local\Arduino15\packages\MiniCore\hardware\avr\3.1.1\cores\MCUdude_corefiles/HardwareSerial.cpp:195
{
  tx_buffer_index_t head;
  tx_buffer_index_t tail;

  TX_BUFFER_ATOMIC {
    head = _tx_buffer_head;
     6b6:	fc 01       	movw	r30, r24
     6b8:	53 8d       	ldd	r21, Z+27	; 0x1b
C:\Users\luci\AppData\Local\Arduino15\packages\MiniCore\hardware\avr\3.1.1\cores\MCUdude_corefiles/HardwareSerial.cpp:196
    tail = _tx_buffer_tail;
     6ba:	44 8d       	ldd	r20, Z+28	; 0x1c
     6bc:	25 2f       	mov	r18, r21
     6be:	30 e0       	ldi	r19, 0x00	; 0
     6c0:	84 2f       	mov	r24, r20
     6c2:	90 e0       	ldi	r25, 0x00	; 0
C:\Users\luci\AppData\Local\Arduino15\packages\MiniCore\hardware\avr\3.1.1\cores\MCUdude_corefiles/HardwareSerial.cpp:198
  }
  if (head >= tail) return SERIAL_TX_BUFFER_SIZE - 1 - head + tail;
     6c4:	82 1b       	sub	r24, r18
     6c6:	93 0b       	sbc	r25, r19
     6c8:	54 17       	cp	r21, r20
     6ca:	10 f0       	brcs	.+4      	; 0x6d0 <HardwareSerial::availableForWrite()+0x1a>
     6cc:	cf 96       	adiw	r24, 0x3f	; 63
     6ce:	08 95       	ret
C:\Users\luci\AppData\Local\Arduino15\packages\MiniCore\hardware\avr\3.1.1\cores\MCUdude_corefiles/HardwareSerial.cpp:199
  return tail - head - 1;
     6d0:	01 97       	sbiw	r24, 0x01	; 1
C:\Users\luci\AppData\Local\Arduino15\packages\MiniCore\hardware\avr\3.1.1\cores\MCUdude_corefiles/HardwareSerial.cpp:200
}
     6d2:	08 95       	ret

000006d4 <HardwareSerial::read()>:
read():
C:\Users\luci\AppData\Local\Arduino15\packages\MiniCore\hardware\avr\3.1.1\cores\MCUdude_corefiles/HardwareSerial.cpp:178
    return _rx_buffer[_rx_buffer_tail];
  }
}

int HardwareSerial::read(void)
{
     6d4:	fc 01       	movw	r30, r24
C:\Users\luci\AppData\Local\Arduino15\packages\MiniCore\hardware\avr\3.1.1\cores\MCUdude_corefiles/HardwareSerial.cpp:180
  // if the head isn't ahead of the tail, we don't have any characters
  if (_rx_buffer_head == _rx_buffer_tail) {
     6d6:	91 8d       	ldd	r25, Z+25	; 0x19
     6d8:	82 8d       	ldd	r24, Z+26	; 0x1a
     6da:	98 17       	cp	r25, r24
     6dc:	61 f0       	breq	.+24     	; 0x6f6 <HardwareSerial::read()+0x22>
C:\Users\luci\AppData\Local\Arduino15\packages\MiniCore\hardware\avr\3.1.1\cores\MCUdude_corefiles/HardwareSerial.cpp:183
    return -1;
  } else {
    unsigned char c = _rx_buffer[_rx_buffer_tail];
     6de:	a2 8d       	ldd	r26, Z+26	; 0x1a
     6e0:	ae 0f       	add	r26, r30
     6e2:	bf 2f       	mov	r27, r31
     6e4:	b1 1d       	adc	r27, r1
     6e6:	5d 96       	adiw	r26, 0x1d	; 29
     6e8:	8c 91       	ld	r24, X
C:\Users\luci\AppData\Local\Arduino15\packages\MiniCore\hardware\avr\3.1.1\cores\MCUdude_corefiles/HardwareSerial.cpp:184
    _rx_buffer_tail = (rx_buffer_index_t)(_rx_buffer_tail + 1) % SERIAL_RX_BUFFER_SIZE;
     6ea:	92 8d       	ldd	r25, Z+26	; 0x1a
     6ec:	9f 5f       	subi	r25, 0xFF	; 255
     6ee:	9f 73       	andi	r25, 0x3F	; 63
     6f0:	92 8f       	std	Z+26, r25	; 0x1a
C:\Users\luci\AppData\Local\Arduino15\packages\MiniCore\hardware\avr\3.1.1\cores\MCUdude_corefiles/HardwareSerial.cpp:185
    return c;
     6f2:	90 e0       	ldi	r25, 0x00	; 0
     6f4:	08 95       	ret
C:\Users\luci\AppData\Local\Arduino15\packages\MiniCore\hardware\avr\3.1.1\cores\MCUdude_corefiles/HardwareSerial.cpp:181

int HardwareSerial::read(void)
{
  // if the head isn't ahead of the tail, we don't have any characters
  if (_rx_buffer_head == _rx_buffer_tail) {
    return -1;
     6f6:	8f ef       	ldi	r24, 0xFF	; 255
     6f8:	9f ef       	ldi	r25, 0xFF	; 255
C:\Users\luci\AppData\Local\Arduino15\packages\MiniCore\hardware\avr\3.1.1\cores\MCUdude_corefiles/HardwareSerial.cpp:187
  } else {
    unsigned char c = _rx_buffer[_rx_buffer_tail];
    _rx_buffer_tail = (rx_buffer_index_t)(_rx_buffer_tail + 1) % SERIAL_RX_BUFFER_SIZE;
    return c;
  }
}
     6fa:	08 95       	ret

000006fc <HardwareSerial::peek()>:
peek():
C:\Users\luci\AppData\Local\Arduino15\packages\MiniCore\hardware\avr\3.1.1\cores\MCUdude_corefiles/HardwareSerial.cpp:169
{
  return ((unsigned int)(SERIAL_RX_BUFFER_SIZE + _rx_buffer_head - _rx_buffer_tail)) % SERIAL_RX_BUFFER_SIZE;
}

int HardwareSerial::peek(void)
{
     6fc:	fc 01       	movw	r30, r24
C:\Users\luci\AppData\Local\Arduino15\packages\MiniCore\hardware\avr\3.1.1\cores\MCUdude_corefiles/HardwareSerial.cpp:170
  if (_rx_buffer_head == _rx_buffer_tail) {
     6fe:	91 8d       	ldd	r25, Z+25	; 0x19
     700:	82 8d       	ldd	r24, Z+26	; 0x1a
     702:	98 17       	cp	r25, r24
     704:	31 f0       	breq	.+12     	; 0x712 <HardwareSerial::peek()+0x16>
C:\Users\luci\AppData\Local\Arduino15\packages\MiniCore\hardware\avr\3.1.1\cores\MCUdude_corefiles/HardwareSerial.cpp:173
    return -1;
  } else {
    return _rx_buffer[_rx_buffer_tail];
     706:	82 8d       	ldd	r24, Z+26	; 0x1a
     708:	e8 0f       	add	r30, r24
     70a:	f1 1d       	adc	r31, r1
     70c:	85 8d       	ldd	r24, Z+29	; 0x1d
     70e:	90 e0       	ldi	r25, 0x00	; 0
     710:	08 95       	ret
C:\Users\luci\AppData\Local\Arduino15\packages\MiniCore\hardware\avr\3.1.1\cores\MCUdude_corefiles/HardwareSerial.cpp:171
}

int HardwareSerial::peek(void)
{
  if (_rx_buffer_head == _rx_buffer_tail) {
    return -1;
     712:	8f ef       	ldi	r24, 0xFF	; 255
     714:	9f ef       	ldi	r25, 0xFF	; 255
C:\Users\luci\AppData\Local\Arduino15\packages\MiniCore\hardware\avr\3.1.1\cores\MCUdude_corefiles/HardwareSerial.cpp:175
  } else {
    return _rx_buffer[_rx_buffer_tail];
  }
}
     716:	08 95       	ret

00000718 <HardwareSerial::available()>:
available():
C:\Users\luci\AppData\Local\Arduino15\packages\MiniCore\hardware\avr\3.1.1\cores\MCUdude_corefiles/HardwareSerial.cpp:164
  // clear any received data
  _rx_buffer_head = _rx_buffer_tail;
}

int HardwareSerial::available(void)
{
     718:	fc 01       	movw	r30, r24
C:\Users\luci\AppData\Local\Arduino15\packages\MiniCore\hardware\avr\3.1.1\cores\MCUdude_corefiles/HardwareSerial.cpp:165
  return ((unsigned int)(SERIAL_RX_BUFFER_SIZE + _rx_buffer_head - _rx_buffer_tail)) % SERIAL_RX_BUFFER_SIZE;
     71a:	91 8d       	ldd	r25, Z+25	; 0x19
     71c:	22 8d       	ldd	r18, Z+26	; 0x1a
     71e:	89 2f       	mov	r24, r25
     720:	90 e0       	ldi	r25, 0x00	; 0
     722:	80 5c       	subi	r24, 0xC0	; 192
     724:	9f 4f       	sbci	r25, 0xFF	; 255
     726:	82 1b       	sub	r24, r18
     728:	91 09       	sbc	r25, r1
C:\Users\luci\AppData\Local\Arduino15\packages\MiniCore\hardware\avr\3.1.1\cores\MCUdude_corefiles/HardwareSerial.cpp:166
}
     72a:	8f 73       	andi	r24, 0x3F	; 63
     72c:	99 27       	eor	r25, r25
     72e:	08 95       	ret

00000730 <Serial0_available()>:
Serial0_available():
C:\Users\luci\AppData\Local\Arduino15\packages\MiniCore\hardware\avr\3.1.1\cores\MCUdude_corefiles/HardwareSerial0.cpp:76
#endif

// Function that can be weakly referenced by serialEventRun to prevent
// pulling in this file if it's not otherwise used.
bool Serial0_available() {
  return Serial.available();
     730:	81 e4       	ldi	r24, 0x41	; 65
     732:	94 e0       	ldi	r25, 0x04	; 4
     734:	0e 94 8c 03 	call	0x718	; 0x718 <HardwareSerial::available()>
     738:	21 e0       	ldi	r18, 0x01	; 1
     73a:	89 2b       	or	r24, r25
     73c:	09 f4       	brne	.+2      	; 0x740 <Serial0_available()+0x10>
     73e:	20 e0       	ldi	r18, 0x00	; 0
C:\Users\luci\AppData\Local\Arduino15\packages\MiniCore\hardware\avr\3.1.1\cores\MCUdude_corefiles/HardwareSerial0.cpp:77
}
     740:	82 2f       	mov	r24, r18
     742:	08 95       	ret

00000744 <serialEventRun()>:
serialEventRun():
C:\Users\luci\AppData\Local\Arduino15\packages\MiniCore\hardware\avr\3.1.1\cores\MCUdude_corefiles/HardwareSerial.cpp:67
#endif

void serialEventRun(void)
{
#if defined(HAVE_HWSERIAL0)
  if (Serial0_available && serialEvent && Serial0_available()) serialEvent();
     744:	80 e0       	ldi	r24, 0x00	; 0
     746:	90 e0       	ldi	r25, 0x00	; 0
     748:	89 2b       	or	r24, r25
     74a:	29 f0       	breq	.+10     	; 0x756 <serialEventRun()+0x12>
     74c:	0e 94 98 03 	call	0x730	; 0x730 <Serial0_available()>
     750:	81 11       	cpse	r24, r1
     752:	0c 94 00 00 	jmp	0	; 0x0 <__vectors>
C:\Users\luci\AppData\Local\Arduino15\packages\MiniCore\hardware\avr\3.1.1\cores\MCUdude_corefiles/HardwareSerial.cpp:78
  if (Serial2_available && serialEvent2 && Serial2_available()) serialEvent2();
#endif
#if defined(HAVE_HWSERIAL3)
  if (Serial3_available && serialEvent3 && Serial3_available()) serialEvent3();
#endif
}
     756:	08 95       	ret

00000758 <HardwareSerial::_tx_udr_empty_irq()>:
_tx_udr_empty_irq():
C:\Users\luci\AppData\Local\Arduino15\packages\MiniCore\hardware\avr\3.1.1\cores\MCUdude_corefiles/HardwareSerial.cpp:90
#endif

// Actual interrupt handlers //////////////////////////////////////////////////////////////

void HardwareSerial::_tx_udr_empty_irq(void)
{
     758:	fc 01       	movw	r30, r24
C:\Users\luci\AppData\Local\Arduino15\packages\MiniCore\hardware\avr\3.1.1\cores\MCUdude_corefiles/HardwareSerial.cpp:93
  // If interrupts are enabled, there must be more data in the output
  // buffer. Send the next byte
  unsigned char c = _tx_buffer[_tx_buffer_tail];
     75a:	a4 8d       	ldd	r26, Z+28	; 0x1c
     75c:	a8 0f       	add	r26, r24
     75e:	b9 2f       	mov	r27, r25
     760:	b1 1d       	adc	r27, r1
     762:	a3 5a       	subi	r26, 0xA3	; 163
     764:	bf 4f       	sbci	r27, 0xFF	; 255
     766:	2c 91       	ld	r18, X
C:\Users\luci\AppData\Local\Arduino15\packages\MiniCore\hardware\avr\3.1.1\cores\MCUdude_corefiles/HardwareSerial.cpp:94
  _tx_buffer_tail = (_tx_buffer_tail + 1) % SERIAL_TX_BUFFER_SIZE;
     768:	84 8d       	ldd	r24, Z+28	; 0x1c
     76a:	90 e0       	ldi	r25, 0x00	; 0
     76c:	01 96       	adiw	r24, 0x01	; 1
     76e:	8f 73       	andi	r24, 0x3F	; 63
     770:	99 27       	eor	r25, r25
     772:	84 8f       	std	Z+28, r24	; 0x1c
C:\Users\luci\AppData\Local\Arduino15\packages\MiniCore\hardware\avr\3.1.1\cores\MCUdude_corefiles/HardwareSerial.cpp:96

  *_udr = c;
     774:	a6 89       	ldd	r26, Z+22	; 0x16
     776:	b7 89       	ldd	r27, Z+23	; 0x17
     778:	2c 93       	st	X, r18
C:\Users\luci\AppData\Local\Arduino15\packages\MiniCore\hardware\avr\3.1.1\cores\MCUdude_corefiles/HardwareSerial.cpp:104
  // location". This makes sure flush() won't return until the bytes
  // actually got written. Other r/w bits are preserved, and zeroes
  // written to the rest.

  #ifdef MPCM0
    *_ucsra = ((*_ucsra) & ((1 << U2X0) | (1 << MPCM0))) | (1 << TXC0);
     77a:	a0 89       	ldd	r26, Z+16	; 0x10
     77c:	b1 89       	ldd	r27, Z+17	; 0x11
     77e:	8c 91       	ld	r24, X
     780:	83 70       	andi	r24, 0x03	; 3
     782:	80 64       	ori	r24, 0x40	; 64
     784:	8c 93       	st	X, r24
C:\Users\luci\AppData\Local\Arduino15\packages\MiniCore\hardware\avr\3.1.1\cores\MCUdude_corefiles/HardwareSerial.cpp:109
  #else
    *_ucsra = ((*_ucsra) & ((1 << U2X0) | (1 << TXC0)));
  #endif

  if (_tx_buffer_head == _tx_buffer_tail) {
     786:	93 8d       	ldd	r25, Z+27	; 0x1b
     788:	84 8d       	ldd	r24, Z+28	; 0x1c
     78a:	98 13       	cpse	r25, r24
     78c:	06 c0       	rjmp	.+12     	; 0x79a <HardwareSerial::_tx_udr_empty_irq()+0x42>
C:\Users\luci\AppData\Local\Arduino15\packages\MiniCore\hardware\avr\3.1.1\cores\MCUdude_corefiles/HardwareSerial.cpp:111
    // Buffer empty, so disable interrupts
    *_ucsrb &= ~_BV(UDRIE0);
     78e:	02 88       	ldd	r0, Z+18	; 0x12
     790:	f3 89       	ldd	r31, Z+19	; 0x13
     792:	e0 2d       	mov	r30, r0
     794:	80 81       	ld	r24, Z
     796:	8f 7d       	andi	r24, 0xDF	; 223
     798:	80 83       	st	Z, r24
C:\Users\luci\AppData\Local\Arduino15\packages\MiniCore\hardware\avr\3.1.1\cores\MCUdude_corefiles/HardwareSerial.cpp:113
  }
}
     79a:	08 95       	ret

0000079c <HardwareSerial::write(unsigned char)>:
write():
C:\Users\luci\AppData\Local\Arduino15\packages\MiniCore\hardware\avr\3.1.1\cores\MCUdude_corefiles/HardwareSerial.cpp:223
  // If we get here, nothing is queued anymore (DRIE is disabled) and
  // the hardware finished tranmission (TXC is set).
}

size_t HardwareSerial::write(uint8_t c)
{
     79c:	ef 92       	push	r14
     79e:	ff 92       	push	r15
     7a0:	0f 93       	push	r16
     7a2:	1f 93       	push	r17
     7a4:	cf 93       	push	r28
     7a6:	df 93       	push	r29
     7a8:	ec 01       	movw	r28, r24
C:\Users\luci\AppData\Local\Arduino15\packages\MiniCore\hardware\avr\3.1.1\cores\MCUdude_corefiles/HardwareSerial.cpp:224
  _written = true;
     7aa:	81 e0       	ldi	r24, 0x01	; 1
     7ac:	88 8f       	std	Y+24, r24	; 0x18
C:\Users\luci\AppData\Local\Arduino15\packages\MiniCore\hardware\avr\3.1.1\cores\MCUdude_corefiles/HardwareSerial.cpp:229
  // If the buffer and the data register is empty, just write the byte
  // to the data register and be done. This shortcut helps
  // significantly improve the effective datarate at high (>
  // 500kbit/s) bitrates, where interrupt overhead becomes a slowdown.
  if (_tx_buffer_head == _tx_buffer_tail && bit_is_set(*_ucsra, UDRE0)) {
     7ae:	9b 8d       	ldd	r25, Y+27	; 0x1b
     7b0:	8c 8d       	ldd	r24, Y+28	; 0x1c
     7b2:	98 13       	cpse	r25, r24
     7b4:	1a c0       	rjmp	.+52     	; 0x7ea <HardwareSerial::write(unsigned char)+0x4e>
     7b6:	e8 89       	ldd	r30, Y+16	; 0x10
     7b8:	f9 89       	ldd	r31, Y+17	; 0x11
     7ba:	80 81       	ld	r24, Z
     7bc:	85 ff       	sbrs	r24, 5
     7be:	15 c0       	rjmp	.+42     	; 0x7ea <HardwareSerial::write(unsigned char)+0x4e>
C:\Users\luci\AppData\Local\Arduino15\packages\MiniCore\hardware\avr\3.1.1\cores\MCUdude_corefiles/HardwareSerial.cpp:238
    // So writing UDR must happen first.
    // Writing UDR and clearing TC must be done atomically, otherwise
    // interrupts might delay the TXC clear so the byte written to UDR
    // is transmitted (setting TXC) before clearing TXC. Then TXC will
    // be cleared when no bytes are left, causing flush() to hang
    ATOMIC_BLOCK(ATOMIC_RESTORESTATE) {
     7c0:	9f b7       	in	r25, 0x3f	; 63
__iCliRetVal():
c:\users\luci\appdata\local\arduino15\packages\arduino\tools\avr-gcc\7.3.0-atmel3.6.1-arduino7\avr\include\util/atomic.h:50
    return 1;
}

static __inline__ uint8_t __iCliRetVal(void)
{
    cli();
     7c2:	f8 94       	cli
write():
C:\Users\luci\AppData\Local\Arduino15\packages\MiniCore\hardware\avr\3.1.1\cores\MCUdude_corefiles/HardwareSerial.cpp:239
      *_udr = c;
     7c4:	ee 89       	ldd	r30, Y+22	; 0x16
     7c6:	ff 89       	ldd	r31, Y+23	; 0x17
     7c8:	60 83       	st	Z, r22
C:\Users\luci\AppData\Local\Arduino15\packages\MiniCore\hardware\avr\3.1.1\cores\MCUdude_corefiles/HardwareSerial.cpp:241
      #ifdef MPCM0
        *_ucsra = ((*_ucsra) & ((1 << U2X0) | (1 << MPCM0))) | (1 << TXC0);
     7ca:	e8 89       	ldd	r30, Y+16	; 0x10
     7cc:	f9 89       	ldd	r31, Y+17	; 0x11
     7ce:	80 81       	ld	r24, Z
     7d0:	83 70       	andi	r24, 0x03	; 3
     7d2:	80 64       	ori	r24, 0x40	; 64
C:\Users\luci\AppData\Local\Arduino15\packages\MiniCore\hardware\avr\3.1.1\cores\MCUdude_corefiles/HardwareSerial.cpp:271
  // make atomic to prevent execution of ISR between setting the
  // head pointer and setting the interrupt flag resulting in buffer
  // retransmission
  ATOMIC_BLOCK(ATOMIC_RESTORESTATE) {
    _tx_buffer_head = i;
    *_ucsrb |= _BV(UDRIE0);
     7d4:	80 83       	st	Z, r24
__iRestore():
c:\users\luci\appdata\local\arduino15\packages\arduino\tools\avr-gcc\7.3.0-atmel3.6.1-arduino7\avr\include\util/atomic.h:70
    (void)__s;
}

static __inline__ void __iRestore(const  uint8_t *__s)
{
    SREG = *__s;
     7d6:	9f bf       	out	0x3f, r25	; 63
write():
C:\Users\luci\AppData\Local\Arduino15\packages\MiniCore\hardware\avr\3.1.1\cores\MCUdude_corefiles/HardwareSerial.cpp:275
  }
  
  return 1;
}
     7d8:	81 e0       	ldi	r24, 0x01	; 1
     7da:	90 e0       	ldi	r25, 0x00	; 0
     7dc:	df 91       	pop	r29
     7de:	cf 91       	pop	r28
     7e0:	1f 91       	pop	r17
     7e2:	0f 91       	pop	r16
     7e4:	ff 90       	pop	r15
     7e6:	ef 90       	pop	r14
     7e8:	08 95       	ret
     7ea:	f6 2e       	mov	r15, r22
C:\Users\luci\AppData\Local\Arduino15\packages\MiniCore\hardware\avr\3.1.1\cores\MCUdude_corefiles/HardwareSerial.cpp:248
        *_ucsra = ((*_ucsra) & ((1 << U2X0) | (1 << TXC0)));
      #endif
    }
    return 1;
  }
  tx_buffer_index_t i = (_tx_buffer_head + 1) % SERIAL_TX_BUFFER_SIZE;
     7ec:	0b 8d       	ldd	r16, Y+27	; 0x1b
     7ee:	10 e0       	ldi	r17, 0x00	; 0
     7f0:	0f 5f       	subi	r16, 0xFF	; 255
     7f2:	1f 4f       	sbci	r17, 0xFF	; 255
     7f4:	0f 73       	andi	r16, 0x3F	; 63
     7f6:	11 27       	eor	r17, r17
     7f8:	e0 2e       	mov	r14, r16
C:\Users\luci\AppData\Local\Arduino15\packages\MiniCore\hardware\avr\3.1.1\cores\MCUdude_corefiles/HardwareSerial.cpp:252

  // If the output buffer is full, there's nothing for it other than to 
  // wait for the interrupt handler to empty it a bit
  while (i == _tx_buffer_tail) {
     7fa:	8c 8d       	ldd	r24, Y+28	; 0x1c
     7fc:	8e 11       	cpse	r24, r14
     7fe:	0c c0       	rjmp	.+24     	; 0x818 <HardwareSerial::write(unsigned char)+0x7c>
C:\Users\luci\AppData\Local\Arduino15\packages\MiniCore\hardware\avr\3.1.1\cores\MCUdude_corefiles/HardwareSerial.cpp:253
    if (bit_is_clear(SREG, SREG_I)) {
     800:	0f b6       	in	r0, 0x3f	; 63
     802:	07 fc       	sbrc	r0, 7
     804:	fa cf       	rjmp	.-12     	; 0x7fa <HardwareSerial::write(unsigned char)+0x5e>
C:\Users\luci\AppData\Local\Arduino15\packages\MiniCore\hardware\avr\3.1.1\cores\MCUdude_corefiles/HardwareSerial.cpp:258
      // Interrupts are disabled, so we'll have to poll the data
      // register empty flag ourselves. If it is set, pretend an
      // interrupt has happened and call the handler to free up
      // space for us.
      if(bit_is_set(*_ucsra, UDRE0))
     806:	e8 89       	ldd	r30, Y+16	; 0x10
     808:	f9 89       	ldd	r31, Y+17	; 0x11
     80a:	80 81       	ld	r24, Z
     80c:	85 ff       	sbrs	r24, 5
     80e:	f5 cf       	rjmp	.-22     	; 0x7fa <HardwareSerial::write(unsigned char)+0x5e>
C:\Users\luci\AppData\Local\Arduino15\packages\MiniCore\hardware\avr\3.1.1\cores\MCUdude_corefiles/HardwareSerial.cpp:259
        _tx_udr_empty_irq();
     810:	ce 01       	movw	r24, r28
     812:	0e 94 ac 03 	call	0x758	; 0x758 <HardwareSerial::_tx_udr_empty_irq()>
     816:	f1 cf       	rjmp	.-30     	; 0x7fa <HardwareSerial::write(unsigned char)+0x5e>
C:\Users\luci\AppData\Local\Arduino15\packages\MiniCore\hardware\avr\3.1.1\cores\MCUdude_corefiles/HardwareSerial.cpp:265
    } else {
      // nop, the interrupt handler will free up space for us
    }
  }

  _tx_buffer[_tx_buffer_head] = c;
     818:	eb 8d       	ldd	r30, Y+27	; 0x1b
     81a:	ec 0f       	add	r30, r28
     81c:	fd 2f       	mov	r31, r29
     81e:	f1 1d       	adc	r31, r1
     820:	e3 5a       	subi	r30, 0xA3	; 163
     822:	ff 4f       	sbci	r31, 0xFF	; 255
     824:	f0 82       	st	Z, r15
C:\Users\luci\AppData\Local\Arduino15\packages\MiniCore\hardware\avr\3.1.1\cores\MCUdude_corefiles/HardwareSerial.cpp:269
  // make atomic to prevent execution of ISR between setting the
  // head pointer and setting the interrupt flag resulting in buffer
  // retransmission
  ATOMIC_BLOCK(ATOMIC_RESTORESTATE) {
     826:	9f b7       	in	r25, 0x3f	; 63
__iCliRetVal():
c:\users\luci\appdata\local\arduino15\packages\arduino\tools\avr-gcc\7.3.0-atmel3.6.1-arduino7\avr\include\util/atomic.h:50
    return 1;
}

static __inline__ uint8_t __iCliRetVal(void)
{
    cli();
     828:	f8 94       	cli
write():
C:\Users\luci\AppData\Local\Arduino15\packages\MiniCore\hardware\avr\3.1.1\cores\MCUdude_corefiles/HardwareSerial.cpp:270
    _tx_buffer_head = i;
     82a:	0b 8f       	std	Y+27, r16	; 0x1b
C:\Users\luci\AppData\Local\Arduino15\packages\MiniCore\hardware\avr\3.1.1\cores\MCUdude_corefiles/HardwareSerial.cpp:271
    *_ucsrb |= _BV(UDRIE0);
     82c:	ea 89       	ldd	r30, Y+18	; 0x12
     82e:	fb 89       	ldd	r31, Y+19	; 0x13
     830:	80 81       	ld	r24, Z
     832:	80 62       	ori	r24, 0x20	; 32
     834:	cf cf       	rjmp	.-98     	; 0x7d4 <HardwareSerial::write(unsigned char)+0x38>

00000836 <HardwareSerial::flush()>:
flush():
C:\Users\luci\AppData\Local\Arduino15\packages\MiniCore\hardware\avr\3.1.1\cores\MCUdude_corefiles/HardwareSerial.cpp:203
  if (head >= tail) return SERIAL_TX_BUFFER_SIZE - 1 - head + tail;
  return tail - head - 1;
}

void HardwareSerial::flush()
{
     836:	cf 93       	push	r28
     838:	df 93       	push	r29
     83a:	ec 01       	movw	r28, r24
C:\Users\luci\AppData\Local\Arduino15\packages\MiniCore\hardware\avr\3.1.1\cores\MCUdude_corefiles/HardwareSerial.cpp:207
  // If we have never written a byte, no need to flush. This special
  // case is needed since there is no way to force the TXC (transmit
  // complete) bit to 1 during initialization
  if (!_written)
     83c:	88 8d       	ldd	r24, Y+24	; 0x18
     83e:	88 23       	and	r24, r24
     840:	b9 f0       	breq	.+46     	; 0x870 <HardwareSerial::flush()+0x3a>
C:\Users\luci\AppData\Local\Arduino15\packages\MiniCore\hardware\avr\3.1.1\cores\MCUdude_corefiles/HardwareSerial.cpp:210
    return;

  while (bit_is_set(*_ucsrb, UDRIE0) || bit_is_clear(*_ucsra, TXC0)) {
     842:	aa 89       	ldd	r26, Y+18	; 0x12
     844:	bb 89       	ldd	r27, Y+19	; 0x13
     846:	e8 89       	ldd	r30, Y+16	; 0x10
     848:	f9 89       	ldd	r31, Y+17	; 0x11
     84a:	8c 91       	ld	r24, X
     84c:	85 fd       	sbrc	r24, 5
     84e:	03 c0       	rjmp	.+6      	; 0x856 <HardwareSerial::flush()+0x20>
     850:	80 81       	ld	r24, Z
     852:	86 fd       	sbrc	r24, 6
     854:	0d c0       	rjmp	.+26     	; 0x870 <HardwareSerial::flush()+0x3a>
C:\Users\luci\AppData\Local\Arduino15\packages\MiniCore\hardware\avr\3.1.1\cores\MCUdude_corefiles/HardwareSerial.cpp:211
    if (bit_is_clear(SREG, SREG_I) && bit_is_set(*_ucsrb, UDRIE0))
     856:	0f b6       	in	r0, 0x3f	; 63
     858:	07 fc       	sbrc	r0, 7
     85a:	f7 cf       	rjmp	.-18     	; 0x84a <HardwareSerial::flush()+0x14>
     85c:	8c 91       	ld	r24, X
     85e:	85 ff       	sbrs	r24, 5
     860:	f2 cf       	rjmp	.-28     	; 0x846 <HardwareSerial::flush()+0x10>
C:\Users\luci\AppData\Local\Arduino15\packages\MiniCore\hardware\avr\3.1.1\cores\MCUdude_corefiles/HardwareSerial.cpp:215
      // Interrupts are globally disabled, but the DR empty
      // interrupt should be enabled, so poll the DR empty flag to
      // prevent deadlock
      if (bit_is_set(*_ucsra, UDRE0))
     862:	80 81       	ld	r24, Z
     864:	85 ff       	sbrs	r24, 5
     866:	ed cf       	rjmp	.-38     	; 0x842 <HardwareSerial::flush()+0xc>
C:\Users\luci\AppData\Local\Arduino15\packages\MiniCore\hardware\avr\3.1.1\cores\MCUdude_corefiles/HardwareSerial.cpp:216
        _tx_udr_empty_irq();
     868:	ce 01       	movw	r24, r28
     86a:	0e 94 ac 03 	call	0x758	; 0x758 <HardwareSerial::_tx_udr_empty_irq()>
     86e:	e9 cf       	rjmp	.-46     	; 0x842 <HardwareSerial::flush()+0xc>
C:\Users\luci\AppData\Local\Arduino15\packages\MiniCore\hardware\avr\3.1.1\cores\MCUdude_corefiles/HardwareSerial.cpp:220
  }
  // If we get here, nothing is queued anymore (DRIE is disabled) and
  // the hardware finished tranmission (TXC is set).
}
     870:	df 91       	pop	r29
     872:	cf 91       	pop	r28
     874:	08 95       	ret

00000876 <SoftwareSerial::peek()>:
peek():
C:\Users\luci\AppData\Local\Arduino15\packages\MiniCore\hardware\avr\3.1.1\libraries\SoftwareSerial\src/SoftwareSerial.cpp:537
  // There is no tx buffering, simply return
}

int SoftwareSerial::peek()
{
  if (!isListening())
     876:	20 91 10 04 	lds	r18, 0x0410	; 0x800410 <SoftwareSerial::active_object>
     87a:	30 91 11 04 	lds	r19, 0x0411	; 0x800411 <SoftwareSerial::active_object+0x1>
     87e:	28 17       	cp	r18, r24
     880:	39 07       	cpc	r19, r25
     882:	71 f4       	brne	.+28     	; 0x8a0 <SoftwareSerial::peek()+0x2a>
C:\Users\luci\AppData\Local\Arduino15\packages\MiniCore\hardware\avr\3.1.1\libraries\SoftwareSerial\src/SoftwareSerial.cpp:541
    return -1;

  // Empty buffer?
  if (_receive_buffer_head == _receive_buffer_tail)
     884:	90 91 0e 04 	lds	r25, 0x040E	; 0x80040e <SoftwareSerial::_receive_buffer_head>
     888:	80 91 0f 04 	lds	r24, 0x040F	; 0x80040f <SoftwareSerial::_receive_buffer_tail>
     88c:	98 17       	cp	r25, r24
     88e:	41 f0       	breq	.+16     	; 0x8a0 <SoftwareSerial::peek()+0x2a>
C:\Users\luci\AppData\Local\Arduino15\packages\MiniCore\hardware\avr\3.1.1\libraries\SoftwareSerial\src/SoftwareSerial.cpp:545
    return -1;

  // Read from "head"
  return _receive_buffer[_receive_buffer_head];
     890:	e0 91 0e 04 	lds	r30, 0x040E	; 0x80040e <SoftwareSerial::_receive_buffer_head>
     894:	f0 e0       	ldi	r31, 0x00	; 0
     896:	e2 53       	subi	r30, 0x32	; 50
     898:	fc 4f       	sbci	r31, 0xFC	; 252
     89a:	80 81       	ld	r24, Z
     89c:	90 e0       	ldi	r25, 0x00	; 0
     89e:	08 95       	ret
C:\Users\luci\AppData\Local\Arduino15\packages\MiniCore\hardware\avr\3.1.1\libraries\SoftwareSerial\src/SoftwareSerial.cpp:538
}

int SoftwareSerial::peek()
{
  if (!isListening())
    return -1;
     8a0:	8f ef       	ldi	r24, 0xFF	; 255
     8a2:	9f ef       	ldi	r25, 0xFF	; 255
C:\Users\luci\AppData\Local\Arduino15\packages\MiniCore\hardware\avr\3.1.1\libraries\SoftwareSerial\src/SoftwareSerial.cpp:546
  if (_receive_buffer_head == _receive_buffer_tail)
    return -1;

  // Read from "head"
  return _receive_buffer[_receive_buffer_head];
}
     8a4:	08 95       	ret

000008a6 <SoftwareSerial::flush()>:
flush():
C:\Users\luci\AppData\Local\Arduino15\packages\MiniCore\hardware\avr\3.1.1\libraries\SoftwareSerial\src/SoftwareSerial.cpp:533
}

void SoftwareSerial::flush()
{
  // There is no tx buffering, simply return
}
     8a6:	08 95       	ret

000008a8 <SoftwareSerial::write(unsigned char)>:
write():
C:\Users\luci\AppData\Local\Arduino15\packages\MiniCore\hardware\avr\3.1.1\libraries\SoftwareSerial\src/SoftwareSerial.cpp:476

  return ((uint16_t)(_receive_buffer_tail + _SS_MAX_RX_BUFF - _receive_buffer_head)) % _SS_MAX_RX_BUFF;
}

size_t SoftwareSerial::write(uint8_t b)
{
     8a8:	ef 92       	push	r14
     8aa:	ff 92       	push	r15
     8ac:	0f 93       	push	r16
     8ae:	1f 93       	push	r17
     8b0:	cf 93       	push	r28
     8b2:	df 93       	push	r29
     8b4:	dc 01       	movw	r26, r24
C:\Users\luci\AppData\Local\Arduino15\packages\MiniCore\hardware\avr\3.1.1\libraries\SoftwareSerial\src/SoftwareSerial.cpp:477
  if (_tx_delay == 0) {
     8b6:	5c 96       	adiw	r26, 0x1c	; 28
     8b8:	ed 90       	ld	r14, X+
     8ba:	fc 90       	ld	r15, X
     8bc:	5d 97       	sbiw	r26, 0x1d	; 29
     8be:	e1 14       	cp	r14, r1
     8c0:	f1 04       	cpc	r15, r1
     8c2:	79 f4       	brne	.+30     	; 0x8e2 <SoftwareSerial::write(unsigned char)+0x3a>
_ZN5Print13setWriteErrorEi():
C:\Users\luci\AppData\Local\Arduino15\packages\MiniCore\hardware\avr\3.1.1\cores\MCUdude_corefiles/Print.h:44
  private:
    int write_error;
    size_t printNumber(unsigned long, uint8_t);
    size_t printFloat(double, uint8_t);
  protected:
    void setWriteError(int err = 1) { write_error = err; }
     8c4:	81 e0       	ldi	r24, 0x01	; 1
     8c6:	90 e0       	ldi	r25, 0x00	; 0
     8c8:	13 96       	adiw	r26, 0x03	; 3
     8ca:	9c 93       	st	X, r25
     8cc:	8e 93       	st	-X, r24
     8ce:	12 97       	sbiw	r26, 0x02	; 2
write():
C:\Users\luci\AppData\Local\Arduino15\packages\MiniCore\hardware\avr\3.1.1\libraries\SoftwareSerial\src/SoftwareSerial.cpp:479
    setWriteError();
    return 0;
     8d0:	90 e0       	ldi	r25, 0x00	; 0
     8d2:	80 e0       	ldi	r24, 0x00	; 0
C:\Users\luci\AppData\Local\Arduino15\packages\MiniCore\hardware\avr\3.1.1\libraries\SoftwareSerial\src/SoftwareSerial.cpp:528

  SREG = oldSREG; // turn interrupts back on
  tunedDelay(_tx_delay);

  return 1;
}
     8d4:	df 91       	pop	r29
     8d6:	cf 91       	pop	r28
     8d8:	1f 91       	pop	r17
     8da:	0f 91       	pop	r16
     8dc:	ff 90       	pop	r15
     8de:	ef 90       	pop	r14
     8e0:	08 95       	ret
C:\Users\luci\AppData\Local\Arduino15\packages\MiniCore\hardware\avr\3.1.1\libraries\SoftwareSerial\src/SoftwareSerial.cpp:486

  // By declaring these as local variables, the compiler will put them
  // in registers _before_ disabling interrupts and entering the
  // critical timing sections below, which makes it a lot easier to
  // verify the cycle timings
  volatile uint8_t *reg = _transmitPortRegister;
     8e2:	51 96       	adiw	r26, 0x11	; 17
     8e4:	ed 91       	ld	r30, X+
     8e6:	fc 91       	ld	r31, X
     8e8:	52 97       	sbiw	r26, 0x12	; 18
C:\Users\luci\AppData\Local\Arduino15\packages\MiniCore\hardware\avr\3.1.1\libraries\SoftwareSerial\src/SoftwareSerial.cpp:487
  uint8_t reg_mask = _transmitBitMask;
     8ea:	50 96       	adiw	r26, 0x10	; 16
     8ec:	8c 91       	ld	r24, X
     8ee:	50 97       	sbiw	r26, 0x10	; 16
C:\Users\luci\AppData\Local\Arduino15\packages\MiniCore\hardware\avr\3.1.1\libraries\SoftwareSerial\src/SoftwareSerial.cpp:488
  uint8_t inv_mask = ~_transmitBitMask;
     8f0:	98 2f       	mov	r25, r24
     8f2:	90 95       	com	r25
C:\Users\luci\AppData\Local\Arduino15\packages\MiniCore\hardware\avr\3.1.1\libraries\SoftwareSerial\src/SoftwareSerial.cpp:489
  uint8_t oldSREG = SREG;
     8f4:	0f b7       	in	r16, 0x3f	; 63
C:\Users\luci\AppData\Local\Arduino15\packages\MiniCore\hardware\avr\3.1.1\libraries\SoftwareSerial\src/SoftwareSerial.cpp:490
  bool inv = _inverse_logic;
     8f6:	5e 96       	adiw	r26, 0x1e	; 30
     8f8:	2c 91       	ld	r18, X
     8fa:	5e 97       	sbiw	r26, 0x1e	; 30
C:\Users\luci\AppData\Local\Arduino15\packages\MiniCore\hardware\avr\3.1.1\libraries\SoftwareSerial\src/SoftwareSerial.cpp:493
  uint16_t delay = _tx_delay;

  if (inv)
     8fc:	12 2f       	mov	r17, r18
     8fe:	12 70       	andi	r17, 0x02	; 2
     900:	21 fd       	sbrc	r18, 1
C:\Users\luci\AppData\Local\Arduino15\packages\MiniCore\hardware\avr\3.1.1\libraries\SoftwareSerial\src/SoftwareSerial.cpp:494
    b = ~b;
     902:	60 95       	com	r22
C:\Users\luci\AppData\Local\Arduino15\packages\MiniCore\hardware\avr\3.1.1\libraries\SoftwareSerial\src/SoftwareSerial.cpp:496

  cli();  // turn off interrupts for a clean txmit
     904:	f8 94       	cli
C:\Users\luci\AppData\Local\Arduino15\packages\MiniCore\hardware\avr\3.1.1\libraries\SoftwareSerial\src/SoftwareSerial.cpp:500

  // Write the start bit
  if (inv)
    *reg |= reg_mask;
     906:	20 81       	ld	r18, Z
C:\Users\luci\AppData\Local\Arduino15\packages\MiniCore\hardware\avr\3.1.1\libraries\SoftwareSerial\src/SoftwareSerial.cpp:499
    b = ~b;

  cli();  // turn off interrupts for a clean txmit

  // Write the start bit
  if (inv)
     908:	11 23       	and	r17, r17
     90a:	19 f1       	breq	.+70     	; 0x952 <__stack+0x53>
C:\Users\luci\AppData\Local\Arduino15\packages\MiniCore\hardware\avr\3.1.1\libraries\SoftwareSerial\src/SoftwareSerial.cpp:500
    *reg |= reg_mask;
     90c:	28 2b       	or	r18, r24
C:\Users\luci\AppData\Local\Arduino15\packages\MiniCore\hardware\avr\3.1.1\libraries\SoftwareSerial\src/SoftwareSerial.cpp:502
  else
    *reg &= inv_mask;
     90e:	20 83       	st	Z, r18
_delay_loop_2():
c:\users\luci\appdata\local\arduino15\packages\arduino\tools\avr-gcc\7.3.0-atmel3.6.1-arduino7\avr\include\util/delay_basic.h:110
	__asm__ volatile (
		"1: sbiw %0,1" "\n\t"
		"brne 1b"
		: "=w" (__count)
		: "0" (__count)
	);
     910:	e7 01       	movw	r28, r14
     912:	21 97       	sbiw	r28, 0x01	; 1
     914:	f1 f7       	brne	.-4      	; 0x912 <__stack+0x13>
     916:	28 e0       	ldi	r18, 0x08	; 8
write():
C:\Users\luci\AppData\Local\Arduino15\packages\MiniCore\hardware\avr\3.1.1\libraries\SoftwareSerial\src/SoftwareSerial.cpp:509
  tunedDelay(delay);

  // Write each of the 8 bits
  for (uint8_t i = 8; i > 0; --i)
  {
    if (b & 1) // choose bit
     918:	46 2f       	mov	r20, r22
     91a:	50 e0       	ldi	r21, 0x00	; 0
C:\Users\luci\AppData\Local\Arduino15\packages\MiniCore\hardware\avr\3.1.1\libraries\SoftwareSerial\src/SoftwareSerial.cpp:510
      *reg |= reg_mask; // send 1
     91c:	30 81       	ld	r19, Z
C:\Users\luci\AppData\Local\Arduino15\packages\MiniCore\hardware\avr\3.1.1\libraries\SoftwareSerial\src/SoftwareSerial.cpp:509
  tunedDelay(delay);

  // Write each of the 8 bits
  for (uint8_t i = 8; i > 0; --i)
  {
    if (b & 1) // choose bit
     91e:	60 ff       	sbrs	r22, 0
     920:	1a c0       	rjmp	.+52     	; 0x956 <__stack+0x57>
C:\Users\luci\AppData\Local\Arduino15\packages\MiniCore\hardware\avr\3.1.1\libraries\SoftwareSerial\src/SoftwareSerial.cpp:510
      *reg |= reg_mask; // send 1
     922:	38 2b       	or	r19, r24
C:\Users\luci\AppData\Local\Arduino15\packages\MiniCore\hardware\avr\3.1.1\libraries\SoftwareSerial\src/SoftwareSerial.cpp:512
    else
      *reg &= inv_mask; // send 0
     924:	30 83       	st	Z, r19
_delay_loop_2():
c:\users\luci\appdata\local\arduino15\packages\arduino\tools\avr-gcc\7.3.0-atmel3.6.1-arduino7\avr\include\util/delay_basic.h:110
     926:	e7 01       	movw	r28, r14
     928:	21 97       	sbiw	r28, 0x01	; 1
     92a:	f1 f7       	brne	.-4      	; 0x928 <__stack+0x29>
write():
C:\Users\luci\AppData\Local\Arduino15\packages\MiniCore\hardware\avr\3.1.1\libraries\SoftwareSerial\src/SoftwareSerial.cpp:515

    tunedDelay(delay);
    b >>= 1;
     92c:	ba 01       	movw	r22, r20
     92e:	75 95       	asr	r23
     930:	67 95       	ror	r22
     932:	21 50       	subi	r18, 0x01	; 1
C:\Users\luci\AppData\Local\Arduino15\packages\MiniCore\hardware\avr\3.1.1\libraries\SoftwareSerial\src/SoftwareSerial.cpp:507
    *reg &= inv_mask;

  tunedDelay(delay);

  // Write each of the 8 bits
  for (uint8_t i = 8; i > 0; --i)
     934:	89 f7       	brne	.-30     	; 0x918 <__stack+0x19>
C:\Users\luci\AppData\Local\Arduino15\packages\MiniCore\hardware\avr\3.1.1\libraries\SoftwareSerial\src/SoftwareSerial.cpp:519
    tunedDelay(delay);
    b >>= 1;
  }

  // restore pin to natural state
  if (inv)
     936:	11 23       	and	r17, r17
     938:	81 f0       	breq	.+32     	; 0x95a <__stack+0x5b>
C:\Users\luci\AppData\Local\Arduino15\packages\MiniCore\hardware\avr\3.1.1\libraries\SoftwareSerial\src/SoftwareSerial.cpp:520
    *reg &= inv_mask;
     93a:	80 81       	ld	r24, Z
     93c:	89 23       	and	r24, r25
C:\Users\luci\AppData\Local\Arduino15\packages\MiniCore\hardware\avr\3.1.1\libraries\SoftwareSerial\src/SoftwareSerial.cpp:522
  else
    *reg |= reg_mask;
     93e:	80 83       	st	Z, r24
C:\Users\luci\AppData\Local\Arduino15\packages\MiniCore\hardware\avr\3.1.1\libraries\SoftwareSerial\src/SoftwareSerial.cpp:524

  SREG = oldSREG; // turn interrupts back on
     940:	0f bf       	out	0x3f, r16	; 63
_delay_loop_2():
c:\users\luci\appdata\local\arduino15\packages\arduino\tools\avr-gcc\7.3.0-atmel3.6.1-arduino7\avr\include\util/delay_basic.h:110
     942:	5c 96       	adiw	r26, 0x1c	; 28
     944:	8d 91       	ld	r24, X+
     946:	9c 91       	ld	r25, X
     948:	01 97       	sbiw	r24, 0x01	; 1
     94a:	f1 f7       	brne	.-4      	; 0x948 <__stack+0x49>
write():
C:\Users\luci\AppData\Local\Arduino15\packages\MiniCore\hardware\avr\3.1.1\libraries\SoftwareSerial\src/SoftwareSerial.cpp:527
  tunedDelay(_tx_delay);

  return 1;
     94c:	81 e0       	ldi	r24, 0x01	; 1
     94e:	90 e0       	ldi	r25, 0x00	; 0
     950:	c1 cf       	rjmp	.-126    	; 0x8d4 <SoftwareSerial::write(unsigned char)+0x2c>
C:\Users\luci\AppData\Local\Arduino15\packages\MiniCore\hardware\avr\3.1.1\libraries\SoftwareSerial\src/SoftwareSerial.cpp:502

  // Write the start bit
  if (inv)
    *reg |= reg_mask;
  else
    *reg &= inv_mask;
     952:	29 23       	and	r18, r25
     954:	dc cf       	rjmp	.-72     	; 0x90e <__stack+0xf>
C:\Users\luci\AppData\Local\Arduino15\packages\MiniCore\hardware\avr\3.1.1\libraries\SoftwareSerial\src/SoftwareSerial.cpp:512
  for (uint8_t i = 8; i > 0; --i)
  {
    if (b & 1) // choose bit
      *reg |= reg_mask; // send 1
    else
      *reg &= inv_mask; // send 0
     956:	39 23       	and	r19, r25
     958:	e5 cf       	rjmp	.-54     	; 0x924 <__stack+0x25>
C:\Users\luci\AppData\Local\Arduino15\packages\MiniCore\hardware\avr\3.1.1\libraries\SoftwareSerial\src/SoftwareSerial.cpp:522

  // restore pin to natural state
  if (inv)
    *reg &= inv_mask;
  else
    *reg |= reg_mask;
     95a:	90 81       	ld	r25, Z
     95c:	89 2b       	or	r24, r25
     95e:	ef cf       	rjmp	.-34     	; 0x93e <__stack+0x3f>

00000960 <SoftwareSerial::available()>:
available():
C:\Users\luci\AppData\Local\Arduino15\packages\MiniCore\hardware\avr\3.1.1\libraries\SoftwareSerial\src/SoftwareSerial.cpp:469
  return d;
}

int SoftwareSerial::available()
{
  if (!isListening())
     960:	20 91 10 04 	lds	r18, 0x0410	; 0x800410 <SoftwareSerial::active_object>
     964:	30 91 11 04 	lds	r19, 0x0411	; 0x800411 <SoftwareSerial::active_object+0x1>
     968:	28 17       	cp	r18, r24
     96a:	39 07       	cpc	r19, r25
     96c:	61 f4       	brne	.+24     	; 0x986 <SoftwareSerial::available()+0x26>
C:\Users\luci\AppData\Local\Arduino15\packages\MiniCore\hardware\avr\3.1.1\libraries\SoftwareSerial\src/SoftwareSerial.cpp:472
    return 0;

  return ((uint16_t)(_receive_buffer_tail + _SS_MAX_RX_BUFF - _receive_buffer_head)) % _SS_MAX_RX_BUFF;
     96e:	80 91 0f 04 	lds	r24, 0x040F	; 0x80040f <SoftwareSerial::_receive_buffer_tail>
     972:	20 91 0e 04 	lds	r18, 0x040E	; 0x80040e <SoftwareSerial::_receive_buffer_head>
     976:	90 e0       	ldi	r25, 0x00	; 0
     978:	80 5c       	subi	r24, 0xC0	; 192
     97a:	9f 4f       	sbci	r25, 0xFF	; 255
     97c:	82 1b       	sub	r24, r18
     97e:	91 09       	sbc	r25, r1
     980:	8f 73       	andi	r24, 0x3F	; 63
     982:	99 27       	eor	r25, r25
     984:	08 95       	ret
C:\Users\luci\AppData\Local\Arduino15\packages\MiniCore\hardware\avr\3.1.1\libraries\SoftwareSerial\src/SoftwareSerial.cpp:470
}

int SoftwareSerial::available()
{
  if (!isListening())
    return 0;
     986:	90 e0       	ldi	r25, 0x00	; 0
     988:	80 e0       	ldi	r24, 0x00	; 0
C:\Users\luci\AppData\Local\Arduino15\packages\MiniCore\hardware\avr\3.1.1\libraries\SoftwareSerial\src/SoftwareSerial.cpp:473

  return ((uint16_t)(_receive_buffer_tail + _SS_MAX_RX_BUFF - _receive_buffer_head)) % _SS_MAX_RX_BUFF;
}
     98a:	08 95       	ret

0000098c <SoftwareSerial::read()>:
read():
C:\Users\luci\AppData\Local\Arduino15\packages\MiniCore\hardware\avr\3.1.1\libraries\SoftwareSerial\src/SoftwareSerial.cpp:454


// Read data from buffer
int SoftwareSerial::read()
{
  if (!isListening())
     98c:	20 91 10 04 	lds	r18, 0x0410	; 0x800410 <SoftwareSerial::active_object>
     990:	30 91 11 04 	lds	r19, 0x0411	; 0x800411 <SoftwareSerial::active_object+0x1>
     994:	28 17       	cp	r18, r24
     996:	39 07       	cpc	r19, r25
     998:	b9 f4       	brne	.+46     	; 0x9c8 <SoftwareSerial::read()+0x3c>
C:\Users\luci\AppData\Local\Arduino15\packages\MiniCore\hardware\avr\3.1.1\libraries\SoftwareSerial\src/SoftwareSerial.cpp:458
    return -1;

  // Empty buffer?
  if (_receive_buffer_head == _receive_buffer_tail)
     99a:	90 91 0e 04 	lds	r25, 0x040E	; 0x80040e <SoftwareSerial::_receive_buffer_head>
     99e:	80 91 0f 04 	lds	r24, 0x040F	; 0x80040f <SoftwareSerial::_receive_buffer_tail>
     9a2:	98 17       	cp	r25, r24
     9a4:	89 f0       	breq	.+34     	; 0x9c8 <SoftwareSerial::read()+0x3c>
C:\Users\luci\AppData\Local\Arduino15\packages\MiniCore\hardware\avr\3.1.1\libraries\SoftwareSerial\src/SoftwareSerial.cpp:462
    return -1;

  // Read from "head"
  uint8_t d = _receive_buffer[_receive_buffer_head]; // grab next byte
     9a6:	e0 91 0e 04 	lds	r30, 0x040E	; 0x80040e <SoftwareSerial::_receive_buffer_head>
     9aa:	f0 e0       	ldi	r31, 0x00	; 0
     9ac:	e2 53       	subi	r30, 0x32	; 50
     9ae:	fc 4f       	sbci	r31, 0xFC	; 252
     9b0:	80 81       	ld	r24, Z
C:\Users\luci\AppData\Local\Arduino15\packages\MiniCore\hardware\avr\3.1.1\libraries\SoftwareSerial\src/SoftwareSerial.cpp:463
  _receive_buffer_head = (_receive_buffer_head + 1) % _SS_MAX_RX_BUFF;
     9b2:	20 91 0e 04 	lds	r18, 0x040E	; 0x80040e <SoftwareSerial::_receive_buffer_head>
     9b6:	30 e0       	ldi	r19, 0x00	; 0
     9b8:	2f 5f       	subi	r18, 0xFF	; 255
     9ba:	3f 4f       	sbci	r19, 0xFF	; 255
     9bc:	2f 73       	andi	r18, 0x3F	; 63
     9be:	33 27       	eor	r19, r19
     9c0:	20 93 0e 04 	sts	0x040E, r18	; 0x80040e <SoftwareSerial::_receive_buffer_head>
C:\Users\luci\AppData\Local\Arduino15\packages\MiniCore\hardware\avr\3.1.1\libraries\SoftwareSerial\src/SoftwareSerial.cpp:464
  return d;
     9c4:	90 e0       	ldi	r25, 0x00	; 0
     9c6:	08 95       	ret
C:\Users\luci\AppData\Local\Arduino15\packages\MiniCore\hardware\avr\3.1.1\libraries\SoftwareSerial\src/SoftwareSerial.cpp:455

// Read data from buffer
int SoftwareSerial::read()
{
  if (!isListening())
    return -1;
     9c8:	8f ef       	ldi	r24, 0xFF	; 255
     9ca:	9f ef       	ldi	r25, 0xFF	; 255
C:\Users\luci\AppData\Local\Arduino15\packages\MiniCore\hardware\avr\3.1.1\libraries\SoftwareSerial\src/SoftwareSerial.cpp:465

  // Read from "head"
  uint8_t d = _receive_buffer[_receive_buffer_head]; // grab next byte
  _receive_buffer_head = (_receive_buffer_head + 1) % _SS_MAX_RX_BUFF;
  return d;
}
     9cc:	08 95       	ret

000009ce <Stream::timedRead() [clone .constprop.11]>:
timedRead():
C:\Users\luci\AppData\Local\Arduino15\packages\MiniCore\hardware\avr\3.1.1\cores\MCUdude_corefiles/Stream.cpp:31
#include "Stream.h"

#define PARSE_TIMEOUT 1000  // default number of milli-seconds to wait

// private method to read stream with timeout
int Stream::timedRead()
     9ce:	0f 93       	push	r16
     9d0:	1f 93       	push	r17
C:\Users\luci\AppData\Local\Arduino15\packages\MiniCore\hardware\avr\3.1.1\cores\MCUdude_corefiles/Stream.cpp:34
{
  int c;
  _startMillis = millis();
     9d2:	0e 94 ec 02 	call	0x5d8	; 0x5d8 <millis>
     9d6:	60 93 ec 04 	sts	0x04EC, r22	; 0x8004ec <SIM800L+0x8>
     9da:	70 93 ed 04 	sts	0x04ED, r23	; 0x8004ed <SIM800L+0x9>
     9de:	80 93 ee 04 	sts	0x04EE, r24	; 0x8004ee <SIM800L+0xa>
     9e2:	90 93 ef 04 	sts	0x04EF, r25	; 0x8004ef <SIM800L+0xb>
C:\Users\luci\AppData\Local\Arduino15\packages\MiniCore\hardware\avr\3.1.1\cores\MCUdude_corefiles/Stream.cpp:36
  do {
    c = read();
     9e6:	84 ee       	ldi	r24, 0xE4	; 228
     9e8:	94 e0       	ldi	r25, 0x04	; 4
     9ea:	0e 94 c6 04 	call	0x98c	; 0x98c <SoftwareSerial::read()>
C:\Users\luci\AppData\Local\Arduino15\packages\MiniCore\hardware\avr\3.1.1\cores\MCUdude_corefiles/Stream.cpp:37
    if (c >= 0) return c;
     9ee:	97 ff       	sbrs	r25, 7
     9f0:	1d c0       	rjmp	.+58     	; 0xa2c <Stream::timedRead() [clone .constprop.11]+0x5e>
C:\Users\luci\AppData\Local\Arduino15\packages\MiniCore\hardware\avr\3.1.1\cores\MCUdude_corefiles/Stream.cpp:38
  } while(millis() - _startMillis < _timeout);
     9f2:	0e 94 ec 02 	call	0x5d8	; 0x5d8 <millis>
     9f6:	00 91 ec 04 	lds	r16, 0x04EC	; 0x8004ec <SIM800L+0x8>
     9fa:	10 91 ed 04 	lds	r17, 0x04ED	; 0x8004ed <SIM800L+0x9>
     9fe:	20 91 ee 04 	lds	r18, 0x04EE	; 0x8004ee <SIM800L+0xa>
     a02:	30 91 ef 04 	lds	r19, 0x04EF	; 0x8004ef <SIM800L+0xb>
     a06:	60 1b       	sub	r22, r16
     a08:	71 0b       	sbc	r23, r17
     a0a:	82 0b       	sbc	r24, r18
     a0c:	93 0b       	sbc	r25, r19
     a0e:	00 91 e8 04 	lds	r16, 0x04E8	; 0x8004e8 <SIM800L+0x4>
     a12:	10 91 e9 04 	lds	r17, 0x04E9	; 0x8004e9 <SIM800L+0x5>
     a16:	20 91 ea 04 	lds	r18, 0x04EA	; 0x8004ea <SIM800L+0x6>
     a1a:	30 91 eb 04 	lds	r19, 0x04EB	; 0x8004eb <SIM800L+0x7>
     a1e:	60 17       	cp	r22, r16
     a20:	71 07       	cpc	r23, r17
     a22:	82 07       	cpc	r24, r18
     a24:	93 07       	cpc	r25, r19
     a26:	f8 f2       	brcs	.-66     	; 0x9e6 <Stream::timedRead() [clone .constprop.11]+0x18>
C:\Users\luci\AppData\Local\Arduino15\packages\MiniCore\hardware\avr\3.1.1\cores\MCUdude_corefiles/Stream.cpp:39
  return -1;     // -1 indicates timeout
     a28:	8f ef       	ldi	r24, 0xFF	; 255
     a2a:	9f ef       	ldi	r25, 0xFF	; 255
C:\Users\luci\AppData\Local\Arduino15\packages\MiniCore\hardware\avr\3.1.1\cores\MCUdude_corefiles/Stream.cpp:40
}
     a2c:	1f 91       	pop	r17
     a2e:	0f 91       	pop	r16
     a30:	08 95       	ret

00000a32 <Print::availableForWrite()>:
availableForWrite():
C:\Users\luci\AppData\Local\Arduino15\packages\MiniCore\hardware\avr\3.1.1\cores\MCUdude_corefiles/Print.h:63
      return write((const uint8_t *)buffer, size);
    }

    // default to zero, meaning "a single write may block"
    // should be overriden by subclasses with buffering
    virtual int availableForWrite() { return 0; }
     a32:	90 e0       	ldi	r25, 0x00	; 0
     a34:	80 e0       	ldi	r24, 0x00	; 0
     a36:	08 95       	ret

00000a38 <RestartGsmModule()>:
RestartGsmModule():
D:\projects\arduino\figaro\OnlineGasDetector_FIGARO/SIM800L.ino:260
void DeactivateGsmModulePower() {
  digitalWrite(MODEM_POWER_PIN, LOW);
}

void RestartGsmModule() {
  digitalWrite(MODEM_POWER_PIN, LOW);
     a38:	60 e0       	ldi	r22, 0x00	; 0
     a3a:	8c e0       	ldi	r24, 0x0C	; 12
     a3c:	0e 94 0c 02 	call	0x418	; 0x418 <digitalWrite>
D:\projects\arduino\figaro\OnlineGasDetector_FIGARO/SIM800L.ino:261
  delay(1000);
     a40:	68 ee       	ldi	r22, 0xE8	; 232
     a42:	73 e0       	ldi	r23, 0x03	; 3
     a44:	80 e0       	ldi	r24, 0x00	; 0
     a46:	90 e0       	ldi	r25, 0x00	; 0
     a48:	0e 94 b9 02 	call	0x572	; 0x572 <delay>
D:\projects\arduino\figaro\OnlineGasDetector_FIGARO/SIM800L.ino:262
  digitalWrite(MODEM_POWER_PIN, HIGH);
     a4c:	61 e0       	ldi	r22, 0x01	; 1
     a4e:	8c e0       	ldi	r24, 0x0C	; 12
     a50:	0c 94 0c 02 	jmp	0x418	; 0x418 <digitalWrite>

00000a54 <DeactivateGsmModulePower()>:
DeactivateGsmModulePower():
D:\projects\arduino\figaro\OnlineGasDetector_FIGARO/SIM800L.ino:256
void ActivateGsmModulePower() {
  digitalWrite(MODEM_POWER_PIN, HIGH);
}

void DeactivateGsmModulePower() {
  digitalWrite(MODEM_POWER_PIN, LOW);
     a54:	60 e0       	ldi	r22, 0x00	; 0
     a56:	8c e0       	ldi	r24, 0x0C	; 12
     a58:	0c 94 0c 02 	jmp	0x418	; 0x418 <digitalWrite>

00000a5c <SetBuzzerState(bool)>:
SetBuzzerState():
D:\projects\arduino\figaro\OnlineGasDetector_FIGARO/Notificator.ino:50
  if (ticks > 65535UL) ticks = 65535UL;  // Ограничение для 16-бит таймера
  next_ocr = (uint16_t)ticks;
  wdt_reset();
}

void SetBuzzerState(bool activate) {
     a5c:	cf 93       	push	r28
     a5e:	c8 2f       	mov	r28, r24
D:\projects\arduino\figaro\OnlineGasDetector_FIGARO/Notificator.ino:51
  if (AlertIsActive || TestAlertIsActive)
     a60:	80 91 26 04 	lds	r24, 0x0426	; 0x800426 <AlertIsActive>
     a64:	81 11       	cpse	r24, r1
     a66:	04 c0       	rjmp	.+8      	; 0xa70 <SetBuzzerState(bool)+0x14>
     a68:	80 91 2f 04 	lds	r24, 0x042F	; 0x80042f <TestAlertIsActive>
D:\projects\arduino\figaro\OnlineGasDetector_FIGARO/Notificator.ino:54
    digitalWrite(AlertLedPin, activate);
  else
    digitalWrite(AlertLedPin, LOW);
     a6c:	60 e0       	ldi	r22, 0x00	; 0
D:\projects\arduino\figaro\OnlineGasDetector_FIGARO/Notificator.ino:51
  next_ocr = (uint16_t)ticks;
  wdt_reset();
}

void SetBuzzerState(bool activate) {
  if (AlertIsActive || TestAlertIsActive)
     a6e:	81 11       	cpse	r24, r1
D:\projects\arduino\figaro\OnlineGasDetector_FIGARO/Notificator.ino:52
    digitalWrite(AlertLedPin, activate);
     a70:	6c 2f       	mov	r22, r28
D:\projects\arduino\figaro\OnlineGasDetector_FIGARO/Notificator.ino:54
  else
    digitalWrite(AlertLedPin, LOW);
     a72:	84 e0       	ldi	r24, 0x04	; 4
     a74:	0e 94 0c 02 	call	0x418	; 0x418 <digitalWrite>
D:\projects\arduino\figaro\OnlineGasDetector_FIGARO/Notificator.ino:55
  if (!Mute && (BuzzerAlertIsActive || TestAlertIsActive))
     a78:	80 91 25 04 	lds	r24, 0x0425	; 0x800425 <Mute>
     a7c:	81 11       	cpse	r24, r1
     a7e:	08 c0       	rjmp	.+16     	; 0xa90 <SetBuzzerState(bool)+0x34>
     a80:	80 91 14 04 	lds	r24, 0x0414	; 0x800414 <BuzzerAlertIsActive>
     a84:	81 11       	cpse	r24, r1
     a86:	09 c0       	rjmp	.+18     	; 0xa9a <SetBuzzerState(bool)+0x3e>
     a88:	80 91 2f 04 	lds	r24, 0x042F	; 0x80042f <TestAlertIsActive>
     a8c:	81 11       	cpse	r24, r1
     a8e:	05 c0       	rjmp	.+10     	; 0xa9a <SetBuzzerState(bool)+0x3e>
D:\projects\arduino\figaro\OnlineGasDetector_FIGARO/Notificator.ino:58
    digitalWrite(BuzzerPin, activate);
  else
    digitalWrite(BuzzerPin, LOW);
     a90:	60 e0       	ldi	r22, 0x00	; 0
D:\projects\arduino\figaro\OnlineGasDetector_FIGARO/Notificator.ino:56
  if (AlertIsActive || TestAlertIsActive)
    digitalWrite(AlertLedPin, activate);
  else
    digitalWrite(AlertLedPin, LOW);
  if (!Mute && (BuzzerAlertIsActive || TestAlertIsActive))
    digitalWrite(BuzzerPin, activate);
     a92:	8d e0       	ldi	r24, 0x0D	; 13
D:\projects\arduino\figaro\OnlineGasDetector_FIGARO/Notificator.ino:59
  else
    digitalWrite(BuzzerPin, LOW);
     a94:	cf 91       	pop	r28
D:\projects\arduino\figaro\OnlineGasDetector_FIGARO/Notificator.ino:56
  if (AlertIsActive || TestAlertIsActive)
    digitalWrite(AlertLedPin, activate);
  else
    digitalWrite(AlertLedPin, LOW);
  if (!Mute && (BuzzerAlertIsActive || TestAlertIsActive))
    digitalWrite(BuzzerPin, activate);
     a96:	0c 94 0c 02 	jmp	0x418	; 0x418 <digitalWrite>
     a9a:	6c 2f       	mov	r22, r28
     a9c:	fa cf       	rjmp	.-12     	; 0xa92 <SetBuzzerState(bool)+0x36>

00000a9e <MuteButtonPressEvent()>:
MuteButtonPressEvent():
D:\projects\arduino\figaro\OnlineGasDetector_FIGARO/ArduinoHelper.ino:44
  TIMSK1 |= (1 << OCIE1A);              // Разрешаем прерывание по совпадению OCR1A
  sei();                                // Включаем глобальные прерывания
}

void MuteButtonPressEvent() {
  if (AlertIsActive) {
     a9e:	80 91 26 04 	lds	r24, 0x0426	; 0x800426 <AlertIsActive>
     aa2:	88 23       	and	r24, r24
     aa4:	31 f0       	breq	.+12     	; 0xab2 <MuteButtonPressEvent()+0x14>
D:\projects\arduino\figaro\OnlineGasDetector_FIGARO/ArduinoHelper.ino:45
    Mute = true;
     aa6:	81 e0       	ldi	r24, 0x01	; 1
     aa8:	80 93 25 04 	sts	0x0425, r24	; 0x800425 <Mute>
D:\projects\arduino\figaro\OnlineGasDetector_FIGARO/ArduinoHelper.ino:46
    SetBuzzerState(0);
     aac:	80 e0       	ldi	r24, 0x00	; 0
     aae:	0c 94 2e 05 	jmp	0xa5c	; 0xa5c <SetBuzzerState(bool)>
D:\projects\arduino\figaro\OnlineGasDetector_FIGARO/ArduinoHelper.ino:48
  }
}
     ab2:	08 95       	ret

00000ab4 <tick(unsigned long&, unsigned long)>:
tick():
D:\projects\arduino\figaro\OnlineGasDetector_FIGARO/ArduinoHelper.ino:3
volatile uint16_t next_ocr = 1561;  // Начальный для 100 мс: ((16e6 / 1024 / 1000) * 100) - 1 ≈ 1561

bool tick(unsigned long &lastTickTime, unsigned long millisInterval) {
     ab4:	cf 92       	push	r12
     ab6:	df 92       	push	r13
     ab8:	ef 92       	push	r14
     aba:	ff 92       	push	r15
     abc:	0f 93       	push	r16
     abe:	1f 93       	push	r17
     ac0:	cf 93       	push	r28
     ac2:	df 93       	push	r29
     ac4:	ec 01       	movw	r28, r24
     ac6:	6a 01       	movw	r12, r20
     ac8:	7b 01       	movw	r14, r22
D:\projects\arduino\figaro\OnlineGasDetector_FIGARO/ArduinoHelper.ino:4
  if (millis() < lastTickTime) {
     aca:	0e 94 ec 02 	call	0x5d8	; 0x5d8 <millis>
     ace:	08 81       	ld	r16, Y
     ad0:	19 81       	ldd	r17, Y+1	; 0x01
     ad2:	2a 81       	ldd	r18, Y+2	; 0x02
     ad4:	3b 81       	ldd	r19, Y+3	; 0x03
     ad6:	60 17       	cp	r22, r16
     ad8:	71 07       	cpc	r23, r17
     ada:	82 07       	cpc	r24, r18
     adc:	93 07       	cpc	r25, r19
     ade:	28 f5       	brcc	.+74     	; 0xb2a <tick(unsigned long&, unsigned long)+0x76>
D:\projects\arduino\figaro\OnlineGasDetector_FIGARO/ArduinoHelper.ino:5
    if (millis() + (4294967295UL - lastTickTime) > millisInterval) { /* 4294967295 - Максимальное значение millis(), после которого оно сбрасывается к нулю*/
     ae0:	0e 94 ec 02 	call	0x5d8	; 0x5d8 <millis>
     ae4:	ab 01       	movw	r20, r22
     ae6:	bc 01       	movw	r22, r24
     ae8:	88 81       	ld	r24, Y
     aea:	99 81       	ldd	r25, Y+1	; 0x01
     aec:	aa 81       	ldd	r26, Y+2	; 0x02
     aee:	bb 81       	ldd	r27, Y+3	; 0x03
     af0:	80 95       	com	r24
     af2:	90 95       	com	r25
     af4:	a0 95       	com	r26
     af6:	b0 95       	com	r27
     af8:	84 0f       	add	r24, r20
     afa:	95 1f       	adc	r25, r21
     afc:	a6 1f       	adc	r26, r22
     afe:	b7 1f       	adc	r27, r23
     b00:	c8 16       	cp	r12, r24
     b02:	d9 06       	cpc	r13, r25
     b04:	ea 06       	cpc	r14, r26
     b06:	fb 06       	cpc	r15, r27
     b08:	80 f4       	brcc	.+32     	; 0xb2a <tick(unsigned long&, unsigned long)+0x76>
D:\projects\arduino\figaro\OnlineGasDetector_FIGARO/ArduinoHelper.ino:11
      lastTickTime = millis();
      return true;
    }
  }
  if (millis() - lastTickTime > millisInterval) {
    lastTickTime = millis();
     b0a:	0e 94 ec 02 	call	0x5d8	; 0x5d8 <millis>
     b0e:	68 83       	st	Y, r22
     b10:	79 83       	std	Y+1, r23	; 0x01
     b12:	8a 83       	std	Y+2, r24	; 0x02
     b14:	9b 83       	std	Y+3, r25	; 0x03
D:\projects\arduino\figaro\OnlineGasDetector_FIGARO/ArduinoHelper.ino:12
    return true;
     b16:	81 e0       	ldi	r24, 0x01	; 1
D:\projects\arduino\figaro\OnlineGasDetector_FIGARO/ArduinoHelper.ino:15
  }
  return false;
}
     b18:	df 91       	pop	r29
     b1a:	cf 91       	pop	r28
     b1c:	1f 91       	pop	r17
     b1e:	0f 91       	pop	r16
     b20:	ff 90       	pop	r15
     b22:	ef 90       	pop	r14
     b24:	df 90       	pop	r13
     b26:	cf 90       	pop	r12
     b28:	08 95       	ret
D:\projects\arduino\figaro\OnlineGasDetector_FIGARO/ArduinoHelper.ino:10
    if (millis() + (4294967295UL - lastTickTime) > millisInterval) { /* 4294967295 - Максимальное значение millis(), после которого оно сбрасывается к нулю*/
      lastTickTime = millis();
      return true;
    }
  }
  if (millis() - lastTickTime > millisInterval) {
     b2a:	0e 94 ec 02 	call	0x5d8	; 0x5d8 <millis>
     b2e:	08 81       	ld	r16, Y
     b30:	19 81       	ldd	r17, Y+1	; 0x01
     b32:	2a 81       	ldd	r18, Y+2	; 0x02
     b34:	3b 81       	ldd	r19, Y+3	; 0x03
     b36:	60 1b       	sub	r22, r16
     b38:	71 0b       	sbc	r23, r17
     b3a:	82 0b       	sbc	r24, r18
     b3c:	93 0b       	sbc	r25, r19
     b3e:	c6 16       	cp	r12, r22
     b40:	d7 06       	cpc	r13, r23
     b42:	e8 06       	cpc	r14, r24
     b44:	f9 06       	cpc	r15, r25
     b46:	08 f3       	brcs	.-62     	; 0xb0a <tick(unsigned long&, unsigned long)+0x56>
D:\projects\arduino\figaro\OnlineGasDetector_FIGARO/ArduinoHelper.ino:14
    lastTickTime = millis();
    return true;
  }
  return false;
     b48:	80 e0       	ldi	r24, 0x00	; 0
     b4a:	e6 cf       	rjmp	.-52     	; 0xb18 <tick(unsigned long&, unsigned long)+0x64>

00000b4c <String::trim()>:
trim():
C:\Users\luci\AppData\Local\Arduino15\packages\MiniCore\hardware\avr\3.1.1\cores\MCUdude_corefiles/WString.cpp:721
    *p = toupper(*p);
  }
}

void String::trim(void)
{
     b4c:	af 92       	push	r10
     b4e:	bf 92       	push	r11
     b50:	cf 92       	push	r12
     b52:	df 92       	push	r13
     b54:	ef 92       	push	r14
     b56:	ff 92       	push	r15
     b58:	0f 93       	push	r16
     b5a:	1f 93       	push	r17
     b5c:	cf 93       	push	r28
     b5e:	df 93       	push	r29
C:\Users\luci\AppData\Local\Arduino15\packages\MiniCore\hardware\avr\3.1.1\cores\MCUdude_corefiles/WString.cpp:722
  if (!buffer || len == 0) return;
     b60:	dc 01       	movw	r26, r24
     b62:	cd 90       	ld	r12, X+
     b64:	dc 90       	ld	r13, X
     b66:	11 97       	sbiw	r26, 0x01	; 1
     b68:	c1 14       	cp	r12, r1
     b6a:	d1 04       	cpc	r13, r1
     b6c:	39 f0       	breq	.+14     	; 0xb7c <String::trim()+0x30>
     b6e:	14 96       	adiw	r26, 0x04	; 4
     b70:	cd 91       	ld	r28, X+
     b72:	dc 91       	ld	r29, X
     b74:	8c 01       	movw	r16, r24
     b76:	76 01       	movw	r14, r12
     b78:	20 97       	sbiw	r28, 0x00	; 0
     b7a:	61 f4       	brne	.+24     	; 0xb94 <String::trim()+0x48>
C:\Users\luci\AppData\Local\Arduino15\packages\MiniCore\hardware\avr\3.1.1\cores\MCUdude_corefiles/WString.cpp:730
  char *end = buffer + len - 1;
  while (isspace(*end) && end >= begin) end--;
  len = end + 1 - begin;
  if (begin > buffer) memcpy(buffer, begin, len);
  buffer[len] = 0;
}
     b7c:	df 91       	pop	r29
     b7e:	cf 91       	pop	r28
     b80:	1f 91       	pop	r17
     b82:	0f 91       	pop	r16
     b84:	ff 90       	pop	r15
     b86:	ef 90       	pop	r14
     b88:	df 90       	pop	r13
     b8a:	cf 90       	pop	r12
     b8c:	bf 90       	pop	r11
     b8e:	af 90       	pop	r10
     b90:	08 95       	ret
C:\Users\luci\AppData\Local\Arduino15\packages\MiniCore\hardware\avr\3.1.1\cores\MCUdude_corefiles/WString.cpp:724

void String::trim(void)
{
  if (!buffer || len == 0) return;
  char *begin = buffer;
  while (isspace(*begin)) begin++;
     b92:	75 01       	movw	r14, r10
     b94:	57 01       	movw	r10, r14
     b96:	bf ef       	ldi	r27, 0xFF	; 255
     b98:	ab 1a       	sub	r10, r27
     b9a:	bb 0a       	sbc	r11, r27
     b9c:	f7 01       	movw	r30, r14
     b9e:	80 81       	ld	r24, Z
     ba0:	08 2e       	mov	r0, r24
     ba2:	00 0c       	add	r0, r0
     ba4:	99 0b       	sbc	r25, r25
     ba6:	0e 94 bc 1b 	call	0x3778	; 0x3778 <isspace>
     baa:	89 2b       	or	r24, r25
     bac:	91 f7       	brne	.-28     	; 0xb92 <String::trim()+0x46>
C:\Users\luci\AppData\Local\Arduino15\packages\MiniCore\hardware\avr\3.1.1\cores\MCUdude_corefiles/WString.cpp:725
  char *end = buffer + len - 1;
     bae:	21 97       	sbiw	r28, 0x01	; 1
     bb0:	cc 0d       	add	r28, r12
     bb2:	dd 1d       	adc	r29, r13
C:\Users\luci\AppData\Local\Arduino15\packages\MiniCore\hardware\avr\3.1.1\cores\MCUdude_corefiles/WString.cpp:726
  while (isspace(*end) && end >= begin) end--;
     bb4:	88 81       	ld	r24, Y
     bb6:	08 2e       	mov	r0, r24
     bb8:	00 0c       	add	r0, r0
     bba:	99 0b       	sbc	r25, r25
     bbc:	0e 94 bc 1b 	call	0x3778	; 0x3778 <isspace>
     bc0:	89 2b       	or	r24, r25
     bc2:	29 f0       	breq	.+10     	; 0xbce <String::trim()+0x82>
     bc4:	ce 15       	cp	r28, r14
     bc6:	df 05       	cpc	r29, r15
     bc8:	10 f0       	brcs	.+4      	; 0xbce <String::trim()+0x82>
     bca:	21 97       	sbiw	r28, 0x01	; 1
     bcc:	f3 cf       	rjmp	.-26     	; 0xbb4 <String::trim()+0x68>
C:\Users\luci\AppData\Local\Arduino15\packages\MiniCore\hardware\avr\3.1.1\cores\MCUdude_corefiles/WString.cpp:727
  len = end + 1 - begin;
     bce:	ae 01       	movw	r20, r28
     bd0:	4f 5f       	subi	r20, 0xFF	; 255
     bd2:	5f 4f       	sbci	r21, 0xFF	; 255
     bd4:	4e 19       	sub	r20, r14
     bd6:	5f 09       	sbc	r21, r15
     bd8:	d8 01       	movw	r26, r16
     bda:	15 96       	adiw	r26, 0x05	; 5
     bdc:	5c 93       	st	X, r21
     bde:	4e 93       	st	-X, r20
     be0:	14 97       	sbiw	r26, 0x04	; 4
C:\Users\luci\AppData\Local\Arduino15\packages\MiniCore\hardware\avr\3.1.1\cores\MCUdude_corefiles/WString.cpp:728
  if (begin > buffer) memcpy(buffer, begin, len);
     be2:	ce 14       	cp	r12, r14
     be4:	df 04       	cpc	r13, r15
     be6:	20 f4       	brcc	.+8      	; 0xbf0 <String::trim()+0xa4>
     be8:	b7 01       	movw	r22, r14
     bea:	c6 01       	movw	r24, r12
     bec:	0e 94 06 21 	call	0x420c	; 0x420c <memcpy>
C:\Users\luci\AppData\Local\Arduino15\packages\MiniCore\hardware\avr\3.1.1\cores\MCUdude_corefiles/WString.cpp:729
  buffer[len] = 0;
     bf0:	d8 01       	movw	r26, r16
     bf2:	ed 91       	ld	r30, X+
     bf4:	fc 91       	ld	r31, X
     bf6:	11 97       	sbiw	r26, 0x01	; 1
     bf8:	14 96       	adiw	r26, 0x04	; 4
     bfa:	8d 91       	ld	r24, X+
     bfc:	9c 91       	ld	r25, X
     bfe:	e8 0f       	add	r30, r24
     c00:	f9 1f       	adc	r31, r25
     c02:	10 82       	st	Z, r1
     c04:	bb cf       	rjmp	.-138    	; 0xb7c <String::trim()+0x30>

00000c06 <Print::write(char const*) [clone .part.2]>:
_ZN5Print5writeEPKc.part.2():
C:\Users\luci\AppData\Local\Arduino15\packages\MiniCore\hardware\avr\3.1.1\cores\MCUdude_corefiles/Print.h:54
    void clearWriteError() { setWriteError(0); }

    virtual size_t write(uint8_t) = 0;
    size_t write(const char *str) {
      if (str == NULL) return 0;
      return write((const uint8_t *)str, strlen(str));
     c06:	fb 01       	movw	r30, r22
     c08:	01 90       	ld	r0, Z+
     c0a:	00 20       	and	r0, r0
     c0c:	e9 f7       	brne	.-6      	; 0xc08 <Print::write(char const*) [clone .part.2]+0x2>
     c0e:	31 97       	sbiw	r30, 0x01	; 1
     c10:	af 01       	movw	r20, r30
     c12:	46 1b       	sub	r20, r22
     c14:	57 0b       	sbc	r21, r23
     c16:	dc 01       	movw	r26, r24
     c18:	ed 91       	ld	r30, X+
     c1a:	fc 91       	ld	r31, X
     c1c:	02 80       	ldd	r0, Z+2	; 0x02
     c1e:	f3 81       	ldd	r31, Z+3	; 0x03
     c20:	e0 2d       	mov	r30, r0
     c22:	09 94       	ijmp

00000c24 <Print::printNumber(unsigned long, unsigned char) [clone .constprop.25]>:
printNumber():
C:\Users\luci\AppData\Local\Arduino15\packages\MiniCore\hardware\avr\3.1.1\cores\MCUdude_corefiles/Print.cpp:232
  return vfprintf_P(&f, (const char *)format, ap);
}

// Private Methods /////////////////////////////////////////////////////////////

size_t Print::printNumber(unsigned long n, uint8_t base)
     c24:	8f 92       	push	r8
     c26:	9f 92       	push	r9
     c28:	af 92       	push	r10
     c2a:	bf 92       	push	r11
     c2c:	0f 93       	push	r16
     c2e:	1f 93       	push	r17
     c30:	cf 93       	push	r28
     c32:	df 93       	push	r29
     c34:	cd b7       	in	r28, 0x3d	; 61
     c36:	de b7       	in	r29, 0x3e	; 62
     c38:	a1 97       	sbiw	r28, 0x21	; 33
     c3a:	0f b6       	in	r0, 0x3f	; 63
     c3c:	f8 94       	cli
     c3e:	de bf       	out	0x3e, r29	; 62
     c40:	0f be       	out	0x3f, r0	; 63
     c42:	cd bf       	out	0x3d, r28	; 61
C:\Users\luci\AppData\Local\Arduino15\packages\MiniCore\hardware\avr\3.1.1\cores\MCUdude_corefiles/Print.cpp:237
{
  char buf[8 * sizeof(long) + 1]; // Assumes 8-bit chars plus zero byte.
  char *str = &buf[sizeof(buf) - 1];

  *str = '\0';
     c44:	19 a2       	std	Y+33, r1	; 0x21
C:\Users\luci\AppData\Local\Arduino15\packages\MiniCore\hardware\avr\3.1.1\cores\MCUdude_corefiles/Print.cpp:240

  // prevent crash if called with base == 1
  if (base < 2) base = 10;
     c46:	42 30       	cpi	r20, 0x02	; 2
     c48:	08 f4       	brcc	.+2      	; 0xc4c <Print::printNumber(unsigned long, unsigned char) [clone .constprop.25]+0x28>
     c4a:	4a e0       	ldi	r20, 0x0A	; 10
     c4c:	8e 01       	movw	r16, r28
     c4e:	0f 5d       	subi	r16, 0xDF	; 223
     c50:	1f 4f       	sbci	r17, 0xFF	; 255
C:\Users\luci\AppData\Local\Arduino15\packages\MiniCore\hardware\avr\3.1.1\cores\MCUdude_corefiles/Print.cpp:243

  do {
    char c = n % base;
     c52:	84 2e       	mov	r8, r20
     c54:	91 2c       	mov	r9, r1
     c56:	b1 2c       	mov	r11, r1
     c58:	a1 2c       	mov	r10, r1
     c5a:	a5 01       	movw	r20, r10
     c5c:	94 01       	movw	r18, r8
     c5e:	0e 94 f5 1e 	call	0x3dea	; 0x3dea <__udivmodsi4>
     c62:	e6 2f       	mov	r30, r22
C:\Users\luci\AppData\Local\Arduino15\packages\MiniCore\hardware\avr\3.1.1\cores\MCUdude_corefiles/Print.cpp:244
    n /= base;
     c64:	b9 01       	movw	r22, r18
     c66:	ca 01       	movw	r24, r20
C:\Users\luci\AppData\Local\Arduino15\packages\MiniCore\hardware\avr\3.1.1\cores\MCUdude_corefiles/Print.cpp:246

    *--str = c < 10 ? c + '0' : c + 'A' - 10;
     c68:	ea 30       	cpi	r30, 0x0A	; 10
     c6a:	04 f5       	brge	.+64     	; 0xcac <Print::printNumber(unsigned long, unsigned char) [clone .constprop.25]+0x88>
     c6c:	e0 5d       	subi	r30, 0xD0	; 208
     c6e:	d8 01       	movw	r26, r16
     c70:	ee 93       	st	-X, r30
     c72:	8d 01       	movw	r16, r26
C:\Users\luci\AppData\Local\Arduino15\packages\MiniCore\hardware\avr\3.1.1\cores\MCUdude_corefiles/Print.cpp:247
  } while(n);
     c74:	23 2b       	or	r18, r19
     c76:	24 2b       	or	r18, r20
     c78:	25 2b       	or	r18, r21
     c7a:	79 f7       	brne	.-34     	; 0xc5a <Print::printNumber(unsigned long, unsigned char) [clone .constprop.25]+0x36>
C:\Users\luci\AppData\Local\Arduino15\packages\MiniCore\hardware\avr\3.1.1\cores\MCUdude_corefiles/Print.h:53
    int getWriteError() { return write_error; }
    void clearWriteError() { setWriteError(0); }

    virtual size_t write(uint8_t) = 0;
    size_t write(const char *str) {
      if (str == NULL) return 0;
     c7c:	90 e0       	ldi	r25, 0x00	; 0
     c7e:	80 e0       	ldi	r24, 0x00	; 0
write():
     c80:	10 97       	sbiw	r26, 0x00	; 0
     c82:	29 f0       	breq	.+10     	; 0xc8e <Print::printNumber(unsigned long, unsigned char) [clone .constprop.25]+0x6a>
     c84:	bd 01       	movw	r22, r26
     c86:	81 e4       	ldi	r24, 0x41	; 65
     c88:	94 e0       	ldi	r25, 0x04	; 4
     c8a:	0e 94 03 06 	call	0xc06	; 0xc06 <Print::write(char const*) [clone .part.2]>
printNumber():
C:\Users\luci\AppData\Local\Arduino15\packages\MiniCore\hardware\avr\3.1.1\cores\MCUdude_corefiles/Print.cpp:250

  return write(str);
}
     c8e:	a1 96       	adiw	r28, 0x21	; 33
     c90:	0f b6       	in	r0, 0x3f	; 63
     c92:	f8 94       	cli
     c94:	de bf       	out	0x3e, r29	; 62
     c96:	0f be       	out	0x3f, r0	; 63
     c98:	cd bf       	out	0x3d, r28	; 61
     c9a:	df 91       	pop	r29
     c9c:	cf 91       	pop	r28
     c9e:	1f 91       	pop	r17
     ca0:	0f 91       	pop	r16
     ca2:	bf 90       	pop	r11
     ca4:	af 90       	pop	r10
     ca6:	9f 90       	pop	r9
     ca8:	8f 90       	pop	r8
     caa:	08 95       	ret
C:\Users\luci\AppData\Local\Arduino15\packages\MiniCore\hardware\avr\3.1.1\cores\MCUdude_corefiles/Print.cpp:246

  do {
    char c = n % base;
    n /= base;

    *--str = c < 10 ? c + '0' : c + 'A' - 10;
     cac:	e9 5c       	subi	r30, 0xC9	; 201
     cae:	df cf       	rjmp	.-66     	; 0xc6e <Print::printNumber(unsigned long, unsigned char) [clone .constprop.25]+0x4a>

00000cb0 <Print::println(char const*) [clone .constprop.26]>:
println():
C:\Users\luci\AppData\Local\Arduino15\packages\MiniCore\hardware\avr\3.1.1\cores\MCUdude_corefiles/Print.cpp:138
  size_t n = print(s);
  n += println();
  return n;
}

size_t Print::println(const char c[])
     cb0:	cf 93       	push	r28
     cb2:	df 93       	push	r29
write():
     cb4:	bc 01       	movw	r22, r24
     cb6:	81 e4       	ldi	r24, 0x41	; 65
     cb8:	94 e0       	ldi	r25, 0x04	; 4
     cba:	0e 94 03 06 	call	0xc06	; 0xc06 <Print::write(char const*) [clone .part.2]>
     cbe:	ec 01       	movw	r28, r24
     cc0:	6b e4       	ldi	r22, 0x4B	; 75
     cc2:	71 e0       	ldi	r23, 0x01	; 1
     cc4:	81 e4       	ldi	r24, 0x41	; 65
     cc6:	94 e0       	ldi	r25, 0x04	; 4
     cc8:	0e 94 03 06 	call	0xc06	; 0xc06 <Print::write(char const*) [clone .part.2]>
println():
C:\Users\luci\AppData\Local\Arduino15\packages\MiniCore\hardware\avr\3.1.1\cores\MCUdude_corefiles/Print.cpp:143
{
  size_t n = print(c);
  n += println();
  return n;
}
     ccc:	8c 0f       	add	r24, r28
     cce:	9d 1f       	adc	r25, r29
     cd0:	df 91       	pop	r29
     cd2:	cf 91       	pop	r28
     cd4:	08 95       	ret

00000cd6 <Print::println(String const&)>:
C:\Users\luci\AppData\Local\Arduino15\packages\MiniCore\hardware\avr\3.1.1\cores\MCUdude_corefiles/Print.cpp:132
{
  return write("\r\n");
}

size_t Print::println(const String &s)
{
     cd6:	0f 93       	push	r16
     cd8:	1f 93       	push	r17
     cda:	cf 93       	push	r28
     cdc:	df 93       	push	r29
     cde:	ec 01       	movw	r28, r24
write():
C:\Users\luci\AppData\Local\Arduino15\packages\MiniCore\hardware\avr\3.1.1\cores\MCUdude_corefiles/Print.h:58
      return write((const uint8_t *)str, strlen(str));
    }
    virtual size_t write(const uint8_t *buffer, size_t size);
    size_t write(const char *buffer, size_t size) {
      return write((const uint8_t *)buffer, size);
     ce0:	fb 01       	movw	r30, r22
     ce2:	44 81       	ldd	r20, Z+4	; 0x04
     ce4:	55 81       	ldd	r21, Z+5	; 0x05
     ce6:	60 81       	ld	r22, Z
     ce8:	71 81       	ldd	r23, Z+1	; 0x01
     cea:	e8 81       	ld	r30, Y
     cec:	f9 81       	ldd	r31, Y+1	; 0x01
     cee:	02 80       	ldd	r0, Z+2	; 0x02
     cf0:	f3 81       	ldd	r31, Z+3	; 0x03
     cf2:	e0 2d       	mov	r30, r0
     cf4:	09 95       	icall
     cf6:	8c 01       	movw	r16, r24
     cf8:	6b e4       	ldi	r22, 0x4B	; 75
     cfa:	71 e0       	ldi	r23, 0x01	; 1
     cfc:	ce 01       	movw	r24, r28
     cfe:	0e 94 03 06 	call	0xc06	; 0xc06 <Print::write(char const*) [clone .part.2]>
println():
C:\Users\luci\AppData\Local\Arduino15\packages\MiniCore\hardware\avr\3.1.1\cores\MCUdude_corefiles/Print.cpp:136
  size_t n = print(s);
  n += println();
  return n;
}
     d02:	80 0f       	add	r24, r16
     d04:	91 1f       	adc	r25, r17
     d06:	df 91       	pop	r29
     d08:	cf 91       	pop	r28
     d0a:	1f 91       	pop	r17
     d0c:	0f 91       	pop	r16
     d0e:	08 95       	ret

00000d10 <Print::println(__FlashStringHelper const*)>:
C:\Users\luci\AppData\Local\Arduino15\packages\MiniCore\hardware\avr\3.1.1\cores\MCUdude_corefiles/Print.cpp:115
{
  return printFloat(n, digits);
}

size_t Print::println(const __FlashStringHelper *ifsh)
{
     d10:	0f 93       	push	r16
     d12:	1f 93       	push	r17
     d14:	cf 93       	push	r28
     d16:	df 93       	push	r29
     d18:	ec 01       	movw	r28, r24
C:\Users\luci\AppData\Local\Arduino15\packages\MiniCore\hardware\avr\3.1.1\cores\MCUdude_corefiles/Print.cpp:116
  size_t n = print(ifsh);
     d1a:	0e 94 0a 03 	call	0x614	; 0x614 <Print::print(__FlashStringHelper const*)>
     d1e:	8c 01       	movw	r16, r24
write():
     d20:	6b e4       	ldi	r22, 0x4B	; 75
     d22:	71 e0       	ldi	r23, 0x01	; 1
     d24:	ce 01       	movw	r24, r28
     d26:	0e 94 03 06 	call	0xc06	; 0xc06 <Print::write(char const*) [clone .part.2]>
println():
C:\Users\luci\AppData\Local\Arduino15\packages\MiniCore\hardware\avr\3.1.1\cores\MCUdude_corefiles/Print.cpp:119
  n += println();
  return n;
}
     d2a:	80 0f       	add	r24, r16
     d2c:	91 1f       	adc	r25, r17
     d2e:	df 91       	pop	r29
     d30:	cf 91       	pop	r28
     d32:	1f 91       	pop	r17
     d34:	0f 91       	pop	r16
     d36:	08 95       	ret

00000d38 <String::indexOf(String const&, unsigned int) const>:
indexOf():
C:\Users\luci\AppData\Local\Arduino15\packages\MiniCore\hardware\avr\3.1.1\cores\MCUdude_corefiles/WString.cpp:574
{
  return indexOf(s2, 0);
}

int String::indexOf(const String &s2, unsigned int fromIndex) const
{
     d38:	cf 93       	push	r28
     d3a:	df 93       	push	r29
C:\Users\luci\AppData\Local\Arduino15\packages\MiniCore\hardware\avr\3.1.1\cores\MCUdude_corefiles/WString.cpp:575
  if (fromIndex >= len) return -1;
     d3c:	fc 01       	movw	r30, r24
     d3e:	24 81       	ldd	r18, Z+4	; 0x04
     d40:	35 81       	ldd	r19, Z+5	; 0x05
     d42:	42 17       	cp	r20, r18
     d44:	53 07       	cpc	r21, r19
     d46:	88 f4       	brcc	.+34     	; 0xd6a <String::indexOf(String const&, unsigned int) const+0x32>
C:\Users\luci\AppData\Local\Arduino15\packages\MiniCore\hardware\avr\3.1.1\cores\MCUdude_corefiles/WString.cpp:576
  const char *found = strstr(buffer + fromIndex, s2.buffer);
     d48:	c0 81       	ld	r28, Z
     d4a:	d1 81       	ldd	r29, Z+1	; 0x01
     d4c:	fb 01       	movw	r30, r22
     d4e:	60 81       	ld	r22, Z
     d50:	71 81       	ldd	r23, Z+1	; 0x01
     d52:	ce 01       	movw	r24, r28
     d54:	84 0f       	add	r24, r20
     d56:	95 1f       	adc	r25, r21
     d58:	0e 94 21 21 	call	0x4242	; 0x4242 <strstr>
C:\Users\luci\AppData\Local\Arduino15\packages\MiniCore\hardware\avr\3.1.1\cores\MCUdude_corefiles/WString.cpp:577
  if (found == NULL) return -1;
     d5c:	00 97       	sbiw	r24, 0x00	; 0
     d5e:	29 f0       	breq	.+10     	; 0xd6a <String::indexOf(String const&, unsigned int) const+0x32>
C:\Users\luci\AppData\Local\Arduino15\packages\MiniCore\hardware\avr\3.1.1\cores\MCUdude_corefiles/WString.cpp:578
  return found - buffer;
     d60:	8c 1b       	sub	r24, r28
     d62:	9d 0b       	sbc	r25, r29
C:\Users\luci\AppData\Local\Arduino15\packages\MiniCore\hardware\avr\3.1.1\cores\MCUdude_corefiles/WString.cpp:579
}
     d64:	df 91       	pop	r29
     d66:	cf 91       	pop	r28
     d68:	08 95       	ret
C:\Users\luci\AppData\Local\Arduino15\packages\MiniCore\hardware\avr\3.1.1\cores\MCUdude_corefiles/WString.cpp:575
  return indexOf(s2, 0);
}

int String::indexOf(const String &s2, unsigned int fromIndex) const
{
  if (fromIndex >= len) return -1;
     d6a:	8f ef       	ldi	r24, 0xFF	; 255
     d6c:	9f ef       	ldi	r25, 0xFF	; 255
     d6e:	fa cf       	rjmp	.-12     	; 0xd64 <String::indexOf(String const&, unsigned int) const+0x2c>

00000d70 <String::indexOf(String const&) const>:
C:\Users\luci\AppData\Local\Arduino15\packages\MiniCore\hardware\avr\3.1.1\cores\MCUdude_corefiles/WString.cpp:570
  return temp - buffer;
}

int String::indexOf(const String &s2) const
{
  return indexOf(s2, 0);
     d70:	50 e0       	ldi	r21, 0x00	; 0
     d72:	40 e0       	ldi	r20, 0x00	; 0
     d74:	0c 94 9c 06 	jmp	0xd38	; 0xd38 <String::indexOf(String const&, unsigned int) const>

00000d78 <String::indexOf(char, unsigned int) const>:
C:\Users\luci\AppData\Local\Arduino15\packages\MiniCore\hardware\avr\3.1.1\cores\MCUdude_corefiles/WString.cpp:561
{
  return indexOf(c, 0);
}

int String::indexOf( char ch, unsigned int fromIndex ) const
{
     d78:	cf 93       	push	r28
     d7a:	df 93       	push	r29
C:\Users\luci\AppData\Local\Arduino15\packages\MiniCore\hardware\avr\3.1.1\cores\MCUdude_corefiles/WString.cpp:562
  if (fromIndex >= len) return -1;
     d7c:	fc 01       	movw	r30, r24
     d7e:	24 81       	ldd	r18, Z+4	; 0x04
     d80:	35 81       	ldd	r19, Z+5	; 0x05
     d82:	42 17       	cp	r20, r18
     d84:	53 07       	cpc	r21, r19
     d86:	88 f4       	brcc	.+34     	; 0xdaa <String::indexOf(char, unsigned int) const+0x32>
C:\Users\luci\AppData\Local\Arduino15\packages\MiniCore\hardware\avr\3.1.1\cores\MCUdude_corefiles/WString.cpp:563
  const char* temp = strchr(buffer + fromIndex, ch);
     d88:	c0 81       	ld	r28, Z
     d8a:	d1 81       	ldd	r29, Z+1	; 0x01
     d8c:	06 2e       	mov	r0, r22
     d8e:	00 0c       	add	r0, r0
     d90:	77 0b       	sbc	r23, r23
     d92:	ce 01       	movw	r24, r28
     d94:	84 0f       	add	r24, r20
     d96:	95 1f       	adc	r25, r21
     d98:	0e 94 0f 21 	call	0x421e	; 0x421e <strchr>
C:\Users\luci\AppData\Local\Arduino15\packages\MiniCore\hardware\avr\3.1.1\cores\MCUdude_corefiles/WString.cpp:564
  if (temp == NULL) return -1;
     d9c:	00 97       	sbiw	r24, 0x00	; 0
     d9e:	29 f0       	breq	.+10     	; 0xdaa <String::indexOf(char, unsigned int) const+0x32>
C:\Users\luci\AppData\Local\Arduino15\packages\MiniCore\hardware\avr\3.1.1\cores\MCUdude_corefiles/WString.cpp:565
  return temp - buffer;
     da0:	8c 1b       	sub	r24, r28
     da2:	9d 0b       	sbc	r25, r29
C:\Users\luci\AppData\Local\Arduino15\packages\MiniCore\hardware\avr\3.1.1\cores\MCUdude_corefiles/WString.cpp:566
}
     da4:	df 91       	pop	r29
     da6:	cf 91       	pop	r28
     da8:	08 95       	ret
C:\Users\luci\AppData\Local\Arduino15\packages\MiniCore\hardware\avr\3.1.1\cores\MCUdude_corefiles/WString.cpp:562
  return indexOf(c, 0);
}

int String::indexOf( char ch, unsigned int fromIndex ) const
{
  if (fromIndex >= len) return -1;
     daa:	8f ef       	ldi	r24, 0xFF	; 255
     dac:	9f ef       	ldi	r25, 0xFF	; 255
     dae:	fa cf       	rjmp	.-12     	; 0xda4 <String::indexOf(char, unsigned int) const+0x2c>

00000db0 <String::move(String&)>:
move():
C:\Users\luci\AppData\Local\Arduino15\packages\MiniCore\hardware\avr\3.1.1\cores\MCUdude_corefiles/WString.cpp:195
  return *this;
}

#if __cplusplus >= 201103L || defined(__GXX_EXPERIMENTAL_CXX0X__)
void String::move(String &rhs)
{
     db0:	0f 93       	push	r16
     db2:	1f 93       	push	r17
     db4:	cf 93       	push	r28
     db6:	df 93       	push	r29
     db8:	8c 01       	movw	r16, r24
     dba:	eb 01       	movw	r28, r22
C:\Users\luci\AppData\Local\Arduino15\packages\MiniCore\hardware\avr\3.1.1\cores\MCUdude_corefiles/WString.cpp:196
  if (buffer) {
     dbc:	fc 01       	movw	r30, r24
     dbe:	80 81       	ld	r24, Z
     dc0:	91 81       	ldd	r25, Z+1	; 0x01
     dc2:	00 97       	sbiw	r24, 0x00	; 0
     dc4:	e1 f0       	breq	.+56     	; 0xdfe <String::move(String&)+0x4e>
     dc6:	68 81       	ld	r22, Y
     dc8:	79 81       	ldd	r23, Y+1	; 0x01
_ZNK6StringcvMS_KFvvEEv.isra.0():
C:\Users\luci\AppData\Local\Arduino15\packages\MiniCore\hardware\avr\3.1.1\cores\MCUdude_corefiles/WString.h:138
  friend StringSumHelper & operator + (const StringSumHelper &lhs, float num);
  friend StringSumHelper & operator + (const StringSumHelper &lhs, double num);
  friend StringSumHelper & operator + (const StringSumHelper &lhs, const __FlashStringHelper *rhs);

  // comparison (only works w/ Strings and "strings")
  operator StringIfHelperType() const { return buffer ? &String::StringIfHelper : 0; }
     dca:	61 15       	cp	r22, r1
     dcc:	71 05       	cpc	r23, r1
     dce:	a9 f0       	breq	.+42     	; 0xdfa <String::move(String&)+0x4a>
move():
C:\Users\luci\AppData\Local\Arduino15\packages\MiniCore\hardware\avr\3.1.1\cores\MCUdude_corefiles/WString.cpp:197
    if (rhs && capacity >= rhs.len) {
     dd0:	42 81       	ldd	r20, Z+2	; 0x02
     dd2:	53 81       	ldd	r21, Z+3	; 0x03
     dd4:	2c 81       	ldd	r18, Y+4	; 0x04
     dd6:	3d 81       	ldd	r19, Y+5	; 0x05
     dd8:	42 17       	cp	r20, r18
     dda:	53 07       	cpc	r21, r19
     ddc:	70 f0       	brcs	.+28     	; 0xdfa <String::move(String&)+0x4a>
C:\Users\luci\AppData\Local\Arduino15\packages\MiniCore\hardware\avr\3.1.1\cores\MCUdude_corefiles/WString.cpp:198
      strcpy(buffer, rhs.buffer);
     dde:	0e 94 1a 21 	call	0x4234	; 0x4234 <strcpy>
C:\Users\luci\AppData\Local\Arduino15\packages\MiniCore\hardware\avr\3.1.1\cores\MCUdude_corefiles/WString.cpp:199
      len = rhs.len;
     de2:	8c 81       	ldd	r24, Y+4	; 0x04
     de4:	9d 81       	ldd	r25, Y+5	; 0x05
     de6:	f8 01       	movw	r30, r16
     de8:	95 83       	std	Z+5, r25	; 0x05
     dea:	84 83       	std	Z+4, r24	; 0x04
C:\Users\luci\AppData\Local\Arduino15\packages\MiniCore\hardware\avr\3.1.1\cores\MCUdude_corefiles/WString.cpp:211
  buffer = rhs.buffer;
  capacity = rhs.capacity;
  len = rhs.len;
  rhs.buffer = NULL;
  rhs.capacity = 0;
  rhs.len = 0;
     dec:	1d 82       	std	Y+5, r1	; 0x05
     dee:	1c 82       	std	Y+4, r1	; 0x04
C:\Users\luci\AppData\Local\Arduino15\packages\MiniCore\hardware\avr\3.1.1\cores\MCUdude_corefiles/WString.cpp:212
}
     df0:	df 91       	pop	r29
     df2:	cf 91       	pop	r28
     df4:	1f 91       	pop	r17
     df6:	0f 91       	pop	r16
     df8:	08 95       	ret
C:\Users\luci\AppData\Local\Arduino15\packages\MiniCore\hardware\avr\3.1.1\cores\MCUdude_corefiles/WString.cpp:203
      strcpy(buffer, rhs.buffer);
      len = rhs.len;
      rhs.len = 0;
      return;
    } else {
      free(buffer);
     dfa:	0e 94 c0 1f 	call	0x3f80	; 0x3f80 <free>
C:\Users\luci\AppData\Local\Arduino15\packages\MiniCore\hardware\avr\3.1.1\cores\MCUdude_corefiles/WString.cpp:206
    }
  }
  buffer = rhs.buffer;
     dfe:	88 81       	ld	r24, Y
     e00:	99 81       	ldd	r25, Y+1	; 0x01
     e02:	f8 01       	movw	r30, r16
     e04:	91 83       	std	Z+1, r25	; 0x01
     e06:	80 83       	st	Z, r24
C:\Users\luci\AppData\Local\Arduino15\packages\MiniCore\hardware\avr\3.1.1\cores\MCUdude_corefiles/WString.cpp:207
  capacity = rhs.capacity;
     e08:	8a 81       	ldd	r24, Y+2	; 0x02
     e0a:	9b 81       	ldd	r25, Y+3	; 0x03
     e0c:	93 83       	std	Z+3, r25	; 0x03
     e0e:	82 83       	std	Z+2, r24	; 0x02
C:\Users\luci\AppData\Local\Arduino15\packages\MiniCore\hardware\avr\3.1.1\cores\MCUdude_corefiles/WString.cpp:208
  len = rhs.len;
     e10:	8c 81       	ldd	r24, Y+4	; 0x04
     e12:	9d 81       	ldd	r25, Y+5	; 0x05
     e14:	95 83       	std	Z+5, r25	; 0x05
     e16:	84 83       	std	Z+4, r24	; 0x04
C:\Users\luci\AppData\Local\Arduino15\packages\MiniCore\hardware\avr\3.1.1\cores\MCUdude_corefiles/WString.cpp:209
  rhs.buffer = NULL;
     e18:	19 82       	std	Y+1, r1	; 0x01
     e1a:	18 82       	st	Y, r1
C:\Users\luci\AppData\Local\Arduino15\packages\MiniCore\hardware\avr\3.1.1\cores\MCUdude_corefiles/WString.cpp:210
  rhs.capacity = 0;
     e1c:	1b 82       	std	Y+3, r1	; 0x03
     e1e:	1a 82       	std	Y+2, r1	; 0x02
     e20:	e5 cf       	rjmp	.-54     	; 0xdec <String::move(String&)+0x3c>

00000e22 <String::invalidate()>:
invalidate():
C:\Users\luci\AppData\Local\Arduino15\packages\MiniCore\hardware\avr\3.1.1\cores\MCUdude_corefiles/WString.cpp:140
  capacity = 0;
  len = 0;
}

void String::invalidate(void)
{
     e22:	cf 93       	push	r28
     e24:	df 93       	push	r29
     e26:	ec 01       	movw	r28, r24
C:\Users\luci\AppData\Local\Arduino15\packages\MiniCore\hardware\avr\3.1.1\cores\MCUdude_corefiles/WString.cpp:141
  if (buffer) free(buffer);
     e28:	88 81       	ld	r24, Y
     e2a:	99 81       	ldd	r25, Y+1	; 0x01
     e2c:	00 97       	sbiw	r24, 0x00	; 0
     e2e:	11 f0       	breq	.+4      	; 0xe34 <String::invalidate()+0x12>
     e30:	0e 94 c0 1f 	call	0x3f80	; 0x3f80 <free>
C:\Users\luci\AppData\Local\Arduino15\packages\MiniCore\hardware\avr\3.1.1\cores\MCUdude_corefiles/WString.cpp:142
  buffer = NULL;
     e34:	19 82       	std	Y+1, r1	; 0x01
     e36:	18 82       	st	Y, r1
C:\Users\luci\AppData\Local\Arduino15\packages\MiniCore\hardware\avr\3.1.1\cores\MCUdude_corefiles/WString.cpp:143
  capacity = len = 0;
     e38:	1d 82       	std	Y+5, r1	; 0x05
     e3a:	1c 82       	std	Y+4, r1	; 0x04
     e3c:	1b 82       	std	Y+3, r1	; 0x03
     e3e:	1a 82       	std	Y+2, r1	; 0x02
C:\Users\luci\AppData\Local\Arduino15\packages\MiniCore\hardware\avr\3.1.1\cores\MCUdude_corefiles/WString.cpp:144
}
     e40:	df 91       	pop	r29
     e42:	cf 91       	pop	r28
     e44:	08 95       	ret

00000e46 <String::~String()>:
__base_dtor ():
C:\Users\luci\AppData\Local\Arduino15\packages\MiniCore\hardware\avr\3.1.1\cores\MCUdude_corefiles/WString.cpp:124
  *this = dtostrf(value, (decimalPlaces + 2), decimalPlaces, buf);
}

String::~String()
{
  if(buffer)
     e46:	fc 01       	movw	r30, r24
     e48:	80 81       	ld	r24, Z
     e4a:	91 81       	ldd	r25, Z+1	; 0x01
     e4c:	00 97       	sbiw	r24, 0x00	; 0
     e4e:	11 f0       	breq	.+4      	; 0xe54 <String::~String()+0xe>
C:\Users\luci\AppData\Local\Arduino15\packages\MiniCore\hardware\avr\3.1.1\cores\MCUdude_corefiles/WString.cpp:125
    free(buffer);
     e50:	0c 94 c0 1f 	jmp	0x3f80	; 0x3f80 <free>
C:\Users\luci\AppData\Local\Arduino15\packages\MiniCore\hardware\avr\3.1.1\cores\MCUdude_corefiles/WString.cpp:126
}
     e54:	08 95       	ret

00000e56 <String::reserve(unsigned int)>:
reserve():
C:\Users\luci\AppData\Local\Arduino15\packages\MiniCore\hardware\avr\3.1.1\cores\MCUdude_corefiles/WString.cpp:147
  buffer = NULL;
  capacity = len = 0;
}

unsigned char String::reserve(unsigned int size)
{
     e56:	0f 93       	push	r16
     e58:	1f 93       	push	r17
     e5a:	cf 93       	push	r28
     e5c:	df 93       	push	r29
     e5e:	ec 01       	movw	r28, r24
C:\Users\luci\AppData\Local\Arduino15\packages\MiniCore\hardware\avr\3.1.1\cores\MCUdude_corefiles/WString.cpp:148
  if (buffer && capacity >= size) return 1;
     e60:	88 81       	ld	r24, Y
     e62:	99 81       	ldd	r25, Y+1	; 0x01
     e64:	00 97       	sbiw	r24, 0x00	; 0
     e66:	59 f0       	breq	.+22     	; 0xe7e <String::reserve(unsigned int)+0x28>
     e68:	2a 81       	ldd	r18, Y+2	; 0x02
     e6a:	3b 81       	ldd	r19, Y+3	; 0x03
     e6c:	26 17       	cp	r18, r22
     e6e:	37 07       	cpc	r19, r23
     e70:	30 f0       	brcs	.+12     	; 0xe7e <String::reserve(unsigned int)+0x28>
C:\Users\luci\AppData\Local\Arduino15\packages\MiniCore\hardware\avr\3.1.1\cores\MCUdude_corefiles/WString.cpp:150
  if (changeBuffer(size)) {
    if (len == 0) buffer[0] = 0;
     e72:	81 e0       	ldi	r24, 0x01	; 1
C:\Users\luci\AppData\Local\Arduino15\packages\MiniCore\hardware\avr\3.1.1\cores\MCUdude_corefiles/WString.cpp:154
    return 1;
  }
  return 0;
}
     e74:	df 91       	pop	r29
     e76:	cf 91       	pop	r28
     e78:	1f 91       	pop	r17
     e7a:	0f 91       	pop	r16
     e7c:	08 95       	ret
     e7e:	8b 01       	movw	r16, r22
changeBuffer():
C:\Users\luci\AppData\Local\Arduino15\packages\MiniCore\hardware\avr\3.1.1\cores\MCUdude_corefiles/WString.cpp:158

unsigned char String::changeBuffer(unsigned int maxStrLen)
{
  char *newbuffer = (char *)realloc(buffer, maxStrLen + 1);
     e80:	6f 5f       	subi	r22, 0xFF	; 255
     e82:	7f 4f       	sbci	r23, 0xFF	; 255
     e84:	0e 94 49 20 	call	0x4092	; 0x4092 <realloc>
C:\Users\luci\AppData\Local\Arduino15\packages\MiniCore\hardware\avr\3.1.1\cores\MCUdude_corefiles/WString.cpp:159
  if (newbuffer) {
     e88:	00 97       	sbiw	r24, 0x00	; 0
     e8a:	59 f0       	breq	.+22     	; 0xea2 <String::reserve(unsigned int)+0x4c>
C:\Users\luci\AppData\Local\Arduino15\packages\MiniCore\hardware\avr\3.1.1\cores\MCUdude_corefiles/WString.cpp:160
    buffer = newbuffer;
     e8c:	99 83       	std	Y+1, r25	; 0x01
     e8e:	88 83       	st	Y, r24
C:\Users\luci\AppData\Local\Arduino15\packages\MiniCore\hardware\avr\3.1.1\cores\MCUdude_corefiles/WString.cpp:161
    capacity = maxStrLen;
     e90:	1b 83       	std	Y+3, r17	; 0x03
     e92:	0a 83       	std	Y+2, r16	; 0x02
reserve():
C:\Users\luci\AppData\Local\Arduino15\packages\MiniCore\hardware\avr\3.1.1\cores\MCUdude_corefiles/WString.cpp:150

unsigned char String::reserve(unsigned int size)
{
  if (buffer && capacity >= size) return 1;
  if (changeBuffer(size)) {
    if (len == 0) buffer[0] = 0;
     e94:	2c 81       	ldd	r18, Y+4	; 0x04
     e96:	3d 81       	ldd	r19, Y+5	; 0x05
     e98:	23 2b       	or	r18, r19
     e9a:	59 f7       	brne	.-42     	; 0xe72 <String::reserve(unsigned int)+0x1c>
     e9c:	fc 01       	movw	r30, r24
     e9e:	10 82       	st	Z, r1
     ea0:	e8 cf       	rjmp	.-48     	; 0xe72 <String::reserve(unsigned int)+0x1c>
C:\Users\luci\AppData\Local\Arduino15\packages\MiniCore\hardware\avr\3.1.1\cores\MCUdude_corefiles/WString.cpp:153
    return 1;
  }
  return 0;
     ea2:	80 e0       	ldi	r24, 0x00	; 0
     ea4:	e7 cf       	rjmp	.-50     	; 0xe74 <String::reserve(unsigned int)+0x1e>

00000ea6 <String::concat(char const*, unsigned int)>:
concat():
C:\Users\luci\AppData\Local\Arduino15\packages\MiniCore\hardware\avr\3.1.1\cores\MCUdude_corefiles/WString.cpp:265
{
  return concat(s.buffer, s.len);
}

unsigned char String::concat(const char *cstr, unsigned int length)
{
     ea6:	ef 92       	push	r14
     ea8:	ff 92       	push	r15
     eaa:	0f 93       	push	r16
     eac:	1f 93       	push	r17
     eae:	cf 93       	push	r28
     eb0:	df 93       	push	r29
C:\Users\luci\AppData\Local\Arduino15\packages\MiniCore\hardware\avr\3.1.1\cores\MCUdude_corefiles/WString.cpp:267
  unsigned int newlen = len + length;
  if (!cstr) return 0;
     eb2:	61 15       	cp	r22, r1
     eb4:	71 05       	cpc	r23, r1
     eb6:	41 f4       	brne	.+16     	; 0xec8 <String::concat(char const*, unsigned int)+0x22>
     eb8:	80 e0       	ldi	r24, 0x00	; 0
C:\Users\luci\AppData\Local\Arduino15\packages\MiniCore\hardware\avr\3.1.1\cores\MCUdude_corefiles/WString.cpp:273
  if (length == 0) return 1;
  if (!reserve(newlen)) return 0;
  strcpy(buffer + len, cstr);
  len = newlen;
  return 1;
}
     eba:	df 91       	pop	r29
     ebc:	cf 91       	pop	r28
     ebe:	1f 91       	pop	r17
     ec0:	0f 91       	pop	r16
     ec2:	ff 90       	pop	r15
     ec4:	ef 90       	pop	r14
     ec6:	08 95       	ret
C:\Users\luci\AppData\Local\Arduino15\packages\MiniCore\hardware\avr\3.1.1\cores\MCUdude_corefiles/WString.cpp:268

unsigned char String::concat(const char *cstr, unsigned int length)
{
  unsigned int newlen = len + length;
  if (!cstr) return 0;
  if (length == 0) return 1;
     ec8:	41 15       	cp	r20, r1
     eca:	51 05       	cpc	r21, r1
     ecc:	b1 f0       	breq	.+44     	; 0xefa <String::concat(char const*, unsigned int)+0x54>
     ece:	7b 01       	movw	r14, r22
     ed0:	ec 01       	movw	r28, r24
C:\Users\luci\AppData\Local\Arduino15\packages\MiniCore\hardware\avr\3.1.1\cores\MCUdude_corefiles/WString.cpp:266
  return concat(s.buffer, s.len);
}

unsigned char String::concat(const char *cstr, unsigned int length)
{
  unsigned int newlen = len + length;
     ed2:	0c 81       	ldd	r16, Y+4	; 0x04
     ed4:	1d 81       	ldd	r17, Y+5	; 0x05
     ed6:	04 0f       	add	r16, r20
     ed8:	15 1f       	adc	r17, r21
C:\Users\luci\AppData\Local\Arduino15\packages\MiniCore\hardware\avr\3.1.1\cores\MCUdude_corefiles/WString.cpp:269
  if (!cstr) return 0;
  if (length == 0) return 1;
  if (!reserve(newlen)) return 0;
     eda:	b8 01       	movw	r22, r16
     edc:	0e 94 2b 07 	call	0xe56	; 0xe56 <String::reserve(unsigned int)>
     ee0:	88 23       	and	r24, r24
     ee2:	51 f3       	breq	.-44     	; 0xeb8 <String::concat(char const*, unsigned int)+0x12>
C:\Users\luci\AppData\Local\Arduino15\packages\MiniCore\hardware\avr\3.1.1\cores\MCUdude_corefiles/WString.cpp:270
  strcpy(buffer + len, cstr);
     ee4:	28 81       	ld	r18, Y
     ee6:	39 81       	ldd	r19, Y+1	; 0x01
     ee8:	8c 81       	ldd	r24, Y+4	; 0x04
     eea:	9d 81       	ldd	r25, Y+5	; 0x05
     eec:	b7 01       	movw	r22, r14
     eee:	82 0f       	add	r24, r18
     ef0:	93 1f       	adc	r25, r19
     ef2:	0e 94 1a 21 	call	0x4234	; 0x4234 <strcpy>
C:\Users\luci\AppData\Local\Arduino15\packages\MiniCore\hardware\avr\3.1.1\cores\MCUdude_corefiles/WString.cpp:271
  len = newlen;
     ef6:	1d 83       	std	Y+5, r17	; 0x05
     ef8:	0c 83       	std	Y+4, r16	; 0x04
C:\Users\luci\AppData\Local\Arduino15\packages\MiniCore\hardware\avr\3.1.1\cores\MCUdude_corefiles/WString.cpp:268

unsigned char String::concat(const char *cstr, unsigned int length)
{
  unsigned int newlen = len + length;
  if (!cstr) return 0;
  if (length == 0) return 1;
     efa:	81 e0       	ldi	r24, 0x01	; 1
     efc:	de cf       	rjmp	.-68     	; 0xeba <String::concat(char const*, unsigned int)+0x14>

00000efe <String::copy(char const*, unsigned int)>:
copy():
C:\Users\luci\AppData\Local\Arduino15\packages\MiniCore\hardware\avr\3.1.1\cores\MCUdude_corefiles/WString.cpp:172
/*********************************************/
/*  Copy and Move                            */
/*********************************************/

String & String::copy(const char *cstr, unsigned int length)
{
     efe:	ef 92       	push	r14
     f00:	ff 92       	push	r15
     f02:	0f 93       	push	r16
     f04:	1f 93       	push	r17
     f06:	cf 93       	push	r28
     f08:	df 93       	push	r29
     f0a:	ec 01       	movw	r28, r24
     f0c:	7b 01       	movw	r14, r22
     f0e:	8a 01       	movw	r16, r20
C:\Users\luci\AppData\Local\Arduino15\packages\MiniCore\hardware\avr\3.1.1\cores\MCUdude_corefiles/WString.cpp:173
  if (!reserve(length)) {
     f10:	ba 01       	movw	r22, r20
     f12:	0e 94 2b 07 	call	0xe56	; 0xe56 <String::reserve(unsigned int)>
     f16:	81 11       	cpse	r24, r1
     f18:	0b c0       	rjmp	.+22     	; 0xf30 <String::copy(char const*, unsigned int)+0x32>
C:\Users\luci\AppData\Local\Arduino15\packages\MiniCore\hardware\avr\3.1.1\cores\MCUdude_corefiles/WString.cpp:174
    invalidate();
     f1a:	ce 01       	movw	r24, r28
     f1c:	0e 94 11 07 	call	0xe22	; 0xe22 <String::invalidate()>
C:\Users\luci\AppData\Local\Arduino15\packages\MiniCore\hardware\avr\3.1.1\cores\MCUdude_corefiles/WString.cpp:180
    return *this;
  }
  len = length;
  strcpy(buffer, cstr);
  return *this;
}
     f20:	ce 01       	movw	r24, r28
     f22:	df 91       	pop	r29
     f24:	cf 91       	pop	r28
     f26:	1f 91       	pop	r17
     f28:	0f 91       	pop	r16
     f2a:	ff 90       	pop	r15
     f2c:	ef 90       	pop	r14
     f2e:	08 95       	ret
C:\Users\luci\AppData\Local\Arduino15\packages\MiniCore\hardware\avr\3.1.1\cores\MCUdude_corefiles/WString.cpp:177
{
  if (!reserve(length)) {
    invalidate();
    return *this;
  }
  len = length;
     f30:	1d 83       	std	Y+5, r17	; 0x05
     f32:	0c 83       	std	Y+4, r16	; 0x04
C:\Users\luci\AppData\Local\Arduino15\packages\MiniCore\hardware\avr\3.1.1\cores\MCUdude_corefiles/WString.cpp:178
  strcpy(buffer, cstr);
     f34:	b7 01       	movw	r22, r14
     f36:	88 81       	ld	r24, Y
     f38:	99 81       	ldd	r25, Y+1	; 0x01
     f3a:	0e 94 1a 21 	call	0x4234	; 0x4234 <strcpy>
     f3e:	f0 cf       	rjmp	.-32     	; 0xf20 <String::copy(char const*, unsigned int)+0x22>

00000f40 <String::String(String const&)>:
__base_ctor ():
C:\Users\luci\AppData\Local\Arduino15\packages\MiniCore\hardware\avr\3.1.1\cores\MCUdude_corefiles/WString.cpp:34
{
  init();
  if (cstr) copy(cstr, strlen(cstr));
}

String::String(const String &value)
     f40:	fb 01       	movw	r30, r22
_ZN6String4initEv():
C:\Users\luci\AppData\Local\Arduino15\packages\MiniCore\hardware\avr\3.1.1\cores\MCUdude_corefiles/WString.cpp:134
/*  Memory Management                        */
/*********************************************/

inline void String::init(void)
{
  buffer = NULL;
     f42:	dc 01       	movw	r26, r24
     f44:	11 96       	adiw	r26, 0x01	; 1
     f46:	1c 92       	st	X, r1
     f48:	1e 92       	st	-X, r1
C:\Users\luci\AppData\Local\Arduino15\packages\MiniCore\hardware\avr\3.1.1\cores\MCUdude_corefiles/WString.cpp:135
  capacity = 0;
     f4a:	13 96       	adiw	r26, 0x03	; 3
     f4c:	1c 92       	st	X, r1
     f4e:	1e 92       	st	-X, r1
     f50:	12 97       	sbiw	r26, 0x02	; 2
C:\Users\luci\AppData\Local\Arduino15\packages\MiniCore\hardware\avr\3.1.1\cores\MCUdude_corefiles/WString.cpp:136
  len = 0;
     f52:	15 96       	adiw	r26, 0x05	; 5
     f54:	1c 92       	st	X, r1
     f56:	1e 92       	st	-X, r1
     f58:	14 97       	sbiw	r26, 0x04	; 4
operator=():
C:\Users\luci\AppData\Local\Arduino15\packages\MiniCore\hardware\avr\3.1.1\cores\MCUdude_corefiles/WString.cpp:217
}
#endif

String & String::operator = (const String &rhs)
{
  if (this == &rhs) return *this;
     f5a:	86 17       	cp	r24, r22
     f5c:	97 07       	cpc	r25, r23
     f5e:	49 f0       	breq	.+18     	; 0xf72 <String::String(String const&)+0x32>
C:\Users\luci\AppData\Local\Arduino15\packages\MiniCore\hardware\avr\3.1.1\cores\MCUdude_corefiles/WString.cpp:219
  
  if (rhs.buffer) copy(rhs.buffer, rhs.len);
     f60:	60 81       	ld	r22, Z
     f62:	71 81       	ldd	r23, Z+1	; 0x01
     f64:	61 15       	cp	r22, r1
     f66:	71 05       	cpc	r23, r1
     f68:	21 f0       	breq	.+8      	; 0xf72 <String::String(String const&)+0x32>
     f6a:	44 81       	ldd	r20, Z+4	; 0x04
     f6c:	55 81       	ldd	r21, Z+5	; 0x05
     f6e:	0c 94 7f 07 	jmp	0xefe	; 0xefe <String::copy(char const*, unsigned int)>
__base_ctor ():
C:\Users\luci\AppData\Local\Arduino15\packages\MiniCore\hardware\avr\3.1.1\cores\MCUdude_corefiles/WString.cpp:38

String::String(const String &value)
{
  init();
  *this = value;
}
     f72:	08 95       	ret

00000f74 <String::String(char const*)>:
_ZN6String4initEv():
C:\Users\luci\AppData\Local\Arduino15\packages\MiniCore\hardware\avr\3.1.1\cores\MCUdude_corefiles/WString.cpp:134
/*  Memory Management                        */
/*********************************************/

inline void String::init(void)
{
  buffer = NULL;
     f74:	fc 01       	movw	r30, r24
     f76:	11 82       	std	Z+1, r1	; 0x01
     f78:	10 82       	st	Z, r1
C:\Users\luci\AppData\Local\Arduino15\packages\MiniCore\hardware\avr\3.1.1\cores\MCUdude_corefiles/WString.cpp:135
  capacity = 0;
     f7a:	13 82       	std	Z+3, r1	; 0x03
     f7c:	12 82       	std	Z+2, r1	; 0x02
C:\Users\luci\AppData\Local\Arduino15\packages\MiniCore\hardware\avr\3.1.1\cores\MCUdude_corefiles/WString.cpp:136
  len = 0;
     f7e:	15 82       	std	Z+5, r1	; 0x05
     f80:	14 82       	std	Z+4, r1	; 0x04
__base_ctor ():
C:\Users\luci\AppData\Local\Arduino15\packages\MiniCore\hardware\avr\3.1.1\cores\MCUdude_corefiles/WString.cpp:31
/*********************************************/

String::String(const char *cstr)
{
  init();
  if (cstr) copy(cstr, strlen(cstr));
     f82:	fb 01       	movw	r30, r22
     f84:	01 90       	ld	r0, Z+
     f86:	00 20       	and	r0, r0
     f88:	e9 f7       	brne	.-6      	; 0xf84 <String::String(char const*)+0x10>
     f8a:	31 97       	sbiw	r30, 0x01	; 1
     f8c:	af 01       	movw	r20, r30
     f8e:	46 1b       	sub	r20, r22
     f90:	57 0b       	sbc	r21, r23
     f92:	0c 94 7f 07 	jmp	0xefe	; 0xefe <String::copy(char const*, unsigned int)>

00000f96 <Stream::readString() [clone .constprop.10]>:
readString():
C:\Users\luci\AppData\Local\Arduino15\packages\MiniCore\hardware\avr\3.1.1\cores\MCUdude_corefiles/Stream.cpp:231
    index++;
  }
  return index; // return number of characters, not including null terminator
}

String Stream::readString()
     f96:	0f 93       	push	r16
     f98:	1f 93       	push	r17
     f9a:	cf 93       	push	r28
     f9c:	df 93       	push	r29
     f9e:	00 d0       	rcall	.+0      	; 0xfa0 <Stream::readString() [clone .constprop.10]+0xa>
     fa0:	cd b7       	in	r28, 0x3d	; 61
     fa2:	de b7       	in	r29, 0x3e	; 62
     fa4:	8c 01       	movw	r16, r24
C:\Users\luci\AppData\Local\Arduino15\packages\MiniCore\hardware\avr\3.1.1\cores\MCUdude_corefiles/Stream.cpp:233
{
  String ret;
     fa6:	6d e4       	ldi	r22, 0x4D	; 77
     fa8:	71 e0       	ldi	r23, 0x01	; 1
     faa:	0e 94 ba 07 	call	0xf74	; 0xf74 <String::String(char const*)>
C:\Users\luci\AppData\Local\Arduino15\packages\MiniCore\hardware\avr\3.1.1\cores\MCUdude_corefiles/Stream.cpp:234
  int c = timedRead();
     fae:	0e 94 e7 04 	call	0x9ce	; 0x9ce <Stream::timedRead() [clone .constprop.11]>
C:\Users\luci\AppData\Local\Arduino15\packages\MiniCore\hardware\avr\3.1.1\cores\MCUdude_corefiles/Stream.cpp:235
  while (c >= 0)
     fb2:	97 fd       	sbrc	r25, 7
     fb4:	0b c0       	rjmp	.+22     	; 0xfcc <Stream::readString() [clone .constprop.10]+0x36>
C:\Users\luci\AppData\Local\Arduino15\packages\MiniCore\hardware\avr\3.1.1\cores\MCUdude_corefiles/Stream.cpp:237
  {
    ret += (char)c;
     fb6:	89 83       	std	Y+1, r24	; 0x01
concat():
C:\Users\luci\AppData\Local\Arduino15\packages\MiniCore\hardware\avr\3.1.1\cores\MCUdude_corefiles/WString.cpp:285

unsigned char String::concat(char c)
{
  char buf[2];
  buf[0] = c;
  buf[1] = 0;
     fb8:	1a 82       	std	Y+2, r1	; 0x02
C:\Users\luci\AppData\Local\Arduino15\packages\MiniCore\hardware\avr\3.1.1\cores\MCUdude_corefiles/WString.cpp:286
  return concat(buf, 1);
     fba:	41 e0       	ldi	r20, 0x01	; 1
     fbc:	50 e0       	ldi	r21, 0x00	; 0
     fbe:	be 01       	movw	r22, r28
     fc0:	6f 5f       	subi	r22, 0xFF	; 255
     fc2:	7f 4f       	sbci	r23, 0xFF	; 255
     fc4:	c8 01       	movw	r24, r16
     fc6:	0e 94 53 07 	call	0xea6	; 0xea6 <String::concat(char const*, unsigned int)>
     fca:	f1 cf       	rjmp	.-30     	; 0xfae <Stream::readString() [clone .constprop.10]+0x18>
readString():
C:\Users\luci\AppData\Local\Arduino15\packages\MiniCore\hardware\avr\3.1.1\cores\MCUdude_corefiles/Stream.cpp:241
    c = timedRead();
  }
  return ret;
}
     fcc:	c8 01       	movw	r24, r16
     fce:	0f 90       	pop	r0
     fd0:	0f 90       	pop	r0
     fd2:	df 91       	pop	r29
     fd4:	cf 91       	pop	r28
     fd6:	1f 91       	pop	r17
     fd8:	0f 91       	pop	r16
     fda:	08 95       	ret

00000fdc <String::substring(unsigned int, unsigned int) const>:
substring():
C:\Users\luci\AppData\Local\Arduino15\packages\MiniCore\hardware\avr\3.1.1\cores\MCUdude_corefiles/WString.cpp:616
  }
  return found;
}

String String::substring(unsigned int left, unsigned int right) const
{
     fdc:	af 92       	push	r10
     fde:	bf 92       	push	r11
     fe0:	cf 92       	push	r12
     fe2:	df 92       	push	r13
     fe4:	ef 92       	push	r14
     fe6:	ff 92       	push	r15
     fe8:	0f 93       	push	r16
     fea:	1f 93       	push	r17
     fec:	cf 93       	push	r28
     fee:	df 93       	push	r29
     ff0:	7c 01       	movw	r14, r24
     ff2:	6b 01       	movw	r12, r22
     ff4:	5a 01       	movw	r10, r20
     ff6:	89 01       	movw	r16, r18
C:\Users\luci\AppData\Local\Arduino15\packages\MiniCore\hardware\avr\3.1.1\cores\MCUdude_corefiles/WString.cpp:617
  if (left > right) {
     ff8:	24 17       	cp	r18, r20
     ffa:	35 07       	cpc	r19, r21
     ffc:	20 f4       	brcc	.+8      	; 0x1006 <String::substring(unsigned int, unsigned int) const+0x2a>
     ffe:	8b 2d       	mov	r24, r11
    1000:	59 01       	movw	r10, r18
    1002:	04 2f       	mov	r16, r20
    1004:	18 2f       	mov	r17, r24
C:\Users\luci\AppData\Local\Arduino15\packages\MiniCore\hardware\avr\3.1.1\cores\MCUdude_corefiles/WString.cpp:622
    unsigned int temp = right;
    right = left;
    left = temp;
  }
  String out;
    1006:	6d e4       	ldi	r22, 0x4D	; 77
    1008:	71 e0       	ldi	r23, 0x01	; 1
    100a:	c7 01       	movw	r24, r14
    100c:	0e 94 ba 07 	call	0xf74	; 0xf74 <String::String(char const*)>
C:\Users\luci\AppData\Local\Arduino15\packages\MiniCore\hardware\avr\3.1.1\cores\MCUdude_corefiles/WString.cpp:623
  if (left >= len) return out;
    1010:	d6 01       	movw	r26, r12
    1012:	14 96       	adiw	r26, 0x04	; 4
    1014:	cd 91       	ld	r28, X+
    1016:	dc 91       	ld	r29, X
    1018:	ac 16       	cp	r10, r28
    101a:	bd 06       	cpc	r11, r29
    101c:	20 f5       	brcc	.+72     	; 0x1066 <String::substring(unsigned int, unsigned int) const+0x8a>
    101e:	0c 17       	cp	r16, r28
    1020:	1d 07       	cpc	r17, r29
    1022:	08 f4       	brcc	.+2      	; 0x1026 <String::substring(unsigned int, unsigned int) const+0x4a>
    1024:	e8 01       	movw	r28, r16
C:\Users\luci\AppData\Local\Arduino15\packages\MiniCore\hardware\avr\3.1.1\cores\MCUdude_corefiles/WString.cpp:625
  if (right > len) right = len;
  char temp = buffer[right];  // save the replaced character
    1026:	d6 01       	movw	r26, r12
    1028:	ed 91       	ld	r30, X+
    102a:	fc 91       	ld	r31, X
    102c:	11 97       	sbiw	r26, 0x01	; 1
    102e:	ec 0f       	add	r30, r28
    1030:	fd 1f       	adc	r31, r29
    1032:	10 81       	ld	r17, Z
C:\Users\luci\AppData\Local\Arduino15\packages\MiniCore\hardware\avr\3.1.1\cores\MCUdude_corefiles/WString.cpp:626
  buffer[right] = '\0'; 
    1034:	10 82       	st	Z, r1
C:\Users\luci\AppData\Local\Arduino15\packages\MiniCore\hardware\avr\3.1.1\cores\MCUdude_corefiles/WString.cpp:627
  out = buffer + left;  // pointer arithmetic
    1036:	6d 91       	ld	r22, X+
    1038:	7c 91       	ld	r23, X
    103a:	6a 0d       	add	r22, r10
    103c:	7b 1d       	adc	r23, r11
operator=():
C:\Users\luci\AppData\Local\Arduino15\packages\MiniCore\hardware\avr\3.1.1\cores\MCUdude_corefiles/WString.cpp:241
}
#endif

String & String::operator = (const char *cstr)
{
  if (cstr) copy(cstr, strlen(cstr));
    103e:	61 15       	cp	r22, r1
    1040:	71 05       	cpc	r23, r1
    1042:	e9 f0       	breq	.+58     	; 0x107e <String::substring(unsigned int, unsigned int) const+0xa2>
    1044:	fb 01       	movw	r30, r22
    1046:	01 90       	ld	r0, Z+
    1048:	00 20       	and	r0, r0
    104a:	e9 f7       	brne	.-6      	; 0x1046 <String::substring(unsigned int, unsigned int) const+0x6a>
    104c:	31 97       	sbiw	r30, 0x01	; 1
    104e:	af 01       	movw	r20, r30
    1050:	46 1b       	sub	r20, r22
    1052:	57 0b       	sbc	r21, r23
    1054:	c7 01       	movw	r24, r14
    1056:	0e 94 7f 07 	call	0xefe	; 0xefe <String::copy(char const*, unsigned int)>
substring():
C:\Users\luci\AppData\Local\Arduino15\packages\MiniCore\hardware\avr\3.1.1\cores\MCUdude_corefiles/WString.cpp:628
  if (left >= len) return out;
  if (right > len) right = len;
  char temp = buffer[right];  // save the replaced character
  buffer[right] = '\0'; 
  out = buffer + left;  // pointer arithmetic
  buffer[right] = temp;  //restore character
    105a:	f6 01       	movw	r30, r12
    105c:	80 81       	ld	r24, Z
    105e:	91 81       	ldd	r25, Z+1	; 0x01
    1060:	c8 0f       	add	r28, r24
    1062:	d9 1f       	adc	r29, r25
    1064:	18 83       	st	Y, r17
C:\Users\luci\AppData\Local\Arduino15\packages\MiniCore\hardware\avr\3.1.1\cores\MCUdude_corefiles/WString.cpp:630
  return out;
}
    1066:	c7 01       	movw	r24, r14
    1068:	df 91       	pop	r29
    106a:	cf 91       	pop	r28
    106c:	1f 91       	pop	r17
    106e:	0f 91       	pop	r16
    1070:	ff 90       	pop	r15
    1072:	ef 90       	pop	r14
    1074:	df 90       	pop	r13
    1076:	cf 90       	pop	r12
    1078:	bf 90       	pop	r11
    107a:	af 90       	pop	r10
    107c:	08 95       	ret
operator=():
C:\Users\luci\AppData\Local\Arduino15\packages\MiniCore\hardware\avr\3.1.1\cores\MCUdude_corefiles/WString.cpp:242
#endif

String & String::operator = (const char *cstr)
{
  if (cstr) copy(cstr, strlen(cstr));
  else invalidate();
    107e:	c7 01       	movw	r24, r14
    1080:	0e 94 11 07 	call	0xe22	; 0xe22 <String::invalidate()>
    1084:	ea cf       	rjmp	.-44     	; 0x105a <String::substring(unsigned int, unsigned int) const+0x7e>

00001086 <String::String(__FlashStringHelper const*)>:
__base_ctor ():
C:\Users\luci\AppData\Local\Arduino15\packages\MiniCore\hardware\avr\3.1.1\cores\MCUdude_corefiles/WString.cpp:40
{
  init();
  *this = value;
}

String::String(const __FlashStringHelper *pstr)
    1086:	ef 92       	push	r14
    1088:	ff 92       	push	r15
    108a:	0f 93       	push	r16
    108c:	1f 93       	push	r17
    108e:	cf 93       	push	r28
    1090:	df 93       	push	r29
    1092:	ec 01       	movw	r28, r24
    1094:	8b 01       	movw	r16, r22
_ZN6String4initEv():
C:\Users\luci\AppData\Local\Arduino15\packages\MiniCore\hardware\avr\3.1.1\cores\MCUdude_corefiles/WString.cpp:134
/*  Memory Management                        */
/*********************************************/

inline void String::init(void)
{
  buffer = NULL;
    1096:	19 82       	std	Y+1, r1	; 0x01
    1098:	18 82       	st	Y, r1
C:\Users\luci\AppData\Local\Arduino15\packages\MiniCore\hardware\avr\3.1.1\cores\MCUdude_corefiles/WString.cpp:135
  capacity = 0;
    109a:	1b 82       	std	Y+3, r1	; 0x03
    109c:	1a 82       	std	Y+2, r1	; 0x02
C:\Users\luci\AppData\Local\Arduino15\packages\MiniCore\hardware\avr\3.1.1\cores\MCUdude_corefiles/WString.cpp:136
  len = 0;
    109e:	1d 82       	std	Y+5, r1	; 0x05
    10a0:	1c 82       	std	Y+4, r1	; 0x04
strlen_P():
c:\users\luci\appdata\local\arduino15\packages\arduino\tools\avr-gcc\7.3.0-atmel3.6.1-arduino7\avr\include\avr/pgmspace.h:1783
#else
extern size_t __strlen_P(const char *) __ATTR_CONST__;  /* internal helper function */
__attribute__((__always_inline__)) static __inline__ size_t strlen_P(const char * s);
static __inline__ size_t strlen_P(const char *s) {
  return __builtin_constant_p(__builtin_strlen(s))
     ? __builtin_strlen(s) : __strlen_P(s);
    10a2:	cb 01       	movw	r24, r22
    10a4:	0e 94 c4 19 	call	0x3388	; 0x3388 <__strlen_P>
    10a8:	7c 01       	movw	r14, r24
copy():
C:\Users\luci\AppData\Local\Arduino15\packages\MiniCore\hardware\avr\3.1.1\cores\MCUdude_corefiles/WString.cpp:184
  return *this;
}

String & String::copy(const __FlashStringHelper *pstr, unsigned int length)
{
  if (!reserve(length)) {
    10aa:	bc 01       	movw	r22, r24
    10ac:	ce 01       	movw	r24, r28
    10ae:	0e 94 2b 07 	call	0xe56	; 0xe56 <String::reserve(unsigned int)>
    10b2:	81 11       	cpse	r24, r1
    10b4:	09 c0       	rjmp	.+18     	; 0x10c8 <String::String(__FlashStringHelper const*)+0x42>
C:\Users\luci\AppData\Local\Arduino15\packages\MiniCore\hardware\avr\3.1.1\cores\MCUdude_corefiles/WString.cpp:185
    invalidate();
    10b6:	ce 01       	movw	r24, r28
__base_ctor ():
C:\Users\luci\AppData\Local\Arduino15\packages\MiniCore\hardware\avr\3.1.1\cores\MCUdude_corefiles/WString.cpp:44

String::String(const __FlashStringHelper *pstr)
{
  init();
  *this = pstr;
}
    10b8:	df 91       	pop	r29
    10ba:	cf 91       	pop	r28
    10bc:	1f 91       	pop	r17
    10be:	0f 91       	pop	r16
    10c0:	ff 90       	pop	r15
    10c2:	ef 90       	pop	r14
copy():
C:\Users\luci\AppData\Local\Arduino15\packages\MiniCore\hardware\avr\3.1.1\cores\MCUdude_corefiles/WString.cpp:185
}

String & String::copy(const __FlashStringHelper *pstr, unsigned int length)
{
  if (!reserve(length)) {
    invalidate();
    10c4:	0c 94 11 07 	jmp	0xe22	; 0xe22 <String::invalidate()>
C:\Users\luci\AppData\Local\Arduino15\packages\MiniCore\hardware\avr\3.1.1\cores\MCUdude_corefiles/WString.cpp:188
    return *this;
  }
  len = length;
    10c8:	fd 82       	std	Y+5, r15	; 0x05
    10ca:	ec 82       	std	Y+4, r14	; 0x04
C:\Users\luci\AppData\Local\Arduino15\packages\MiniCore\hardware\avr\3.1.1\cores\MCUdude_corefiles/WString.cpp:189
  strcpy_P(buffer, (PGM_P)pstr);
    10cc:	b8 01       	movw	r22, r16
    10ce:	88 81       	ld	r24, Y
    10d0:	99 81       	ldd	r25, Y+1	; 0x01
__base_ctor ():
C:\Users\luci\AppData\Local\Arduino15\packages\MiniCore\hardware\avr\3.1.1\cores\MCUdude_corefiles/WString.cpp:44

String::String(const __FlashStringHelper *pstr)
{
  init();
  *this = pstr;
}
    10d2:	df 91       	pop	r29
    10d4:	cf 91       	pop	r28
    10d6:	1f 91       	pop	r17
    10d8:	0f 91       	pop	r16
    10da:	ff 90       	pop	r15
    10dc:	ef 90       	pop	r14
copy():
C:\Users\luci\AppData\Local\Arduino15\packages\MiniCore\hardware\avr\3.1.1\cores\MCUdude_corefiles/WString.cpp:189
  if (!reserve(length)) {
    invalidate();
    return *this;
  }
  len = length;
  strcpy_P(buffer, (PGM_P)pstr);
    10de:	0c 94 bd 19 	jmp	0x337a	; 0x337a <strcpy_P>

000010e2 <waitAtAnswer()>:
waitAtAnswer():
D:\projects\arduino\figaro\OnlineGasDetector_FIGARO/SIM800L.ino:375
  }

  return true;
}

String waitAtAnswer() {
    10e2:	af 92       	push	r10
    10e4:	bf 92       	push	r11
    10e6:	cf 92       	push	r12
    10e8:	df 92       	push	r13
    10ea:	ef 92       	push	r14
    10ec:	ff 92       	push	r15
    10ee:	0f 93       	push	r16
    10f0:	1f 93       	push	r17
    10f2:	cf 93       	push	r28
    10f4:	df 93       	push	r29
    10f6:	cd b7       	in	r28, 0x3d	; 61
    10f8:	de b7       	in	r29, 0x3e	; 62
    10fa:	c4 55       	subi	r28, 0x54	; 84
    10fc:	d1 09       	sbc	r29, r1
    10fe:	0f b6       	in	r0, 0x3f	; 63
    1100:	f8 94       	cli
    1102:	de bf       	out	0x3e, r29	; 62
    1104:	0f be       	out	0x3f, r0	; 63
    1106:	cd bf       	out	0x3d, r28	; 61
    1108:	5c 01       	movw	r10, r24
D:\projects\arduino\figaro\OnlineGasDetector_FIGARO/SIM800L.ino:376
  String response = "";
    110a:	6d e4       	ldi	r22, 0x4D	; 77
    110c:	71 e0       	ldi	r23, 0x01	; 1
    110e:	ce 01       	movw	r24, r28
    1110:	81 5b       	subi	r24, 0xB1	; 177
    1112:	9f 4f       	sbci	r25, 0xFF	; 255
    1114:	0e 94 ba 07 	call	0xf74	; 0xf74 <String::String(char const*)>
D:\projects\arduino\figaro\OnlineGasDetector_FIGARO/SIM800L.ino:375
  }

  return true;
}

String waitAtAnswer() {
    1118:	02 e9       	ldi	r16, 0x92	; 146
    111a:	11 e0       	ldi	r17, 0x01	; 1
D:\projects\arduino\figaro\OnlineGasDetector_FIGARO/SIM800L.ino:379
  String response = "";
  do {
    int waitCount = 0;
    while (!SIM800L.available()) {
    111c:	84 ee       	ldi	r24, 0xE4	; 228
    111e:	94 e0       	ldi	r25, 0x04	; 4
    1120:	0e 94 b0 04 	call	0x960	; 0x960 <SoftwareSerial::available()>
    1124:	89 2b       	or	r24, r25
    1126:	69 f5       	brne	.+90     	; 0x1182 <waitAtAnswer()+0xa0>
    1128:	01 50       	subi	r16, 0x01	; 1
    112a:	11 09       	sbc	r17, r1
D:\projects\arduino\figaro\OnlineGasDetector_FIGARO/SIM800L.ino:380
      if (waitCount > 400) {
    112c:	19 f5       	brne	.+70     	; 0x1174 <waitAtAnswer()+0x92>
D:\projects\arduino\figaro\OnlineGasDetector_FIGARO/SIM800L.ino:381
        Serial.println(F("Timeout"));
    112e:	62 e6       	ldi	r22, 0x62	; 98
    1130:	71 e0       	ldi	r23, 0x01	; 1
    1132:	81 e4       	ldi	r24, 0x41	; 65
    1134:	94 e0       	ldi	r25, 0x04	; 4
    1136:	0e 94 88 06 	call	0xd10	; 0xd10 <Print::println(__FlashStringHelper const*)>
D:\projects\arduino\figaro\OnlineGasDetector_FIGARO/SIM800L.ino:382
        return ""; // RestartGsmModule убран — решение о перезапуске принимает вызывающий код
    113a:	6d e4       	ldi	r22, 0x4D	; 77
    113c:	71 e0       	ldi	r23, 0x01	; 1
    113e:	c5 01       	movw	r24, r10
    1140:	0e 94 ba 07 	call	0xf74	; 0xf74 <String::String(char const*)>
D:\projects\arduino\figaro\OnlineGasDetector_FIGARO/SIM800L.ino:376

  return true;
}

String waitAtAnswer() {
  String response = "";
    1144:	ce 01       	movw	r24, r28
    1146:	81 5b       	subi	r24, 0xB1	; 177
    1148:	9f 4f       	sbci	r25, 0xFF	; 255
    114a:	0e 94 23 07 	call	0xe46	; 0xe46 <String::~String()>
D:\projects\arduino\figaro\OnlineGasDetector_FIGARO/SIM800L.ino:391
    }
    response = SIM800L.readString();
    Serial.println(response);
  } while (response.indexOf(F("OK")) == -1 && IsGsmGarbage(response));
  return response;
}
    114e:	c5 01       	movw	r24, r10
    1150:	cc 5a       	subi	r28, 0xAC	; 172
    1152:	df 4f       	sbci	r29, 0xFF	; 255
    1154:	0f b6       	in	r0, 0x3f	; 63
    1156:	f8 94       	cli
    1158:	de bf       	out	0x3e, r29	; 62
    115a:	0f be       	out	0x3f, r0	; 63
    115c:	cd bf       	out	0x3d, r28	; 61
    115e:	df 91       	pop	r29
    1160:	cf 91       	pop	r28
    1162:	1f 91       	pop	r17
    1164:	0f 91       	pop	r16
    1166:	ff 90       	pop	r15
    1168:	ef 90       	pop	r14
    116a:	df 90       	pop	r13
    116c:	cf 90       	pop	r12
    116e:	bf 90       	pop	r11
    1170:	af 90       	pop	r10
    1172:	08 95       	ret
D:\projects\arduino\figaro\OnlineGasDetector_FIGARO/SIM800L.ino:384
    while (!SIM800L.available()) {
      if (waitCount > 400) {
        Serial.println(F("Timeout"));
        return ""; // RestartGsmModule убран — решение о перезапуске принимает вызывающий код
      }
      delay(250);
    1174:	6a ef       	ldi	r22, 0xFA	; 250
    1176:	70 e0       	ldi	r23, 0x00	; 0
    1178:	80 e0       	ldi	r24, 0x00	; 0
    117a:	90 e0       	ldi	r25, 0x00	; 0
    117c:	0e 94 b9 02 	call	0x572	; 0x572 <delay>
    1180:	cd cf       	rjmp	.-102    	; 0x111c <waitAtAnswer()+0x3a>
D:\projects\arduino\figaro\OnlineGasDetector_FIGARO/SIM800L.ino:387
      waitCount++;
    }
    response = SIM800L.readString();
    1182:	ce 01       	movw	r24, r28
    1184:	01 96       	adiw	r24, 0x01	; 1
    1186:	0e 94 cb 07 	call	0xf96	; 0xf96 <Stream::readString() [clone .constprop.10]>
operator=():
C:\Users\luci\AppData\Local\Arduino15\packages\MiniCore\hardware\avr\3.1.1\cores\MCUdude_corefiles/WString.cpp:228
}

#if __cplusplus >= 201103L || defined(__GXX_EXPERIMENTAL_CXX0X__)
String & String::operator = (String &&rval)
{
  if (this != &rval) move(rval);
    118a:	be 01       	movw	r22, r28
    118c:	6f 5f       	subi	r22, 0xFF	; 255
    118e:	7f 4f       	sbci	r23, 0xFF	; 255
    1190:	ce 01       	movw	r24, r28
    1192:	81 5b       	subi	r24, 0xB1	; 177
    1194:	9f 4f       	sbci	r25, 0xFF	; 255
    1196:	0e 94 d8 06 	call	0xdb0	; 0xdb0 <String::move(String&)>
waitAtAnswer():
D:\projects\arduino\figaro\OnlineGasDetector_FIGARO/SIM800L.ino:387
    119a:	ce 01       	movw	r24, r28
    119c:	01 96       	adiw	r24, 0x01	; 1
    119e:	0e 94 23 07 	call	0xe46	; 0xe46 <String::~String()>
D:\projects\arduino\figaro\OnlineGasDetector_FIGARO/SIM800L.ino:388
    Serial.println(response);
    11a2:	be 01       	movw	r22, r28
    11a4:	61 5b       	subi	r22, 0xB1	; 177
    11a6:	7f 4f       	sbci	r23, 0xFF	; 255
    11a8:	81 e4       	ldi	r24, 0x41	; 65
    11aa:	94 e0       	ldi	r25, 0x04	; 4
    11ac:	0e 94 6b 06 	call	0xcd6	; 0xcd6 <Print::println(String const&)>
D:\projects\arduino\figaro\OnlineGasDetector_FIGARO/SIM800L.ino:389
  } while (response.indexOf(F("OK")) == -1 && IsGsmGarbage(response));
    11b0:	6f e5       	ldi	r22, 0x5F	; 95
    11b2:	71 e0       	ldi	r23, 0x01	; 1
    11b4:	ce 01       	movw	r24, r28
    11b6:	87 5b       	subi	r24, 0xB7	; 183
    11b8:	9f 4f       	sbci	r25, 0xFF	; 255
    11ba:	0e 94 43 08 	call	0x1086	; 0x1086 <String::String(__FlashStringHelper const*)>
    11be:	be 01       	movw	r22, r28
    11c0:	67 5b       	subi	r22, 0xB7	; 183
    11c2:	7f 4f       	sbci	r23, 0xFF	; 255
    11c4:	ce 01       	movw	r24, r28
    11c6:	81 5b       	subi	r24, 0xB1	; 177
    11c8:	9f 4f       	sbci	r25, 0xFF	; 255
    11ca:	0e 94 b8 06 	call	0xd70	; 0xd70 <String::indexOf(String const&) const>
    11ce:	10 e0       	ldi	r17, 0x00	; 0
    11d0:	01 96       	adiw	r24, 0x01	; 1
    11d2:	09 f0       	breq	.+2      	; 0x11d6 <waitAtAnswer()+0xf4>
    11d4:	02 c1       	rjmp	.+516    	; 0x13da <waitAtAnswer()+0x2f8>
    11d6:	be 01       	movw	r22, r28
    11d8:	61 5b       	subi	r22, 0xB1	; 177
    11da:	7f 4f       	sbci	r23, 0xFF	; 255
    11dc:	ce 01       	movw	r24, r28
    11de:	8d 5b       	subi	r24, 0xBD	; 189
    11e0:	9f 4f       	sbci	r25, 0xFF	; 255
    11e2:	0e 94 a0 07 	call	0xf40	; 0xf40 <String::String(String const&)>
IsGsmGarbage():
D:\projects\arduino\figaro\OnlineGasDetector_FIGARO/SIM800L.ino:394
  return response;
}

bool IsGsmGarbage(String text) {
  return (text.indexOf(F("Ready" )) >= 0 ||
    11e6:	69 e5       	ldi	r22, 0x59	; 89
    11e8:	71 e0       	ldi	r23, 0x01	; 1
    11ea:	ce 01       	movw	r24, r28
    11ec:	01 96       	adiw	r24, 0x01	; 1
    11ee:	0e 94 43 08 	call	0x1086	; 0x1086 <String::String(__FlashStringHelper const*)>
    11f2:	be 01       	movw	r22, r28
    11f4:	6f 5f       	subi	r22, 0xFF	; 255
    11f6:	7f 4f       	sbci	r23, 0xFF	; 255
    11f8:	ce 01       	movw	r24, r28
    11fa:	8d 5b       	subi	r24, 0xBD	; 189
    11fc:	9f 4f       	sbci	r25, 0xFF	; 255
    11fe:	0e 94 b8 06 	call	0xd70	; 0xd70 <String::indexOf(String const&) const>
D:\projects\arduino\figaro\OnlineGasDetector_FIGARO/SIM800L.ino:403
          text.indexOf(F("CMTI"  )) >= 0 ||
          text.indexOf(F("CME"   )) >= 0 ||
          text.indexOf(F("CPIN"  )) >= 0 ||
          text.indexOf(F("CFUN"  )) >= 0 ||
          text.indexOf(F("DST"   )) >= 0 ||
          text.indexOf(F("CTZV"  )) >= 0 ||
    1202:	97 ff       	sbrs	r25, 7
    1204:	ff c0       	rjmp	.+510    	; 0x1404 <waitAtAnswer()+0x322>
D:\projects\arduino\figaro\OnlineGasDetector_FIGARO/SIM800L.ino:395
  return response;
}

bool IsGsmGarbage(String text) {
  return (text.indexOf(F("Ready" )) >= 0 ||
          text.indexOf(F("Call"  )) >= 0 ||
    1206:	64 e5       	ldi	r22, 0x54	; 84
    1208:	71 e0       	ldi	r23, 0x01	; 1
    120a:	ce 01       	movw	r24, r28
    120c:	07 96       	adiw	r24, 0x07	; 7
    120e:	0e 94 43 08 	call	0x1086	; 0x1086 <String::String(__FlashStringHelper const*)>
    1212:	be 01       	movw	r22, r28
    1214:	69 5f       	subi	r22, 0xF9	; 249
    1216:	7f 4f       	sbci	r23, 0xFF	; 255
    1218:	ce 01       	movw	r24, r28
    121a:	8d 5b       	subi	r24, 0xBD	; 189
    121c:	9f 4f       	sbci	r25, 0xFF	; 255
    121e:	0e 94 b8 06 	call	0xd70	; 0xd70 <String::indexOf(String const&) const>
D:\projects\arduino\figaro\OnlineGasDetector_FIGARO/SIM800L.ino:394
  } while (response.indexOf(F("OK")) == -1 && IsGsmGarbage(response));
  return response;
}

bool IsGsmGarbage(String text) {
  return (text.indexOf(F("Ready" )) >= 0 ||
    1222:	97 ff       	sbrs	r25, 7
    1224:	fa c0       	rjmp	.+500    	; 0x141a <waitAtAnswer()+0x338>
D:\projects\arduino\figaro\OnlineGasDetector_FIGARO/SIM800L.ino:396
          text.indexOf(F("Call"  )) >= 0 ||
          text.indexOf(F("RDY"   )) >= 0 ||
    1226:	60 e5       	ldi	r22, 0x50	; 80
    1228:	71 e0       	ldi	r23, 0x01	; 1
    122a:	ce 01       	movw	r24, r28
    122c:	0d 96       	adiw	r24, 0x0d	; 13
    122e:	0e 94 43 08 	call	0x1086	; 0x1086 <String::String(__FlashStringHelper const*)>
    1232:	be 01       	movw	r22, r28
    1234:	63 5f       	subi	r22, 0xF3	; 243
    1236:	7f 4f       	sbci	r23, 0xFF	; 255
    1238:	ce 01       	movw	r24, r28
    123a:	8d 5b       	subi	r24, 0xBD	; 189
    123c:	9f 4f       	sbci	r25, 0xFF	; 255
    123e:	0e 94 b8 06 	call	0xd70	; 0xd70 <String::indexOf(String const&) const>
D:\projects\arduino\figaro\OnlineGasDetector_FIGARO/SIM800L.ino:395
  return response;
}

bool IsGsmGarbage(String text) {
  return (text.indexOf(F("Ready" )) >= 0 ||
          text.indexOf(F("Call"  )) >= 0 ||
    1242:	97 ff       	sbrs	r25, 7
    1244:	f1 c0       	rjmp	.+482    	; 0x1428 <waitAtAnswer()+0x346>
D:\projects\arduino\figaro\OnlineGasDetector_FIGARO/SIM800L.ino:397
          text.indexOf(F("RDY"   )) >= 0 ||
          text.indexOf(F("SMS"   )) >= 0 ||
    1246:	6c e4       	ldi	r22, 0x4C	; 76
    1248:	71 e0       	ldi	r23, 0x01	; 1
    124a:	ce 01       	movw	r24, r28
    124c:	43 96       	adiw	r24, 0x13	; 19
    124e:	0e 94 43 08 	call	0x1086	; 0x1086 <String::String(__FlashStringHelper const*)>
    1252:	be 01       	movw	r22, r28
    1254:	6d 5e       	subi	r22, 0xED	; 237
    1256:	7f 4f       	sbci	r23, 0xFF	; 255
    1258:	ce 01       	movw	r24, r28
    125a:	8d 5b       	subi	r24, 0xBD	; 189
    125c:	9f 4f       	sbci	r25, 0xFF	; 255
    125e:	0e 94 b8 06 	call	0xd70	; 0xd70 <String::indexOf(String const&) const>
D:\projects\arduino\figaro\OnlineGasDetector_FIGARO/SIM800L.ino:396
}

bool IsGsmGarbage(String text) {
  return (text.indexOf(F("Ready" )) >= 0 ||
          text.indexOf(F("Call"  )) >= 0 ||
          text.indexOf(F("RDY"   )) >= 0 ||
    1262:	97 ff       	sbrs	r25, 7
    1264:	e8 c0       	rjmp	.+464    	; 0x1436 <waitAtAnswer()+0x354>
D:\projects\arduino\figaro\OnlineGasDetector_FIGARO/SIM800L.ino:398
          text.indexOf(F("SMS"   )) >= 0 ||
          text.indexOf(F("CMTI"  )) >= 0 ||
    1266:	67 e4       	ldi	r22, 0x47	; 71
    1268:	71 e0       	ldi	r23, 0x01	; 1
    126a:	ce 01       	movw	r24, r28
    126c:	49 96       	adiw	r24, 0x19	; 25
    126e:	0e 94 43 08 	call	0x1086	; 0x1086 <String::String(__FlashStringHelper const*)>
    1272:	be 01       	movw	r22, r28
    1274:	67 5e       	subi	r22, 0xE7	; 231
    1276:	7f 4f       	sbci	r23, 0xFF	; 255
    1278:	ce 01       	movw	r24, r28
    127a:	8d 5b       	subi	r24, 0xBD	; 189
    127c:	9f 4f       	sbci	r25, 0xFF	; 255
    127e:	0e 94 b8 06 	call	0xd70	; 0xd70 <String::indexOf(String const&) const>
D:\projects\arduino\figaro\OnlineGasDetector_FIGARO/SIM800L.ino:397

bool IsGsmGarbage(String text) {
  return (text.indexOf(F("Ready" )) >= 0 ||
          text.indexOf(F("Call"  )) >= 0 ||
          text.indexOf(F("RDY"   )) >= 0 ||
          text.indexOf(F("SMS"   )) >= 0 ||
    1282:	97 ff       	sbrs	r25, 7
    1284:	de c0       	rjmp	.+444    	; 0x1442 <waitAtAnswer()+0x360>
D:\projects\arduino\figaro\OnlineGasDetector_FIGARO/SIM800L.ino:399
          text.indexOf(F("CMTI"  )) >= 0 ||
          text.indexOf(F("CME"   )) >= 0 ||
    1286:	63 e4       	ldi	r22, 0x43	; 67
    1288:	71 e0       	ldi	r23, 0x01	; 1
    128a:	ce 01       	movw	r24, r28
    128c:	4f 96       	adiw	r24, 0x1f	; 31
    128e:	0e 94 43 08 	call	0x1086	; 0x1086 <String::String(__FlashStringHelper const*)>
    1292:	be 01       	movw	r22, r28
    1294:	61 5e       	subi	r22, 0xE1	; 225
    1296:	7f 4f       	sbci	r23, 0xFF	; 255
    1298:	ce 01       	movw	r24, r28
    129a:	8d 5b       	subi	r24, 0xBD	; 189
    129c:	9f 4f       	sbci	r25, 0xFF	; 255
    129e:	0e 94 b8 06 	call	0xd70	; 0xd70 <String::indexOf(String const&) const>
D:\projects\arduino\figaro\OnlineGasDetector_FIGARO/SIM800L.ino:398
bool IsGsmGarbage(String text) {
  return (text.indexOf(F("Ready" )) >= 0 ||
          text.indexOf(F("Call"  )) >= 0 ||
          text.indexOf(F("RDY"   )) >= 0 ||
          text.indexOf(F("SMS"   )) >= 0 ||
          text.indexOf(F("CMTI"  )) >= 0 ||
    12a2:	97 ff       	sbrs	r25, 7
    12a4:	d3 c0       	rjmp	.+422    	; 0x144c <waitAtAnswer()+0x36a>
D:\projects\arduino\figaro\OnlineGasDetector_FIGARO/SIM800L.ino:400
          text.indexOf(F("CME"   )) >= 0 ||
          text.indexOf(F("CPIN"  )) >= 0 ||
    12a6:	6e e3       	ldi	r22, 0x3E	; 62
    12a8:	71 e0       	ldi	r23, 0x01	; 1
    12aa:	ce 01       	movw	r24, r28
    12ac:	85 96       	adiw	r24, 0x25	; 37
    12ae:	0e 94 43 08 	call	0x1086	; 0x1086 <String::String(__FlashStringHelper const*)>
    12b2:	be 01       	movw	r22, r28
    12b4:	6b 5d       	subi	r22, 0xDB	; 219
    12b6:	7f 4f       	sbci	r23, 0xFF	; 255
    12b8:	ce 01       	movw	r24, r28
    12ba:	8d 5b       	subi	r24, 0xBD	; 189
    12bc:	9f 4f       	sbci	r25, 0xFF	; 255
    12be:	0e 94 b8 06 	call	0xd70	; 0xd70 <String::indexOf(String const&) const>
D:\projects\arduino\figaro\OnlineGasDetector_FIGARO/SIM800L.ino:399
  return (text.indexOf(F("Ready" )) >= 0 ||
          text.indexOf(F("Call"  )) >= 0 ||
          text.indexOf(F("RDY"   )) >= 0 ||
          text.indexOf(F("SMS"   )) >= 0 ||
          text.indexOf(F("CMTI"  )) >= 0 ||
          text.indexOf(F("CME"   )) >= 0 ||
    12c2:	97 ff       	sbrs	r25, 7
    12c4:	c7 c0       	rjmp	.+398    	; 0x1454 <waitAtAnswer()+0x372>
D:\projects\arduino\figaro\OnlineGasDetector_FIGARO/SIM800L.ino:401
          text.indexOf(F("CPIN"  )) >= 0 ||
          text.indexOf(F("CFUN"  )) >= 0 ||
    12c6:	69 e3       	ldi	r22, 0x39	; 57
    12c8:	71 e0       	ldi	r23, 0x01	; 1
    12ca:	ce 01       	movw	r24, r28
    12cc:	8b 96       	adiw	r24, 0x2b	; 43
    12ce:	0e 94 43 08 	call	0x1086	; 0x1086 <String::String(__FlashStringHelper const*)>
    12d2:	be 01       	movw	r22, r28
    12d4:	65 5d       	subi	r22, 0xD5	; 213
    12d6:	7f 4f       	sbci	r23, 0xFF	; 255
    12d8:	ce 01       	movw	r24, r28
    12da:	8d 5b       	subi	r24, 0xBD	; 189
    12dc:	9f 4f       	sbci	r25, 0xFF	; 255
    12de:	0e 94 b8 06 	call	0xd70	; 0xd70 <String::indexOf(String const&) const>
D:\projects\arduino\figaro\OnlineGasDetector_FIGARO/SIM800L.ino:403
          text.indexOf(F("DST"   )) >= 0 ||
          text.indexOf(F("CTZV"  )) >= 0 ||
    12e2:	11 e0       	ldi	r17, 0x01	; 1
D:\projects\arduino\figaro\OnlineGasDetector_FIGARO/SIM800L.ino:400
          text.indexOf(F("Call"  )) >= 0 ||
          text.indexOf(F("RDY"   )) >= 0 ||
          text.indexOf(F("SMS"   )) >= 0 ||
          text.indexOf(F("CMTI"  )) >= 0 ||
          text.indexOf(F("CME"   )) >= 0 ||
          text.indexOf(F("CPIN"  )) >= 0 ||
    12e4:	97 ff       	sbrs	r25, 7
    12e6:	41 c0       	rjmp	.+130    	; 0x136a <waitAtAnswer()+0x288>
D:\projects\arduino\figaro\OnlineGasDetector_FIGARO/SIM800L.ino:402
          text.indexOf(F("CFUN"  )) >= 0 ||
          text.indexOf(F("DST"   )) >= 0 ||
    12e8:	65 e3       	ldi	r22, 0x35	; 53
    12ea:	71 e0       	ldi	r23, 0x01	; 1
    12ec:	ce 01       	movw	r24, r28
    12ee:	c1 96       	adiw	r24, 0x31	; 49
    12f0:	0e 94 43 08 	call	0x1086	; 0x1086 <String::String(__FlashStringHelper const*)>
    12f4:	be 01       	movw	r22, r28
    12f6:	6f 5c       	subi	r22, 0xCF	; 207
    12f8:	7f 4f       	sbci	r23, 0xFF	; 255
    12fa:	ce 01       	movw	r24, r28
    12fc:	8d 5b       	subi	r24, 0xBD	; 189
    12fe:	9f 4f       	sbci	r25, 0xFF	; 255
    1300:	0e 94 b8 06 	call	0xd70	; 0xd70 <String::indexOf(String const&) const>
D:\projects\arduino\figaro\OnlineGasDetector_FIGARO/SIM800L.ino:403
          text.indexOf(F("CTZV"  )) >= 0 ||
    1304:	11 e0       	ldi	r17, 0x01	; 1
D:\projects\arduino\figaro\OnlineGasDetector_FIGARO/SIM800L.ino:401
          text.indexOf(F("RDY"   )) >= 0 ||
          text.indexOf(F("SMS"   )) >= 0 ||
          text.indexOf(F("CMTI"  )) >= 0 ||
          text.indexOf(F("CME"   )) >= 0 ||
          text.indexOf(F("CPIN"  )) >= 0 ||
          text.indexOf(F("CFUN"  )) >= 0 ||
    1306:	97 ff       	sbrs	r25, 7
    1308:	2c c0       	rjmp	.+88     	; 0x1362 <waitAtAnswer()+0x280>
D:\projects\arduino\figaro\OnlineGasDetector_FIGARO/SIM800L.ino:403
          text.indexOf(F("DST"   )) >= 0 ||
          text.indexOf(F("CTZV"  )) >= 0 ||
    130a:	60 e3       	ldi	r22, 0x30	; 48
    130c:	71 e0       	ldi	r23, 0x01	; 1
    130e:	ce 01       	movw	r24, r28
    1310:	c7 96       	adiw	r24, 0x37	; 55
    1312:	0e 94 43 08 	call	0x1086	; 0x1086 <String::String(__FlashStringHelper const*)>
    1316:	be 01       	movw	r22, r28
    1318:	69 5c       	subi	r22, 0xC9	; 201
    131a:	7f 4f       	sbci	r23, 0xFF	; 255
    131c:	ce 01       	movw	r24, r28
    131e:	8d 5b       	subi	r24, 0xBD	; 189
    1320:	9f 4f       	sbci	r25, 0xFF	; 255
    1322:	0e 94 b8 06 	call	0xd70	; 0xd70 <String::indexOf(String const&) const>
D:\projects\arduino\figaro\OnlineGasDetector_FIGARO/SIM800L.ino:402
          text.indexOf(F("SMS"   )) >= 0 ||
          text.indexOf(F("CMTI"  )) >= 0 ||
          text.indexOf(F("CME"   )) >= 0 ||
          text.indexOf(F("CPIN"  )) >= 0 ||
          text.indexOf(F("CFUN"  )) >= 0 ||
          text.indexOf(F("DST"   )) >= 0 ||
    1326:	11 e0       	ldi	r17, 0x01	; 1
    1328:	97 ff       	sbrs	r25, 7
    132a:	17 c0       	rjmp	.+46     	; 0x135a <waitAtAnswer()+0x278>
D:\projects\arduino\figaro\OnlineGasDetector_FIGARO/SIM800L.ino:404
          text.indexOf(F("CTZV"  )) >= 0 ||
          text.indexOf(F("PSUTTZ")) >= 0);
    132c:	69 e2       	ldi	r22, 0x29	; 41
    132e:	71 e0       	ldi	r23, 0x01	; 1
    1330:	ce 01       	movw	r24, r28
    1332:	cd 96       	adiw	r24, 0x3d	; 61
    1334:	0e 94 43 08 	call	0x1086	; 0x1086 <String::String(__FlashStringHelper const*)>
    1338:	be 01       	movw	r22, r28
    133a:	63 5c       	subi	r22, 0xC3	; 195
    133c:	7f 4f       	sbci	r23, 0xFF	; 255
    133e:	ce 01       	movw	r24, r28
    1340:	8d 5b       	subi	r24, 0xBD	; 189
    1342:	9f 4f       	sbci	r25, 0xFF	; 255
    1344:	0e 94 b8 06 	call	0xd70	; 0xd70 <String::indexOf(String const&) const>
D:\projects\arduino\figaro\OnlineGasDetector_FIGARO/SIM800L.ino:403
          text.indexOf(F("CMTI"  )) >= 0 ||
          text.indexOf(F("CME"   )) >= 0 ||
          text.indexOf(F("CPIN"  )) >= 0 ||
          text.indexOf(F("CFUN"  )) >= 0 ||
          text.indexOf(F("DST"   )) >= 0 ||
          text.indexOf(F("CTZV"  )) >= 0 ||
    1348:	90 95       	com	r25
    134a:	19 2f       	mov	r17, r25
    134c:	11 1f       	adc	r17, r17
    134e:	11 27       	eor	r17, r17
    1350:	11 1f       	adc	r17, r17
D:\projects\arduino\figaro\OnlineGasDetector_FIGARO/SIM800L.ino:404
          text.indexOf(F("PSUTTZ")) >= 0);
    1352:	ce 01       	movw	r24, r28
    1354:	cd 96       	adiw	r24, 0x3d	; 61
    1356:	0e 94 23 07 	call	0xe46	; 0xe46 <String::~String()>
D:\projects\arduino\figaro\OnlineGasDetector_FIGARO/SIM800L.ino:403
          text.indexOf(F("CMTI"  )) >= 0 ||
          text.indexOf(F("CME"   )) >= 0 ||
          text.indexOf(F("CPIN"  )) >= 0 ||
          text.indexOf(F("CFUN"  )) >= 0 ||
          text.indexOf(F("DST"   )) >= 0 ||
          text.indexOf(F("CTZV"  )) >= 0 ||
    135a:	ce 01       	movw	r24, r28
    135c:	c7 96       	adiw	r24, 0x37	; 55
    135e:	0e 94 23 07 	call	0xe46	; 0xe46 <String::~String()>
D:\projects\arduino\figaro\OnlineGasDetector_FIGARO/SIM800L.ino:402
          text.indexOf(F("SMS"   )) >= 0 ||
          text.indexOf(F("CMTI"  )) >= 0 ||
          text.indexOf(F("CME"   )) >= 0 ||
          text.indexOf(F("CPIN"  )) >= 0 ||
          text.indexOf(F("CFUN"  )) >= 0 ||
          text.indexOf(F("DST"   )) >= 0 ||
    1362:	ce 01       	movw	r24, r28
    1364:	c1 96       	adiw	r24, 0x31	; 49
    1366:	0e 94 23 07 	call	0xe46	; 0xe46 <String::~String()>
D:\projects\arduino\figaro\OnlineGasDetector_FIGARO/SIM800L.ino:401
          text.indexOf(F("RDY"   )) >= 0 ||
          text.indexOf(F("SMS"   )) >= 0 ||
          text.indexOf(F("CMTI"  )) >= 0 ||
          text.indexOf(F("CME"   )) >= 0 ||
          text.indexOf(F("CPIN"  )) >= 0 ||
          text.indexOf(F("CFUN"  )) >= 0 ||
    136a:	ce 01       	movw	r24, r28
    136c:	8b 96       	adiw	r24, 0x2b	; 43
    136e:	0e 94 23 07 	call	0xe46	; 0xe46 <String::~String()>
    1372:	01 e0       	ldi	r16, 0x01	; 1
    1374:	ff 24       	eor	r15, r15
    1376:	f3 94       	inc	r15
    1378:	ee 24       	eor	r14, r14
    137a:	e3 94       	inc	r14
    137c:	dd 24       	eor	r13, r13
    137e:	d3 94       	inc	r13
    1380:	cc 24       	eor	r12, r12
    1382:	c3 94       	inc	r12
D:\projects\arduino\figaro\OnlineGasDetector_FIGARO/SIM800L.ino:400
          text.indexOf(F("Call"  )) >= 0 ||
          text.indexOf(F("RDY"   )) >= 0 ||
          text.indexOf(F("SMS"   )) >= 0 ||
          text.indexOf(F("CMTI"  )) >= 0 ||
          text.indexOf(F("CME"   )) >= 0 ||
          text.indexOf(F("CPIN"  )) >= 0 ||
    1384:	ce 01       	movw	r24, r28
    1386:	85 96       	adiw	r24, 0x25	; 37
    1388:	0e 94 23 07 	call	0xe46	; 0xe46 <String::~String()>
D:\projects\arduino\figaro\OnlineGasDetector_FIGARO/SIM800L.ino:399
  return (text.indexOf(F("Ready" )) >= 0 ||
          text.indexOf(F("Call"  )) >= 0 ||
          text.indexOf(F("RDY"   )) >= 0 ||
          text.indexOf(F("SMS"   )) >= 0 ||
          text.indexOf(F("CMTI"  )) >= 0 ||
          text.indexOf(F("CME"   )) >= 0 ||
    138c:	cc 20       	and	r12, r12
    138e:	21 f0       	breq	.+8      	; 0x1398 <waitAtAnswer()+0x2b6>
    1390:	ce 01       	movw	r24, r28
    1392:	4f 96       	adiw	r24, 0x1f	; 31
    1394:	0e 94 23 07 	call	0xe46	; 0xe46 <String::~String()>
D:\projects\arduino\figaro\OnlineGasDetector_FIGARO/SIM800L.ino:398
bool IsGsmGarbage(String text) {
  return (text.indexOf(F("Ready" )) >= 0 ||
          text.indexOf(F("Call"  )) >= 0 ||
          text.indexOf(F("RDY"   )) >= 0 ||
          text.indexOf(F("SMS"   )) >= 0 ||
          text.indexOf(F("CMTI"  )) >= 0 ||
    1398:	dd 20       	and	r13, r13
    139a:	21 f0       	breq	.+8      	; 0x13a4 <waitAtAnswer()+0x2c2>
    139c:	ce 01       	movw	r24, r28
    139e:	49 96       	adiw	r24, 0x19	; 25
    13a0:	0e 94 23 07 	call	0xe46	; 0xe46 <String::~String()>
D:\projects\arduino\figaro\OnlineGasDetector_FIGARO/SIM800L.ino:397

bool IsGsmGarbage(String text) {
  return (text.indexOf(F("Ready" )) >= 0 ||
          text.indexOf(F("Call"  )) >= 0 ||
          text.indexOf(F("RDY"   )) >= 0 ||
          text.indexOf(F("SMS"   )) >= 0 ||
    13a4:	ee 20       	and	r14, r14
    13a6:	21 f0       	breq	.+8      	; 0x13b0 <waitAtAnswer()+0x2ce>
    13a8:	ce 01       	movw	r24, r28
    13aa:	43 96       	adiw	r24, 0x13	; 19
    13ac:	0e 94 23 07 	call	0xe46	; 0xe46 <String::~String()>
D:\projects\arduino\figaro\OnlineGasDetector_FIGARO/SIM800L.ino:396
}

bool IsGsmGarbage(String text) {
  return (text.indexOf(F("Ready" )) >= 0 ||
          text.indexOf(F("Call"  )) >= 0 ||
          text.indexOf(F("RDY"   )) >= 0 ||
    13b0:	ff 20       	and	r15, r15
    13b2:	21 f0       	breq	.+8      	; 0x13bc <waitAtAnswer()+0x2da>
    13b4:	ce 01       	movw	r24, r28
    13b6:	0d 96       	adiw	r24, 0x0d	; 13
    13b8:	0e 94 23 07 	call	0xe46	; 0xe46 <String::~String()>
D:\projects\arduino\figaro\OnlineGasDetector_FIGARO/SIM800L.ino:395
  return response;
}

bool IsGsmGarbage(String text) {
  return (text.indexOf(F("Ready" )) >= 0 ||
          text.indexOf(F("Call"  )) >= 0 ||
    13bc:	00 23       	and	r16, r16
    13be:	21 f0       	breq	.+8      	; 0x13c8 <waitAtAnswer()+0x2e6>
    13c0:	ce 01       	movw	r24, r28
    13c2:	07 96       	adiw	r24, 0x07	; 7
    13c4:	0e 94 23 07 	call	0xe46	; 0xe46 <String::~String()>
D:\projects\arduino\figaro\OnlineGasDetector_FIGARO/SIM800L.ino:394
  } while (response.indexOf(F("OK")) == -1 && IsGsmGarbage(response));
  return response;
}

bool IsGsmGarbage(String text) {
  return (text.indexOf(F("Ready" )) >= 0 ||
    13c8:	ce 01       	movw	r24, r28
    13ca:	01 96       	adiw	r24, 0x01	; 1
    13cc:	0e 94 23 07 	call	0xe46	; 0xe46 <String::~String()>
waitAtAnswer():
D:\projects\arduino\figaro\OnlineGasDetector_FIGARO/SIM800L.ino:389
      delay(250);
      waitCount++;
    }
    response = SIM800L.readString();
    Serial.println(response);
  } while (response.indexOf(F("OK")) == -1 && IsGsmGarbage(response));
    13d0:	ce 01       	movw	r24, r28
    13d2:	8d 5b       	subi	r24, 0xBD	; 189
    13d4:	9f 4f       	sbci	r25, 0xFF	; 255
    13d6:	0e 94 23 07 	call	0xe46	; 0xe46 <String::~String()>
    13da:	ce 01       	movw	r24, r28
    13dc:	87 5b       	subi	r24, 0xB7	; 183
    13de:	9f 4f       	sbci	r25, 0xFF	; 255
    13e0:	0e 94 23 07 	call	0xe46	; 0xe46 <String::~String()>
    13e4:	11 11       	cpse	r17, r1
    13e6:	98 ce       	rjmp	.-720    	; 0x1118 <waitAtAnswer()+0x36>
_ZN6String4initEv():
C:\Users\luci\AppData\Local\Arduino15\packages\MiniCore\hardware\avr\3.1.1\cores\MCUdude_corefiles/WString.cpp:134
/*  Memory Management                        */
/*********************************************/

inline void String::init(void)
{
  buffer = NULL;
    13e8:	f5 01       	movw	r30, r10
    13ea:	11 82       	std	Z+1, r1	; 0x01
    13ec:	10 82       	st	Z, r1
C:\Users\luci\AppData\Local\Arduino15\packages\MiniCore\hardware\avr\3.1.1\cores\MCUdude_corefiles/WString.cpp:135
  capacity = 0;
    13ee:	13 82       	std	Z+3, r1	; 0x03
    13f0:	12 82       	std	Z+2, r1	; 0x02
C:\Users\luci\AppData\Local\Arduino15\packages\MiniCore\hardware\avr\3.1.1\cores\MCUdude_corefiles/WString.cpp:136
  len = 0;
    13f2:	15 82       	std	Z+5, r1	; 0x05
    13f4:	14 82       	std	Z+4, r1	; 0x04
__base_ctor ():
C:\Users\luci\AppData\Local\Arduino15\packages\MiniCore\hardware\avr\3.1.1\cores\MCUdude_corefiles/WString.cpp:50

#if __cplusplus >= 201103L || defined(__GXX_EXPERIMENTAL_CXX0X__)
String::String(String &&rval)
{
  init();
  move(rval);
    13f6:	be 01       	movw	r22, r28
    13f8:	61 5b       	subi	r22, 0xB1	; 177
    13fa:	7f 4f       	sbci	r23, 0xFF	; 255
    13fc:	c5 01       	movw	r24, r10
    13fe:	0e 94 d8 06 	call	0xdb0	; 0xdb0 <String::move(String&)>
    1402:	a0 ce       	rjmp	.-704    	; 0x1144 <waitAtAnswer()+0x62>
waitAtAnswer():
D:\projects\arduino\figaro\OnlineGasDetector_FIGARO/SIM800L.ino:403
          text.indexOf(F("CMTI"  )) >= 0 ||
          text.indexOf(F("CME"   )) >= 0 ||
          text.indexOf(F("CPIN"  )) >= 0 ||
          text.indexOf(F("CFUN"  )) >= 0 ||
          text.indexOf(F("DST"   )) >= 0 ||
          text.indexOf(F("CTZV"  )) >= 0 ||
    1404:	80 e0       	ldi	r24, 0x00	; 0
    1406:	c1 2c       	mov	r12, r1
    1408:	d1 2c       	mov	r13, r1
    140a:	e1 2c       	mov	r14, r1
    140c:	f1 2c       	mov	r15, r1
    140e:	00 e0       	ldi	r16, 0x00	; 0
IsGsmGarbage():
D:\projects\arduino\figaro\OnlineGasDetector_FIGARO/SIM800L.ino:402
          text.indexOf(F("SMS"   )) >= 0 ||
          text.indexOf(F("CMTI"  )) >= 0 ||
          text.indexOf(F("CME"   )) >= 0 ||
          text.indexOf(F("CPIN"  )) >= 0 ||
          text.indexOf(F("CFUN"  )) >= 0 ||
          text.indexOf(F("DST"   )) >= 0 ||
    1410:	11 e0       	ldi	r17, 0x01	; 1
D:\projects\arduino\figaro\OnlineGasDetector_FIGARO/SIM800L.ino:400
          text.indexOf(F("Call"  )) >= 0 ||
          text.indexOf(F("RDY"   )) >= 0 ||
          text.indexOf(F("SMS"   )) >= 0 ||
          text.indexOf(F("CMTI"  )) >= 0 ||
          text.indexOf(F("CME"   )) >= 0 ||
          text.indexOf(F("CPIN"  )) >= 0 ||
    1412:	88 23       	and	r24, r24
    1414:	09 f4       	brne	.+2      	; 0x1418 <waitAtAnswer()+0x336>
    1416:	ba cf       	rjmp	.-140    	; 0x138c <waitAtAnswer()+0x2aa>
    1418:	b5 cf       	rjmp	.-150    	; 0x1384 <waitAtAnswer()+0x2a2>
waitAtAnswer():
D:\projects\arduino\figaro\OnlineGasDetector_FIGARO/SIM800L.ino:403
          text.indexOf(F("CFUN"  )) >= 0 ||
          text.indexOf(F("DST"   )) >= 0 ||
          text.indexOf(F("CTZV"  )) >= 0 ||
    141a:	80 e0       	ldi	r24, 0x00	; 0
    141c:	c1 2c       	mov	r12, r1
    141e:	d1 2c       	mov	r13, r1
    1420:	e1 2c       	mov	r14, r1
    1422:	f1 2c       	mov	r15, r1
D:\projects\arduino\figaro\OnlineGasDetector_FIGARO/SIM800L.ino:394
  } while (response.indexOf(F("OK")) == -1 && IsGsmGarbage(response));
  return response;
}

bool IsGsmGarbage(String text) {
  return (text.indexOf(F("Ready" )) >= 0 ||
    1424:	01 e0       	ldi	r16, 0x01	; 1
    1426:	f4 cf       	rjmp	.-24     	; 0x1410 <waitAtAnswer()+0x32e>
D:\projects\arduino\figaro\OnlineGasDetector_FIGARO/SIM800L.ino:403
          text.indexOf(F("CMTI"  )) >= 0 ||
          text.indexOf(F("CME"   )) >= 0 ||
          text.indexOf(F("CPIN"  )) >= 0 ||
          text.indexOf(F("CFUN"  )) >= 0 ||
          text.indexOf(F("DST"   )) >= 0 ||
          text.indexOf(F("CTZV"  )) >= 0 ||
    1428:	80 e0       	ldi	r24, 0x00	; 0
    142a:	c1 2c       	mov	r12, r1
    142c:	d1 2c       	mov	r13, r1
    142e:	e1 2c       	mov	r14, r1
D:\projects\arduino\figaro\OnlineGasDetector_FIGARO/SIM800L.ino:395
  return response;
}

bool IsGsmGarbage(String text) {
  return (text.indexOf(F("Ready" )) >= 0 ||
          text.indexOf(F("Call"  )) >= 0 ||
    1430:	ff 24       	eor	r15, r15
    1432:	f3 94       	inc	r15
    1434:	f7 cf       	rjmp	.-18     	; 0x1424 <waitAtAnswer()+0x342>
D:\projects\arduino\figaro\OnlineGasDetector_FIGARO/SIM800L.ino:403
          text.indexOf(F("CMTI"  )) >= 0 ||
          text.indexOf(F("CME"   )) >= 0 ||
          text.indexOf(F("CPIN"  )) >= 0 ||
          text.indexOf(F("CFUN"  )) >= 0 ||
          text.indexOf(F("DST"   )) >= 0 ||
          text.indexOf(F("CTZV"  )) >= 0 ||
    1436:	80 e0       	ldi	r24, 0x00	; 0
    1438:	c1 2c       	mov	r12, r1
    143a:	d1 2c       	mov	r13, r1
D:\projects\arduino\figaro\OnlineGasDetector_FIGARO/SIM800L.ino:396
}

bool IsGsmGarbage(String text) {
  return (text.indexOf(F("Ready" )) >= 0 ||
          text.indexOf(F("Call"  )) >= 0 ||
          text.indexOf(F("RDY"   )) >= 0 ||
    143c:	ee 24       	eor	r14, r14
    143e:	e3 94       	inc	r14
    1440:	f7 cf       	rjmp	.-18     	; 0x1430 <waitAtAnswer()+0x34e>
D:\projects\arduino\figaro\OnlineGasDetector_FIGARO/SIM800L.ino:403
          text.indexOf(F("CMTI"  )) >= 0 ||
          text.indexOf(F("CME"   )) >= 0 ||
          text.indexOf(F("CPIN"  )) >= 0 ||
          text.indexOf(F("CFUN"  )) >= 0 ||
          text.indexOf(F("DST"   )) >= 0 ||
          text.indexOf(F("CTZV"  )) >= 0 ||
    1442:	80 e0       	ldi	r24, 0x00	; 0
    1444:	c1 2c       	mov	r12, r1
D:\projects\arduino\figaro\OnlineGasDetector_FIGARO/SIM800L.ino:397

bool IsGsmGarbage(String text) {
  return (text.indexOf(F("Ready" )) >= 0 ||
          text.indexOf(F("Call"  )) >= 0 ||
          text.indexOf(F("RDY"   )) >= 0 ||
          text.indexOf(F("SMS"   )) >= 0 ||
    1446:	dd 24       	eor	r13, r13
    1448:	d3 94       	inc	r13
    144a:	f8 cf       	rjmp	.-16     	; 0x143c <waitAtAnswer()+0x35a>
D:\projects\arduino\figaro\OnlineGasDetector_FIGARO/SIM800L.ino:403
          text.indexOf(F("CMTI"  )) >= 0 ||
          text.indexOf(F("CME"   )) >= 0 ||
          text.indexOf(F("CPIN"  )) >= 0 ||
          text.indexOf(F("CFUN"  )) >= 0 ||
          text.indexOf(F("DST"   )) >= 0 ||
          text.indexOf(F("CTZV"  )) >= 0 ||
    144c:	80 e0       	ldi	r24, 0x00	; 0
D:\projects\arduino\figaro\OnlineGasDetector_FIGARO/SIM800L.ino:398
bool IsGsmGarbage(String text) {
  return (text.indexOf(F("Ready" )) >= 0 ||
          text.indexOf(F("Call"  )) >= 0 ||
          text.indexOf(F("RDY"   )) >= 0 ||
          text.indexOf(F("SMS"   )) >= 0 ||
          text.indexOf(F("CMTI"  )) >= 0 ||
    144e:	cc 24       	eor	r12, r12
    1450:	c3 94       	inc	r12
    1452:	f9 cf       	rjmp	.-14     	; 0x1446 <waitAtAnswer()+0x364>
D:\projects\arduino\figaro\OnlineGasDetector_FIGARO/SIM800L.ino:399
          text.indexOf(F("CME"   )) >= 0 ||
    1454:	81 e0       	ldi	r24, 0x01	; 1
    1456:	fb cf       	rjmp	.-10     	; 0x144e <waitAtAnswer()+0x36c>

00001458 <sendAtCommand(String, bool) [clone .constprop.7]>:
sendAtCommand():
D:\projects\arduino\figaro\OnlineGasDetector_FIGARO/SIM800L.ino:407
          text.indexOf(F("DST"   )) >= 0 ||
          text.indexOf(F("CTZV"  )) >= 0 ||
          text.indexOf(F("PSUTTZ")) >= 0);
}

String sendAtCommand(String command, bool waitFeedback) {
    1458:	0f 93       	push	r16
    145a:	1f 93       	push	r17
    145c:	cf 93       	push	r28
    145e:	df 93       	push	r29
    1460:	8c 01       	movw	r16, r24
    1462:	eb 01       	movw	r28, r22
equals():
C:\Users\luci\AppData\Local\Arduino15\packages\MiniCore\hardware\avr\3.1.1\cores\MCUdude_corefiles/WString.cpp:452
  return (len == s2.len && compareTo(s2) == 0);
}

unsigned char String::equals(const char *cstr) const
{
  if (len == 0) return (cstr == NULL || *cstr == 0);
    1464:	8c 81       	ldd	r24, Y+4	; 0x04
    1466:	9d 81       	ldd	r25, Y+5	; 0x05
    1468:	89 2b       	or	r24, r25
    146a:	a9 f0       	breq	.+42     	; 0x1496 <sendAtCommand(String, bool) [clone .constprop.7]+0x3e>
C:\Users\luci\AppData\Local\Arduino15\packages\MiniCore\hardware\avr\3.1.1\cores\MCUdude_corefiles/WString.cpp:454
  if (cstr == NULL) return buffer[0] == 0;
  return strcmp(buffer, cstr) == 0;
    146c:	e8 81       	ld	r30, Y
    146e:	f9 81       	ldd	r31, Y+1	; 0x01
sendAtCommand():
D:\projects\arduino\figaro\OnlineGasDetector_FIGARO/SIM800L.ino:408
  if (command == "") {
    1470:	80 81       	ld	r24, Z
    1472:	88 23       	and	r24, r24
    1474:	81 f0       	breq	.+32     	; 0x1496 <sendAtCommand(String, bool) [clone .constprop.7]+0x3e>
D:\projects\arduino\figaro\OnlineGasDetector_FIGARO/SIM800L.ino:411
    waitFeedback = true;
  } else {
    Serial.println(F("--------"));
    1476:	64 e7       	ldi	r22, 0x74	; 116
    1478:	73 e0       	ldi	r23, 0x03	; 3
    147a:	81 e4       	ldi	r24, 0x41	; 65
    147c:	94 e0       	ldi	r25, 0x04	; 4
    147e:	0e 94 88 06 	call	0xd10	; 0xd10 <Print::println(__FlashStringHelper const*)>
D:\projects\arduino\figaro\OnlineGasDetector_FIGARO/SIM800L.ino:412
    Serial.println(command);
    1482:	be 01       	movw	r22, r28
    1484:	81 e4       	ldi	r24, 0x41	; 65
    1486:	94 e0       	ldi	r25, 0x04	; 4
    1488:	0e 94 6b 06 	call	0xcd6	; 0xcd6 <Print::println(String const&)>
D:\projects\arduino\figaro\OnlineGasDetector_FIGARO/SIM800L.ino:413
    SIM800L.println(command);
    148c:	be 01       	movw	r22, r28
    148e:	84 ee       	ldi	r24, 0xE4	; 228
    1490:	94 e0       	ldi	r25, 0x04	; 4
    1492:	0e 94 6b 06 	call	0xcd6	; 0xcd6 <Print::println(String const&)>
D:\projects\arduino\figaro\OnlineGasDetector_FIGARO/SIM800L.ino:417
  }

  if (waitFeedback)
    return waitAtAnswer();
    1496:	c8 01       	movw	r24, r16
    1498:	0e 94 71 08 	call	0x10e2	; 0x10e2 <waitAtAnswer()>
D:\projects\arduino\figaro\OnlineGasDetector_FIGARO/SIM800L.ino:419
  return "";
}
    149c:	c8 01       	movw	r24, r16
    149e:	df 91       	pop	r29
    14a0:	cf 91       	pop	r28
    14a2:	1f 91       	pop	r17
    14a4:	0f 91       	pop	r16
    14a6:	08 95       	ret

000014a8 <isAtResponseOk(String)>:
isAtResponseOk():
D:\projects\arduino\figaro\OnlineGasDetector_FIGARO/SIM800L.ino:322
  sendAtCommand(F("AT+SAPBR=0,1"), true);
  return "";
}

// Проверяет ответ AT команды: пустой (таймаут) или ERROR = ошибка
bool isAtResponseOk(String response) {
    14a8:	0f 93       	push	r16
    14aa:	1f 93       	push	r17
    14ac:	cf 93       	push	r28
    14ae:	df 93       	push	r29
    14b0:	00 d0       	rcall	.+0      	; 0x14b2 <isAtResponseOk(String)+0xa>
    14b2:	00 d0       	rcall	.+0      	; 0x14b4 <isAtResponseOk(String)+0xc>
    14b4:	00 d0       	rcall	.+0      	; 0x14b6 <isAtResponseOk(String)+0xe>
    14b6:	cd b7       	in	r28, 0x3d	; 61
    14b8:	de b7       	in	r29, 0x3e	; 62
D:\projects\arduino\figaro\OnlineGasDetector_FIGARO/SIM800L.ino:323
  return response.length() > 0 && response.indexOf(F("ERROR")) == -1;
    14ba:	fc 01       	movw	r30, r24
    14bc:	24 81       	ldd	r18, Z+4	; 0x04
    14be:	35 81       	ldd	r19, Z+5	; 0x05
    14c0:	10 e0       	ldi	r17, 0x00	; 0
    14c2:	23 2b       	or	r18, r19
    14c4:	a9 f0       	breq	.+42     	; 0x14f0 <isAtResponseOk(String)+0x48>
    14c6:	8c 01       	movw	r16, r24
    14c8:	63 e2       	ldi	r22, 0x23	; 35
    14ca:	71 e0       	ldi	r23, 0x01	; 1
    14cc:	ce 01       	movw	r24, r28
    14ce:	01 96       	adiw	r24, 0x01	; 1
    14d0:	0e 94 43 08 	call	0x1086	; 0x1086 <String::String(__FlashStringHelper const*)>
    14d4:	be 01       	movw	r22, r28
    14d6:	6f 5f       	subi	r22, 0xFF	; 255
    14d8:	7f 4f       	sbci	r23, 0xFF	; 255
    14da:	c8 01       	movw	r24, r16
    14dc:	0e 94 b8 06 	call	0xd70	; 0xd70 <String::indexOf(String const&) const>
    14e0:	11 e0       	ldi	r17, 0x01	; 1
    14e2:	01 96       	adiw	r24, 0x01	; 1
    14e4:	09 f0       	breq	.+2      	; 0x14e8 <isAtResponseOk(String)+0x40>
    14e6:	10 e0       	ldi	r17, 0x00	; 0
    14e8:	ce 01       	movw	r24, r28
    14ea:	01 96       	adiw	r24, 0x01	; 1
    14ec:	0e 94 23 07 	call	0xe46	; 0xe46 <String::~String()>
D:\projects\arduino\figaro\OnlineGasDetector_FIGARO/SIM800L.ino:324
}
    14f0:	81 2f       	mov	r24, r17
    14f2:	26 96       	adiw	r28, 0x06	; 6
    14f4:	0f b6       	in	r0, 0x3f	; 63
    14f6:	f8 94       	cli
    14f8:	de bf       	out	0x3e, r29	; 62
    14fa:	0f be       	out	0x3f, r0	; 63
    14fc:	cd bf       	out	0x3d, r28	; 61
    14fe:	df 91       	pop	r29
    1500:	cf 91       	pop	r28
    1502:	1f 91       	pop	r17
    1504:	0f 91       	pop	r16
    1506:	08 95       	ret

00001508 <SendSMS(String, String)>:
SendSMS():
D:\projects\arduino\figaro\OnlineGasDetector_FIGARO/SIM800L.ino:204
      delay(2000);
    }
  }
}

bool SendSMS(String smsText, String phoneNumber) {
    1508:	cf 92       	push	r12
    150a:	df 92       	push	r13
    150c:	ef 92       	push	r14
    150e:	ff 92       	push	r15
    1510:	0f 93       	push	r16
    1512:	1f 93       	push	r17
    1514:	cf 93       	push	r28
    1516:	df 93       	push	r29
    1518:	cd b7       	in	r28, 0x3d	; 61
    151a:	de b7       	in	r29, 0x3e	; 62
    151c:	68 97       	sbiw	r28, 0x18	; 24
    151e:	0f b6       	in	r0, 0x3f	; 63
    1520:	f8 94       	cli
    1522:	de bf       	out	0x3e, r29	; 62
    1524:	0f be       	out	0x3f, r0	; 63
    1526:	cd bf       	out	0x3d, r28	; 61
    1528:	7c 01       	movw	r14, r24
    152a:	8b 01       	movw	r16, r22
_ZN15StringSumHelperC2EPKc():
C:\Users\luci\AppData\Local\Arduino15\packages\MiniCore\hardware\avr\3.1.1\cores\MCUdude_corefiles/WString.h:217

class StringSumHelper : public String
{
public:
  StringSumHelper(const String &s) : String(s) {}
  StringSumHelper(const char *p) : String(p) {}
    152c:	6e e4       	ldi	r22, 0x4E	; 78
    152e:	71 e0       	ldi	r23, 0x01	; 1
    1530:	ce 01       	movw	r24, r28
    1532:	01 96       	adiw	r24, 0x01	; 1
    1534:	0e 94 ba 07 	call	0xf74	; 0xf74 <String::String(char const*)>
operator+():
C:\Users\luci\AppData\Local\Arduino15\packages\MiniCore\hardware\avr\3.1.1\cores\MCUdude_corefiles/WString.cpp:357
/*********************************************/

StringSumHelper & operator + (const StringSumHelper &lhs, const String &rhs)
{
  StringSumHelper &a = const_cast<StringSumHelper&>(lhs);
  if (!a.concat(rhs.buffer, rhs.len)) a.invalidate();
    1538:	f8 01       	movw	r30, r16
    153a:	44 81       	ldd	r20, Z+4	; 0x04
    153c:	55 81       	ldd	r21, Z+5	; 0x05
    153e:	60 81       	ld	r22, Z
    1540:	71 81       	ldd	r23, Z+1	; 0x01
    1542:	ce 01       	movw	r24, r28
    1544:	01 96       	adiw	r24, 0x01	; 1
    1546:	0e 94 53 07 	call	0xea6	; 0xea6 <String::concat(char const*, unsigned int)>
    154a:	81 11       	cpse	r24, r1
    154c:	04 c0       	rjmp	.+8      	; 0x1556 <SendSMS(String, String)+0x4e>
    154e:	ce 01       	movw	r24, r28
    1550:	01 96       	adiw	r24, 0x01	; 1
    1552:	0e 94 11 07 	call	0xe22	; 0xe22 <String::invalidate()>
C:\Users\luci\AppData\Local\Arduino15\packages\MiniCore\hardware\avr\3.1.1\cores\MCUdude_corefiles/WString.cpp:364
}

StringSumHelper & operator + (const StringSumHelper &lhs, const char *cstr)
{
  StringSumHelper &a = const_cast<StringSumHelper&>(lhs);
  if (!cstr || !a.concat(cstr, strlen(cstr))) a.invalidate();
    1556:	41 e0       	ldi	r20, 0x01	; 1
    1558:	50 e0       	ldi	r21, 0x00	; 0
    155a:	66 e5       	ldi	r22, 0x56	; 86
    155c:	71 e0       	ldi	r23, 0x01	; 1
    155e:	ce 01       	movw	r24, r28
    1560:	01 96       	adiw	r24, 0x01	; 1
    1562:	0e 94 53 07 	call	0xea6	; 0xea6 <String::concat(char const*, unsigned int)>
    1566:	81 11       	cpse	r24, r1
    1568:	04 c0       	rjmp	.+8      	; 0x1572 <SendSMS(String, String)+0x6a>
    156a:	ce 01       	movw	r24, r28
    156c:	01 96       	adiw	r24, 0x01	; 1
    156e:	0e 94 11 07 	call	0xe22	; 0xe22 <String::invalidate()>
SendSMS():
D:\projects\arduino\figaro\OnlineGasDetector_FIGARO/SIM800L.ino:205
  String atCommand = "AT+CMGS=\"" + phoneNumber + "\"";
    1572:	be 01       	movw	r22, r28
    1574:	6f 5f       	subi	r22, 0xFF	; 255
    1576:	7f 4f       	sbci	r23, 0xFF	; 255
    1578:	ce 01       	movw	r24, r28
    157a:	0d 96       	adiw	r24, 0x0d	; 13
    157c:	0e 94 a0 07 	call	0xf40	; 0xf40 <String::String(String const&)>
C:\Users\luci\AppData\Local\Arduino15\packages\MiniCore\hardware\avr\3.1.1\cores\MCUdude_corefiles/WString.h:213
       #if __cplusplus >= 201103L || defined(__GXX_EXPERIMENTAL_CXX0X__)
  void move(String &rhs);
  #endif
};

class StringSumHelper : public String
    1580:	ce 01       	movw	r24, r28
    1582:	01 96       	adiw	r24, 0x01	; 1
    1584:	0e 94 23 07 	call	0xe46	; 0xe46 <String::~String()>
D:\projects\arduino\figaro\OnlineGasDetector_FIGARO/SIM800L.ino:206
  SIM800L.println(atCommand);
    1588:	be 01       	movw	r22, r28
    158a:	63 5f       	subi	r22, 0xF3	; 243
    158c:	7f 4f       	sbci	r23, 0xFF	; 255
    158e:	84 ee       	ldi	r24, 0xE4	; 228
    1590:	94 e0       	ldi	r25, 0x04	; 4
    1592:	0e 94 6b 06 	call	0xcd6	; 0xcd6 <Print::println(String const&)>
D:\projects\arduino\figaro\OnlineGasDetector_FIGARO/SIM800L.ino:207
  Serial.println(atCommand);
    1596:	be 01       	movw	r22, r28
    1598:	63 5f       	subi	r22, 0xF3	; 243
    159a:	7f 4f       	sbci	r23, 0xFF	; 255
    159c:	81 e4       	ldi	r24, 0x41	; 65
    159e:	94 e0       	ldi	r25, 0x04	; 4
    15a0:	0e 94 6b 06 	call	0xcd6	; 0xcd6 <Print::println(String const&)>
    15a4:	04 e1       	ldi	r16, 0x14	; 20
    15a6:	10 e0       	ldi	r17, 0x00	; 0
D:\projects\arduino\figaro\OnlineGasDetector_FIGARO/SIM800L.ino:212

  // Ждём приглашение ">" от модуля (до 5 секунд)
  bool gotPrompt = false;
  for (int i = 0; i < 20; i++) { // 20 × 250ms = 5 сек
    if (SIM800L.available()) {
    15a8:	84 ee       	ldi	r24, 0xE4	; 228
    15aa:	94 e0       	ldi	r25, 0x04	; 4
    15ac:	0e 94 b0 04 	call	0x960	; 0x960 <SoftwareSerial::available()>
    15b0:	89 2b       	or	r24, r25
    15b2:	09 f4       	brne	.+2      	; 0x15b6 <SendSMS(String, String)+0xae>
    15b4:	72 c0       	rjmp	.+228    	; 0x169a <SendSMS(String, String)+0x192>
D:\projects\arduino\figaro\OnlineGasDetector_FIGARO/SIM800L.ino:213
      String data = SIM800L.readString();
    15b6:	ce 01       	movw	r24, r28
    15b8:	01 96       	adiw	r24, 0x01	; 1
    15ba:	0e 94 cb 07 	call	0xf96	; 0xf96 <Stream::readString() [clone .constprop.10]>
indexOf():
C:\Users\luci\AppData\Local\Arduino15\packages\MiniCore\hardware\avr\3.1.1\cores\MCUdude_corefiles/WString.cpp:557
/*  Search                                   */
/*********************************************/

int String::indexOf(char c) const
{
  return indexOf(c, 0);
    15be:	50 e0       	ldi	r21, 0x00	; 0
    15c0:	40 e0       	ldi	r20, 0x00	; 0
    15c2:	6e e3       	ldi	r22, 0x3E	; 62
    15c4:	ce 01       	movw	r24, r28
    15c6:	01 96       	adiw	r24, 0x01	; 1
    15c8:	0e 94 bc 06 	call	0xd78	; 0xd78 <String::indexOf(char, unsigned int) const>
SendSMS():
D:\projects\arduino\figaro\OnlineGasDetector_FIGARO/SIM800L.ino:214
      if (data.indexOf('>') >= 0) {
    15cc:	97 fd       	sbrc	r25, 7
    15ce:	2e c0       	rjmp	.+92     	; 0x162c <SendSMS(String, String)+0x124>
D:\projects\arduino\figaro\OnlineGasDetector_FIGARO/SIM800L.ino:216
        gotPrompt = true;
        break;
    15d0:	ce 01       	movw	r24, r28
    15d2:	01 96       	adiw	r24, 0x01	; 1
    15d4:	0e 94 23 07 	call	0xe46	; 0xe46 <String::~String()>
write():
C:\Users\luci\AppData\Local\Arduino15\packages\MiniCore\hardware\avr\3.1.1\cores\MCUdude_corefiles/Print.h:58
    15d8:	f7 01       	movw	r30, r14
    15da:	44 81       	ldd	r20, Z+4	; 0x04
    15dc:	55 81       	ldd	r21, Z+5	; 0x05
    15de:	60 81       	ld	r22, Z
    15e0:	71 81       	ldd	r23, Z+1	; 0x01
    15e2:	84 ee       	ldi	r24, 0xE4	; 228
    15e4:	94 e0       	ldi	r25, 0x04	; 4
    15e6:	0e 94 2e 03 	call	0x65c	; 0x65c <Print::write(unsigned char const*, unsigned int)>
SendSMS():
D:\projects\arduino\figaro\OnlineGasDetector_FIGARO/SIM800L.ino:231
    Serial.println(F("No SMS prompt"));
    return false;
  }

  SIM800L.print(smsText);
  delay(500);
    15ea:	64 ef       	ldi	r22, 0xF4	; 244
    15ec:	71 e0       	ldi	r23, 0x01	; 1
    15ee:	80 e0       	ldi	r24, 0x00	; 0
    15f0:	90 e0       	ldi	r25, 0x00	; 0
    15f2:	0e 94 b9 02 	call	0x572	; 0x572 <delay>
D:\projects\arduino\figaro\OnlineGasDetector_FIGARO/SIM800L.ino:232
  SIM800L.write(0x1A);
    15f6:	6a e1       	ldi	r22, 0x1A	; 26
    15f8:	84 ee       	ldi	r24, 0xE4	; 228
    15fa:	94 e0       	ldi	r25, 0x04	; 4
    15fc:	0e 94 54 04 	call	0x8a8	; 0x8a8 <SoftwareSerial::write(unsigned char)>
D:\projects\arduino\figaro\OnlineGasDetector_FIGARO/SIM800L.ino:233
  Serial.println(F("SMS text sent, waiting for confirmation..."));
    1600:	6b ed       	ldi	r22, 0xDB	; 219
    1602:	70 e0       	ldi	r23, 0x00	; 0
    1604:	81 e4       	ldi	r24, 0x41	; 65
    1606:	94 e0       	ldi	r25, 0x04	; 4
    1608:	0e 94 88 06 	call	0xd10	; 0xd10 <Print::println(__FlashStringHelper const*)>
    160c:	0a e7       	ldi	r16, 0x7A	; 122
    160e:	10 e0       	ldi	r17, 0x00	; 0
D:\projects\arduino\figaro\OnlineGasDetector_FIGARO/SIM800L.ino:237

  // Ждём подтверждения +CMGS (до 30 секунд)
  int waitCount = 0;
  while (!SIM800L.available()) {
    1610:	84 ee       	ldi	r24, 0xE4	; 228
    1612:	94 e0       	ldi	r25, 0x04	; 4
    1614:	0e 94 b0 04 	call	0x960	; 0x960 <SoftwareSerial::available()>
    1618:	89 2b       	or	r24, r25
    161a:	09 f0       	breq	.+2      	; 0x161e <SendSMS(String, String)+0x116>
    161c:	56 c0       	rjmp	.+172    	; 0x16ca <SendSMS(String, String)+0x1c2>
    161e:	01 50       	subi	r16, 0x01	; 1
    1620:	11 09       	sbc	r17, r1
D:\projects\arduino\figaro\OnlineGasDetector_FIGARO/SIM800L.ino:238
    if (waitCount > 120) { // 120 × 250ms = 30 сек
    1622:	09 f0       	breq	.+2      	; 0x1626 <SendSMS(String, String)+0x11e>
    1624:	4b c0       	rjmp	.+150    	; 0x16bc <SendSMS(String, String)+0x1b4>
D:\projects\arduino\figaro\OnlineGasDetector_FIGARO/SIM800L.ino:239
      Serial.println(F("SMS timeout"));
    1626:	69 ea       	ldi	r22, 0xA9	; 169
    1628:	70 e0       	ldi	r23, 0x00	; 0
    162a:	43 c0       	rjmp	.+134    	; 0x16b2 <SendSMS(String, String)+0x1aa>
D:\projects\arduino\figaro\OnlineGasDetector_FIGARO/SIM800L.ino:218
      String data = SIM800L.readString();
      if (data.indexOf('>') >= 0) {
        gotPrompt = true;
        break;
      }
      if (data.indexOf(F("ERROR")) >= 0) {
    162c:	65 ed       	ldi	r22, 0xD5	; 213
    162e:	70 e0       	ldi	r23, 0x00	; 0
    1630:	ce 01       	movw	r24, r28
    1632:	07 96       	adiw	r24, 0x07	; 7
    1634:	0e 94 43 08 	call	0x1086	; 0x1086 <String::String(__FlashStringHelper const*)>
    1638:	be 01       	movw	r22, r28
    163a:	69 5f       	subi	r22, 0xF9	; 249
    163c:	7f 4f       	sbci	r23, 0xFF	; 255
    163e:	ce 01       	movw	r24, r28
    1640:	01 96       	adiw	r24, 0x01	; 1
    1642:	0e 94 b8 06 	call	0xd70	; 0xd70 <String::indexOf(String const&) const>
    1646:	6c 01       	movw	r12, r24
    1648:	ce 01       	movw	r24, r28
    164a:	07 96       	adiw	r24, 0x07	; 7
    164c:	0e 94 23 07 	call	0xe46	; 0xe46 <String::~String()>
    1650:	d7 fc       	sbrc	r13, 7
    1652:	1f c0       	rjmp	.+62     	; 0x1692 <SendSMS(String, String)+0x18a>
D:\projects\arduino\figaro\OnlineGasDetector_FIGARO/SIM800L.ino:219
        Serial.println(F("SMS command error"));
    1654:	63 ec       	ldi	r22, 0xC3	; 195
    1656:	70 e0       	ldi	r23, 0x00	; 0
    1658:	81 e4       	ldi	r24, 0x41	; 65
    165a:	94 e0       	ldi	r25, 0x04	; 4
    165c:	0e 94 88 06 	call	0xd10	; 0xd10 <Print::println(__FlashStringHelper const*)>
D:\projects\arduino\figaro\OnlineGasDetector_FIGARO/SIM800L.ino:220
        return false;
    1660:	ce 01       	movw	r24, r28
    1662:	01 96       	adiw	r24, 0x01	; 1
    1664:	0e 94 23 07 	call	0xe46	; 0xe46 <String::~String()>
D:\projects\arduino\figaro\OnlineGasDetector_FIGARO/SIM800L.ino:227
    }
    delay(250);
  }
  if (!gotPrompt) {
    Serial.println(F("No SMS prompt"));
    return false;
    1668:	10 e0       	ldi	r17, 0x00	; 0
D:\projects\arduino\figaro\OnlineGasDetector_FIGARO/SIM800L.ino:205
    }
  }
}

bool SendSMS(String smsText, String phoneNumber) {
  String atCommand = "AT+CMGS=\"" + phoneNumber + "\"";
    166a:	ce 01       	movw	r24, r28
    166c:	0d 96       	adiw	r24, 0x0d	; 13
    166e:	0e 94 23 07 	call	0xe46	; 0xe46 <String::~String()>
D:\projects\arduino\figaro\OnlineGasDetector_FIGARO/SIM800L.ino:249
  }
  String response = SIM800L.readString();
  Serial.println(response);

  return response.indexOf(F("+CMGS:")) >= 0 || response.indexOf(F("OK")) >= 0;
}
    1672:	81 2f       	mov	r24, r17
    1674:	68 96       	adiw	r28, 0x18	; 24
    1676:	0f b6       	in	r0, 0x3f	; 63
    1678:	f8 94       	cli
    167a:	de bf       	out	0x3e, r29	; 62
    167c:	0f be       	out	0x3f, r0	; 63
    167e:	cd bf       	out	0x3d, r28	; 61
    1680:	df 91       	pop	r29
    1682:	cf 91       	pop	r28
    1684:	1f 91       	pop	r17
    1686:	0f 91       	pop	r16
    1688:	ff 90       	pop	r15
    168a:	ef 90       	pop	r14
    168c:	df 90       	pop	r13
    168e:	cf 90       	pop	r12
    1690:	08 95       	ret
D:\projects\arduino\figaro\OnlineGasDetector_FIGARO/SIM800L.ino:213

  // Ждём приглашение ">" от модуля (до 5 секунд)
  bool gotPrompt = false;
  for (int i = 0; i < 20; i++) { // 20 × 250ms = 5 сек
    if (SIM800L.available()) {
      String data = SIM800L.readString();
    1692:	ce 01       	movw	r24, r28
    1694:	01 96       	adiw	r24, 0x01	; 1
    1696:	0e 94 23 07 	call	0xe46	; 0xe46 <String::~String()>
D:\projects\arduino\figaro\OnlineGasDetector_FIGARO/SIM800L.ino:223
      if (data.indexOf(F("ERROR")) >= 0) {
        Serial.println(F("SMS command error"));
        return false;
      }
    }
    delay(250);
    169a:	6a ef       	ldi	r22, 0xFA	; 250
    169c:	70 e0       	ldi	r23, 0x00	; 0
    169e:	80 e0       	ldi	r24, 0x00	; 0
    16a0:	90 e0       	ldi	r25, 0x00	; 0
    16a2:	0e 94 b9 02 	call	0x572	; 0x572 <delay>
    16a6:	01 50       	subi	r16, 0x01	; 1
    16a8:	11 09       	sbc	r17, r1
D:\projects\arduino\figaro\OnlineGasDetector_FIGARO/SIM800L.ino:211
  SIM800L.println(atCommand);
  Serial.println(atCommand);

  // Ждём приглашение ">" от модуля (до 5 секунд)
  bool gotPrompt = false;
  for (int i = 0; i < 20; i++) { // 20 × 250ms = 5 сек
    16aa:	09 f0       	breq	.+2      	; 0x16ae <SendSMS(String, String)+0x1a6>
    16ac:	7d cf       	rjmp	.-262    	; 0x15a8 <SendSMS(String, String)+0xa0>
D:\projects\arduino\figaro\OnlineGasDetector_FIGARO/SIM800L.ino:226
      }
    }
    delay(250);
  }
  if (!gotPrompt) {
    Serial.println(F("No SMS prompt"));
    16ae:	65 eb       	ldi	r22, 0xB5	; 181
    16b0:	70 e0       	ldi	r23, 0x00	; 0
    16b2:	81 e4       	ldi	r24, 0x41	; 65
    16b4:	94 e0       	ldi	r25, 0x04	; 4
    16b6:	0e 94 88 06 	call	0xd10	; 0xd10 <Print::println(__FlashStringHelper const*)>
    16ba:	d6 cf       	rjmp	.-84     	; 0x1668 <SendSMS(String, String)+0x160>
D:\projects\arduino\figaro\OnlineGasDetector_FIGARO/SIM800L.ino:242
  while (!SIM800L.available()) {
    if (waitCount > 120) { // 120 × 250ms = 30 сек
      Serial.println(F("SMS timeout"));
      return false;
    }
    delay(250);
    16bc:	6a ef       	ldi	r22, 0xFA	; 250
    16be:	70 e0       	ldi	r23, 0x00	; 0
    16c0:	80 e0       	ldi	r24, 0x00	; 0
    16c2:	90 e0       	ldi	r25, 0x00	; 0
    16c4:	0e 94 b9 02 	call	0x572	; 0x572 <delay>
    16c8:	a3 cf       	rjmp	.-186    	; 0x1610 <SendSMS(String, String)+0x108>
D:\projects\arduino\figaro\OnlineGasDetector_FIGARO/SIM800L.ino:245
    waitCount++;
  }
  String response = SIM800L.readString();
    16ca:	ce 01       	movw	r24, r28
    16cc:	43 96       	adiw	r24, 0x13	; 19
    16ce:	0e 94 cb 07 	call	0xf96	; 0xf96 <Stream::readString() [clone .constprop.10]>
D:\projects\arduino\figaro\OnlineGasDetector_FIGARO/SIM800L.ino:246
  Serial.println(response);
    16d2:	be 01       	movw	r22, r28
    16d4:	6d 5e       	subi	r22, 0xED	; 237
    16d6:	7f 4f       	sbci	r23, 0xFF	; 255
    16d8:	81 e4       	ldi	r24, 0x41	; 65
    16da:	94 e0       	ldi	r25, 0x04	; 4
    16dc:	0e 94 6b 06 	call	0xcd6	; 0xcd6 <Print::println(String const&)>
D:\projects\arduino\figaro\OnlineGasDetector_FIGARO/SIM800L.ino:248

  return response.indexOf(F("+CMGS:")) >= 0 || response.indexOf(F("OK")) >= 0;
    16e0:	62 ea       	ldi	r22, 0xA2	; 162
    16e2:	70 e0       	ldi	r23, 0x00	; 0
    16e4:	ce 01       	movw	r24, r28
    16e6:	07 96       	adiw	r24, 0x07	; 7
    16e8:	0e 94 43 08 	call	0x1086	; 0x1086 <String::String(__FlashStringHelper const*)>
    16ec:	be 01       	movw	r22, r28
    16ee:	69 5f       	subi	r22, 0xF9	; 249
    16f0:	7f 4f       	sbci	r23, 0xFF	; 255
    16f2:	ce 01       	movw	r24, r28
    16f4:	43 96       	adiw	r24, 0x13	; 19
    16f6:	0e 94 b8 06 	call	0xd70	; 0xd70 <String::indexOf(String const&) const>
    16fa:	11 e0       	ldi	r17, 0x01	; 1
    16fc:	97 ff       	sbrs	r25, 7
    16fe:	16 c0       	rjmp	.+44     	; 0x172c <SendSMS(String, String)+0x224>
    1700:	6f e9       	ldi	r22, 0x9F	; 159
    1702:	70 e0       	ldi	r23, 0x00	; 0
    1704:	ce 01       	movw	r24, r28
    1706:	01 96       	adiw	r24, 0x01	; 1
    1708:	0e 94 43 08 	call	0x1086	; 0x1086 <String::String(__FlashStringHelper const*)>
    170c:	be 01       	movw	r22, r28
    170e:	6f 5f       	subi	r22, 0xFF	; 255
    1710:	7f 4f       	sbci	r23, 0xFF	; 255
    1712:	ce 01       	movw	r24, r28
    1714:	43 96       	adiw	r24, 0x13	; 19
    1716:	0e 94 b8 06 	call	0xd70	; 0xd70 <String::indexOf(String const&) const>
    171a:	90 95       	com	r25
    171c:	19 2f       	mov	r17, r25
    171e:	11 1f       	adc	r17, r17
    1720:	11 27       	eor	r17, r17
    1722:	11 1f       	adc	r17, r17
    1724:	ce 01       	movw	r24, r28
    1726:	01 96       	adiw	r24, 0x01	; 1
    1728:	0e 94 23 07 	call	0xe46	; 0xe46 <String::~String()>
    172c:	ce 01       	movw	r24, r28
    172e:	07 96       	adiw	r24, 0x07	; 7
    1730:	0e 94 23 07 	call	0xe46	; 0xe46 <String::~String()>
D:\projects\arduino\figaro\OnlineGasDetector_FIGARO/SIM800L.ino:245
      return false;
    }
    delay(250);
    waitCount++;
  }
  String response = SIM800L.readString();
    1734:	ce 01       	movw	r24, r28
    1736:	43 96       	adiw	r24, 0x13	; 19
    1738:	0e 94 23 07 	call	0xe46	; 0xe46 <String::~String()>
    173c:	96 cf       	rjmp	.-212    	; 0x166a <SendSMS(String, String)+0x162>

0000173e <InitSmsMode()>:
InitSmsMode():
D:\projects\arduino\figaro\OnlineGasDetector_FIGARO/SIM800L.ino:149
  DeactivateGsmModulePower();
}

// Устанавливает SMS режим. Вызывается один раз перед группой отправок,
// а также повторно при каждом ретрае.
bool InitSmsMode() {
    173e:	0f 93       	push	r16
    1740:	1f 93       	push	r17
    1742:	cf 93       	push	r28
    1744:	df 93       	push	r29
    1746:	cd b7       	in	r28, 0x3d	; 61
    1748:	de b7       	in	r29, 0x3e	; 62
    174a:	62 97       	sbiw	r28, 0x12	; 18
    174c:	0f b6       	in	r0, 0x3f	; 63
    174e:	f8 94       	cli
    1750:	de bf       	out	0x3e, r29	; 62
    1752:	0f be       	out	0x3f, r0	; 63
    1754:	cd bf       	out	0x3d, r28	; 61
D:\projects\arduino\figaro\OnlineGasDetector_FIGARO/SIM800L.ino:150
  String response = sendAtCommand(F("AT+CMGF=1"), true);
    1756:	65 e9       	ldi	r22, 0x95	; 149
    1758:	70 e0       	ldi	r23, 0x00	; 0
    175a:	ce 01       	movw	r24, r28
    175c:	01 96       	adiw	r24, 0x01	; 1
    175e:	0e 94 43 08 	call	0x1086	; 0x1086 <String::String(__FlashStringHelper const*)>
    1762:	be 01       	movw	r22, r28
    1764:	6f 5f       	subi	r22, 0xFF	; 255
    1766:	7f 4f       	sbci	r23, 0xFF	; 255
    1768:	ce 01       	movw	r24, r28
    176a:	0d 96       	adiw	r24, 0x0d	; 13
    176c:	0e 94 2c 0a 	call	0x1458	; 0x1458 <sendAtCommand(String, bool) [clone .constprop.7]>
    1770:	ce 01       	movw	r24, r28
    1772:	01 96       	adiw	r24, 0x01	; 1
    1774:	0e 94 23 07 	call	0xe46	; 0xe46 <String::~String()>
D:\projects\arduino\figaro\OnlineGasDetector_FIGARO/SIM800L.ino:151
  if (response.indexOf(F("OK")) == -1) {
    1778:	62 e9       	ldi	r22, 0x92	; 146
    177a:	70 e0       	ldi	r23, 0x00	; 0
    177c:	ce 01       	movw	r24, r28
    177e:	01 96       	adiw	r24, 0x01	; 1
    1780:	0e 94 43 08 	call	0x1086	; 0x1086 <String::String(__FlashStringHelper const*)>
    1784:	be 01       	movw	r22, r28
    1786:	6f 5f       	subi	r22, 0xFF	; 255
    1788:	7f 4f       	sbci	r23, 0xFF	; 255
    178a:	ce 01       	movw	r24, r28
    178c:	0d 96       	adiw	r24, 0x0d	; 13
    178e:	0e 94 b8 06 	call	0xd70	; 0xd70 <String::indexOf(String const&) const>
    1792:	8c 01       	movw	r16, r24
    1794:	ce 01       	movw	r24, r28
    1796:	01 96       	adiw	r24, 0x01	; 1
    1798:	0e 94 23 07 	call	0xe46	; 0xe46 <String::~String()>
    179c:	0f 3f       	cpi	r16, 0xFF	; 255
    179e:	1f 4f       	sbci	r17, 0xFF	; 255
    17a0:	b9 f4       	brne	.+46     	; 0x17d0 <InitSmsMode()+0x92>
D:\projects\arduino\figaro\OnlineGasDetector_FIGARO/SIM800L.ino:152
    Serial.println(F("Failed to set SMS text mode"));
    17a2:	66 e7       	ldi	r22, 0x76	; 118
    17a4:	70 e0       	ldi	r23, 0x00	; 0
    17a6:	81 e4       	ldi	r24, 0x41	; 65
    17a8:	94 e0       	ldi	r25, 0x04	; 4
    17aa:	0e 94 88 06 	call	0xd10	; 0xd10 <Print::println(__FlashStringHelper const*)>
D:\projects\arduino\figaro\OnlineGasDetector_FIGARO/SIM800L.ino:153
    return false;
    17ae:	10 e0       	ldi	r17, 0x00	; 0
D:\projects\arduino\figaro\OnlineGasDetector_FIGARO/SIM800L.ino:150
}

// Устанавливает SMS режим. Вызывается один раз перед группой отправок,
// а также повторно при каждом ретрае.
bool InitSmsMode() {
  String response = sendAtCommand(F("AT+CMGF=1"), true);
    17b0:	ce 01       	movw	r24, r28
    17b2:	0d 96       	adiw	r24, 0x0d	; 13
    17b4:	0e 94 23 07 	call	0xe46	; 0xe46 <String::~String()>
D:\projects\arduino\figaro\OnlineGasDetector_FIGARO/SIM800L.ino:159
  }
  delay(500);
  sendAtCommand(F("AT+CSCS=\"GSM\""), true);
  delay(500);
  return true;
}
    17b8:	81 2f       	mov	r24, r17
    17ba:	62 96       	adiw	r28, 0x12	; 18
    17bc:	0f b6       	in	r0, 0x3f	; 63
    17be:	f8 94       	cli
    17c0:	de bf       	out	0x3e, r29	; 62
    17c2:	0f be       	out	0x3f, r0	; 63
    17c4:	cd bf       	out	0x3d, r28	; 61
    17c6:	df 91       	pop	r29
    17c8:	cf 91       	pop	r28
    17ca:	1f 91       	pop	r17
    17cc:	0f 91       	pop	r16
    17ce:	08 95       	ret
D:\projects\arduino\figaro\OnlineGasDetector_FIGARO/SIM800L.ino:155
  String response = sendAtCommand(F("AT+CMGF=1"), true);
  if (response.indexOf(F("OK")) == -1) {
    Serial.println(F("Failed to set SMS text mode"));
    return false;
  }
  delay(500);
    17d0:	64 ef       	ldi	r22, 0xF4	; 244
    17d2:	71 e0       	ldi	r23, 0x01	; 1
    17d4:	80 e0       	ldi	r24, 0x00	; 0
    17d6:	90 e0       	ldi	r25, 0x00	; 0
    17d8:	0e 94 b9 02 	call	0x572	; 0x572 <delay>
D:\projects\arduino\figaro\OnlineGasDetector_FIGARO/SIM800L.ino:156
  sendAtCommand(F("AT+CSCS=\"GSM\""), true);
    17dc:	68 e6       	ldi	r22, 0x68	; 104
    17de:	70 e0       	ldi	r23, 0x00	; 0
    17e0:	ce 01       	movw	r24, r28
    17e2:	01 96       	adiw	r24, 0x01	; 1
    17e4:	0e 94 43 08 	call	0x1086	; 0x1086 <String::String(__FlashStringHelper const*)>
    17e8:	be 01       	movw	r22, r28
    17ea:	6f 5f       	subi	r22, 0xFF	; 255
    17ec:	7f 4f       	sbci	r23, 0xFF	; 255
    17ee:	ce 01       	movw	r24, r28
    17f0:	07 96       	adiw	r24, 0x07	; 7
    17f2:	0e 94 2c 0a 	call	0x1458	; 0x1458 <sendAtCommand(String, bool) [clone .constprop.7]>
    17f6:	ce 01       	movw	r24, r28
    17f8:	07 96       	adiw	r24, 0x07	; 7
    17fa:	0e 94 23 07 	call	0xe46	; 0xe46 <String::~String()>
    17fe:	ce 01       	movw	r24, r28
    1800:	01 96       	adiw	r24, 0x01	; 1
    1802:	0e 94 23 07 	call	0xe46	; 0xe46 <String::~String()>
D:\projects\arduino\figaro\OnlineGasDetector_FIGARO/SIM800L.ino:157
  delay(500);
    1806:	64 ef       	ldi	r22, 0xF4	; 244
    1808:	71 e0       	ldi	r23, 0x01	; 1
    180a:	80 e0       	ldi	r24, 0x00	; 0
    180c:	90 e0       	ldi	r25, 0x00	; 0
    180e:	0e 94 b9 02 	call	0x572	; 0x572 <delay>
D:\projects\arduino\figaro\OnlineGasDetector_FIGARO/SIM800L.ino:158
  return true;
    1812:	11 e0       	ldi	r17, 0x01	; 1
    1814:	cd cf       	rjmp	.-102    	; 0x17b0 <InitSmsMode()+0x72>

00001816 <GetSignalLevel()>:
GetSignalLevel():
D:\projects\arduino\figaro\OnlineGasDetector_FIGARO/SIM800L.ino:281
  String body = data.substring(bodyStart, bodyEnd);
  body.trim();
  return body;
}

int GetSignalLevel() {
    1816:	0f 93       	push	r16
    1818:	1f 93       	push	r17
    181a:	cf 93       	push	r28
    181c:	df 93       	push	r29
    181e:	cd b7       	in	r28, 0x3d	; 61
    1820:	de b7       	in	r29, 0x3e	; 62
    1822:	2c 97       	sbiw	r28, 0x0c	; 12
    1824:	0f b6       	in	r0, 0x3f	; 63
    1826:	f8 94       	cli
    1828:	de bf       	out	0x3e, r29	; 62
    182a:	0f be       	out	0x3f, r0	; 63
    182c:	cd bf       	out	0x3d, r28	; 61
D:\projects\arduino\figaro\OnlineGasDetector_FIGARO/SIM800L.ino:283
  // Сбрасываем буфер — убираем загрузочные URC (RDY, CFUN, SMS Ready и т.д.)
  while (SIM800L.available()) SIM800L.read();
    182e:	84 ee       	ldi	r24, 0xE4	; 228
    1830:	94 e0       	ldi	r25, 0x04	; 4
    1832:	0e 94 b0 04 	call	0x960	; 0x960 <SoftwareSerial::available()>
    1836:	89 2b       	or	r24, r25
    1838:	29 f0       	breq	.+10     	; 0x1844 <GetSignalLevel()+0x2e>
    183a:	84 ee       	ldi	r24, 0xE4	; 228
    183c:	94 e0       	ldi	r25, 0x04	; 4
    183e:	0e 94 c6 04 	call	0x98c	; 0x98c <SoftwareSerial::read()>
    1842:	f5 cf       	rjmp	.-22     	; 0x182e <GetSignalLevel()+0x18>
D:\projects\arduino\figaro\OnlineGasDetector_FIGARO/SIM800L.ino:284
  Serial.println(F("--------"));
    1844:	6a e1       	ldi	r22, 0x1A	; 26
    1846:	71 e0       	ldi	r23, 0x01	; 1
    1848:	81 e4       	ldi	r24, 0x41	; 65
    184a:	94 e0       	ldi	r25, 0x04	; 4
    184c:	0e 94 88 06 	call	0xd10	; 0xd10 <Print::println(__FlashStringHelper const*)>
D:\projects\arduino\figaro\OnlineGasDetector_FIGARO/SIM800L.ino:285
  Serial.println(F("AT+CSQ"));
    1850:	63 e1       	ldi	r22, 0x13	; 19
    1852:	71 e0       	ldi	r23, 0x01	; 1
    1854:	81 e4       	ldi	r24, 0x41	; 65
    1856:	94 e0       	ldi	r25, 0x04	; 4
    1858:	0e 94 88 06 	call	0xd10	; 0xd10 <Print::println(__FlashStringHelper const*)>
D:\projects\arduino\figaro\OnlineGasDetector_FIGARO/SIM800L.ino:286
  SIM800L.println(F("AT+CSQ"));
    185c:	6c e0       	ldi	r22, 0x0C	; 12
    185e:	71 e0       	ldi	r23, 0x01	; 1
    1860:	84 ee       	ldi	r24, 0xE4	; 228
    1862:	94 e0       	ldi	r25, 0x04	; 4
    1864:	0e 94 88 06 	call	0xd10	; 0xd10 <Print::println(__FlashStringHelper const*)>
D:\projects\arduino\figaro\OnlineGasDetector_FIGARO/SIM800L.ino:287
  delay(3000);
    1868:	68 eb       	ldi	r22, 0xB8	; 184
    186a:	7b e0       	ldi	r23, 0x0B	; 11
    186c:	80 e0       	ldi	r24, 0x00	; 0
    186e:	90 e0       	ldi	r25, 0x00	; 0
    1870:	0e 94 b9 02 	call	0x572	; 0x572 <delay>
D:\projects\arduino\figaro\OnlineGasDetector_FIGARO/SIM800L.ino:288
  String response = "";
    1874:	6d e4       	ldi	r22, 0x4D	; 77
    1876:	71 e0       	ldi	r23, 0x01	; 1
    1878:	ce 01       	movw	r24, r28
    187a:	07 96       	adiw	r24, 0x07	; 7
    187c:	0e 94 ba 07 	call	0xf74	; 0xf74 <String::String(char const*)>
D:\projects\arduino\figaro\OnlineGasDetector_FIGARO/SIM800L.ino:289
  while (SIM800L.available()) {
    1880:	84 ee       	ldi	r24, 0xE4	; 228
    1882:	94 e0       	ldi	r25, 0x04	; 4
    1884:	0e 94 b0 04 	call	0x960	; 0x960 <SoftwareSerial::available()>
    1888:	89 2b       	or	r24, r25
    188a:	89 f0       	breq	.+34     	; 0x18ae <GetSignalLevel()+0x98>
D:\projects\arduino\figaro\OnlineGasDetector_FIGARO/SIM800L.ino:290
    response += SIM800L.readString();
    188c:	ce 01       	movw	r24, r28
    188e:	01 96       	adiw	r24, 0x01	; 1
    1890:	0e 94 cb 07 	call	0xf96	; 0xf96 <Stream::readString() [clone .constprop.10]>
concat():
C:\Users\luci\AppData\Local\Arduino15\packages\MiniCore\hardware\avr\3.1.1\cores\MCUdude_corefiles/WString.cpp:261
/*  concat                                   */
/*********************************************/

unsigned char String::concat(const String &s)
{
  return concat(s.buffer, s.len);
    1894:	4d 81       	ldd	r20, Y+5	; 0x05
    1896:	5e 81       	ldd	r21, Y+6	; 0x06
    1898:	69 81       	ldd	r22, Y+1	; 0x01
    189a:	7a 81       	ldd	r23, Y+2	; 0x02
    189c:	ce 01       	movw	r24, r28
    189e:	07 96       	adiw	r24, 0x07	; 7
    18a0:	0e 94 53 07 	call	0xea6	; 0xea6 <String::concat(char const*, unsigned int)>
GetSignalLevel():
D:\projects\arduino\figaro\OnlineGasDetector_FIGARO/SIM800L.ino:290
    18a4:	ce 01       	movw	r24, r28
    18a6:	01 96       	adiw	r24, 0x01	; 1
    18a8:	0e 94 23 07 	call	0xe46	; 0xe46 <String::~String()>
    18ac:	e9 cf       	rjmp	.-46     	; 0x1880 <GetSignalLevel()+0x6a>
D:\projects\arduino\figaro\OnlineGasDetector_FIGARO/SIM800L.ino:292
  }
  Serial.println(response);
    18ae:	be 01       	movw	r22, r28
    18b0:	69 5f       	subi	r22, 0xF9	; 249
    18b2:	7f 4f       	sbci	r23, 0xFF	; 255
    18b4:	81 e4       	ldi	r24, 0x41	; 65
    18b6:	94 e0       	ldi	r25, 0x04	; 4
    18b8:	0e 94 6b 06 	call	0xcd6	; 0xcd6 <Print::println(String const&)>
D:\projects\arduino\figaro\OnlineGasDetector_FIGARO/SIM800L.ino:293
  int csqIdx = response.indexOf(F("+CSQ:"));
    18bc:	66 e0       	ldi	r22, 0x06	; 6
    18be:	71 e0       	ldi	r23, 0x01	; 1
    18c0:	ce 01       	movw	r24, r28
    18c2:	01 96       	adiw	r24, 0x01	; 1
    18c4:	0e 94 43 08 	call	0x1086	; 0x1086 <String::String(__FlashStringHelper const*)>
    18c8:	be 01       	movw	r22, r28
    18ca:	6f 5f       	subi	r22, 0xFF	; 255
    18cc:	7f 4f       	sbci	r23, 0xFF	; 255
    18ce:	ce 01       	movw	r24, r28
    18d0:	07 96       	adiw	r24, 0x07	; 7
    18d2:	0e 94 b8 06 	call	0xd70	; 0xd70 <String::indexOf(String const&) const>
    18d6:	8c 01       	movw	r16, r24
    18d8:	ce 01       	movw	r24, r28
    18da:	01 96       	adiw	r24, 0x01	; 1
    18dc:	0e 94 23 07 	call	0xe46	; 0xe46 <String::~String()>
D:\projects\arduino\figaro\OnlineGasDetector_FIGARO/SIM800L.ino:294
  if (csqIdx == -1) return 0;
    18e0:	0f 3f       	cpi	r16, 0xFF	; 255
    18e2:	10 07       	cpc	r17, r16
    18e4:	d1 f0       	breq	.+52     	; 0x191a <GetSignalLevel()+0x104>
substring():
C:\Users\luci\AppData\Local\Arduino15\packages\MiniCore\hardware\avr\3.1.1\cores\MCUdude_corefiles/WString.h:178
  int indexOf( const String &str, unsigned int fromIndex ) const;
  int lastIndexOf( char ch ) const;
  int lastIndexOf( char ch, unsigned int fromIndex ) const;
  int lastIndexOf( const String &str ) const;
  int lastIndexOf( const String &str, unsigned int fromIndex ) const;
  String substring( unsigned int beginIndex ) const { return substring(beginIndex, len); };
    18e6:	2b 85       	ldd	r18, Y+11	; 0x0b
    18e8:	3c 85       	ldd	r19, Y+12	; 0x0c
GetSignalLevel():
D:\projects\arduino\figaro\OnlineGasDetector_FIGARO/SIM800L.ino:295
  int signalLevel = response.substring(csqIdx + 6).toInt();
    18ea:	a8 01       	movw	r20, r16
    18ec:	4a 5f       	subi	r20, 0xFA	; 250
    18ee:	5f 4f       	sbci	r21, 0xFF	; 255
substring():
C:\Users\luci\AppData\Local\Arduino15\packages\MiniCore\hardware\avr\3.1.1\cores\MCUdude_corefiles/WString.h:178
    18f0:	be 01       	movw	r22, r28
    18f2:	69 5f       	subi	r22, 0xF9	; 249
    18f4:	7f 4f       	sbci	r23, 0xFF	; 255
    18f6:	ce 01       	movw	r24, r28
    18f8:	01 96       	adiw	r24, 0x01	; 1
    18fa:	0e 94 ee 07 	call	0xfdc	; 0xfdc <String::substring(unsigned int, unsigned int) const>
toInt():
C:\Users\luci\AppData\Local\Arduino15\packages\MiniCore\hardware\avr\3.1.1\cores\MCUdude_corefiles/WString.cpp:738
/*  Parsing / Conversion                     */
/*********************************************/

long String::toInt(void) const
{
  if (buffer) return atol(buffer);
    18fe:	89 81       	ldd	r24, Y+1	; 0x01
    1900:	9a 81       	ldd	r25, Y+2	; 0x02
    1902:	00 97       	sbiw	r24, 0x00	; 0
    1904:	e1 f0       	breq	.+56     	; 0x193e <GetSignalLevel()+0x128>
    1906:	0e 94 96 19 	call	0x332c	; 0x332c <atol>
GetSignalLevel():
D:\projects\arduino\figaro\OnlineGasDetector_FIGARO/SIM800L.ino:295
    190a:	8b 01       	movw	r16, r22
    190c:	ce 01       	movw	r24, r28
    190e:	01 96       	adiw	r24, 0x01	; 1
    1910:	0e 94 23 07 	call	0xe46	; 0xe46 <String::~String()>
D:\projects\arduino\figaro\OnlineGasDetector_FIGARO/SIM800L.ino:296
  if (signalLevel == 99) return 0;
    1914:	03 36       	cpi	r16, 0x63	; 99
    1916:	11 05       	cpc	r17, r1
    1918:	11 f4       	brne	.+4      	; 0x191e <GetSignalLevel()+0x108>
    191a:	10 e0       	ldi	r17, 0x00	; 0
    191c:	00 e0       	ldi	r16, 0x00	; 0
D:\projects\arduino\figaro\OnlineGasDetector_FIGARO/SIM800L.ino:288
  while (SIM800L.available()) SIM800L.read();
  Serial.println(F("--------"));
  Serial.println(F("AT+CSQ"));
  SIM800L.println(F("AT+CSQ"));
  delay(3000);
  String response = "";
    191e:	ce 01       	movw	r24, r28
    1920:	07 96       	adiw	r24, 0x07	; 7
    1922:	0e 94 23 07 	call	0xe46	; 0xe46 <String::~String()>
D:\projects\arduino\figaro\OnlineGasDetector_FIGARO/SIM800L.ino:298
  int csqIdx = response.indexOf(F("+CSQ:"));
  if (csqIdx == -1) return 0;
  int signalLevel = response.substring(csqIdx + 6).toInt();
  if (signalLevel == 99) return 0;
  return signalLevel;
}
    1926:	c8 01       	movw	r24, r16
    1928:	2c 96       	adiw	r28, 0x0c	; 12
    192a:	0f b6       	in	r0, 0x3f	; 63
    192c:	f8 94       	cli
    192e:	de bf       	out	0x3e, r29	; 62
    1930:	0f be       	out	0x3f, r0	; 63
    1932:	cd bf       	out	0x3d, r28	; 61
    1934:	df 91       	pop	r29
    1936:	cf 91       	pop	r28
    1938:	1f 91       	pop	r17
    193a:	0f 91       	pop	r16
    193c:	08 95       	ret
C:\Users\luci\AppData\Local\Arduino15\packages\MiniCore\hardware\avr\3.1.1\cores\MCUdude_corefiles/WString.cpp:739
  return 0;
    193e:	60 e0       	ldi	r22, 0x00	; 0
    1940:	70 e0       	ldi	r23, 0x00	; 0
    1942:	cb 01       	movw	r24, r22
    1944:	e2 cf       	rjmp	.-60     	; 0x190a <GetSignalLevel()+0xf4>

00001946 <__vector_16>:
__vector_16():
C:\Users\luci\AppData\Local\Arduino15\packages\MiniCore\hardware\avr\3.1.1\cores\MCUdude_corefiles/wiring.c:159
#if defined(__AVR_ATtiny24__) || defined(__AVR_ATtiny44__) || defined(__AVR_ATtiny84__)
ISR(TIM0_OVF_vect)
#else
ISR(TIMER0_OVF_vect)
#endif
{
    1946:	1f 92       	push	r1
    1948:	0f 92       	push	r0
    194a:	0f b6       	in	r0, 0x3f	; 63
    194c:	0f 92       	push	r0
    194e:	11 24       	eor	r1, r1
    1950:	2f 93       	push	r18
    1952:	3f 93       	push	r19
    1954:	8f 93       	push	r24
    1956:	9f 93       	push	r25
    1958:	af 93       	push	r26
    195a:	bf 93       	push	r27
C:\Users\luci\AppData\Local\Arduino15\packages\MiniCore\hardware\avr\3.1.1\cores\MCUdude_corefiles/wiring.c:167
  static unsigned char timer0_exact = 0;
#endif

  // copy these to local variables so they can be stored in registers
  // (volatile variables must be read from memory on every access, so this saves time)
  unsigned long m = timer0_millis;
    195c:	80 91 39 04 	lds	r24, 0x0439	; 0x800439 <timer0_millis>
    1960:	90 91 3a 04 	lds	r25, 0x043A	; 0x80043a <timer0_millis+0x1>
    1964:	a0 91 3b 04 	lds	r26, 0x043B	; 0x80043b <timer0_millis+0x2>
    1968:	b0 91 3c 04 	lds	r27, 0x043C	; 0x80043c <timer0_millis+0x3>
C:\Users\luci\AppData\Local\Arduino15\packages\MiniCore\hardware\avr\3.1.1\cores\MCUdude_corefiles/wiring.c:168
  unsigned char f = timer0_fract;
    196c:	30 91 38 04 	lds	r19, 0x0438	; 0x800438 <timer0_fract>
C:\Users\luci\AppData\Local\Arduino15\packages\MiniCore\hardware\avr\3.1.1\cores\MCUdude_corefiles/wiring.c:170

  f += FRACT_INC FRACT_INC_PLUS;
    1970:	23 e0       	ldi	r18, 0x03	; 3
    1972:	23 0f       	add	r18, r19
C:\Users\luci\AppData\Local\Arduino15\packages\MiniCore\hardware\avr\3.1.1\cores\MCUdude_corefiles/wiring.c:200
    ++f;
  }
#endif
#endif // CORRECT_EXACT_MILLIS

  if (f >= FRACT_MAX) {
    1974:	2d 37       	cpi	r18, 0x7D	; 125
    1976:	68 f1       	brcs	.+90     	; 0x19d2 <__vector_16+0x8c>
C:\Users\luci\AppData\Local\Arduino15\packages\MiniCore\hardware\avr\3.1.1\cores\MCUdude_corefiles/wiring.c:201
    f -= FRACT_MAX;
    1978:	26 e8       	ldi	r18, 0x86	; 134
    197a:	23 0f       	add	r18, r19
C:\Users\luci\AppData\Local\Arduino15\packages\MiniCore\hardware\avr\3.1.1\cores\MCUdude_corefiles/wiring.c:202
    m += MILLIS_INC + 1;
    197c:	02 96       	adiw	r24, 0x02	; 2
    197e:	a1 1d       	adc	r26, r1
    1980:	b1 1d       	adc	r27, r1
C:\Users\luci\AppData\Local\Arduino15\packages\MiniCore\hardware\avr\3.1.1\cores\MCUdude_corefiles/wiring.c:208
  }
  else {
    m += MILLIS_INC;
  }

  timer0_fract = f;
    1982:	20 93 38 04 	sts	0x0438, r18	; 0x800438 <timer0_fract>
C:\Users\luci\AppData\Local\Arduino15\packages\MiniCore\hardware\avr\3.1.1\cores\MCUdude_corefiles/wiring.c:209
  timer0_millis = m;
    1986:	80 93 39 04 	sts	0x0439, r24	; 0x800439 <timer0_millis>
    198a:	90 93 3a 04 	sts	0x043A, r25	; 0x80043a <timer0_millis+0x1>
    198e:	a0 93 3b 04 	sts	0x043B, r26	; 0x80043b <timer0_millis+0x2>
    1992:	b0 93 3c 04 	sts	0x043C, r27	; 0x80043c <timer0_millis+0x3>
C:\Users\luci\AppData\Local\Arduino15\packages\MiniCore\hardware\avr\3.1.1\cores\MCUdude_corefiles/wiring.c:211
#ifndef CORRECT_EXACT_MICROS
  timer0_overflow_count++;
    1996:	80 91 3d 04 	lds	r24, 0x043D	; 0x80043d <timer0_overflow_count>
    199a:	90 91 3e 04 	lds	r25, 0x043E	; 0x80043e <timer0_overflow_count+0x1>
    199e:	a0 91 3f 04 	lds	r26, 0x043F	; 0x80043f <timer0_overflow_count+0x2>
    19a2:	b0 91 40 04 	lds	r27, 0x0440	; 0x800440 <timer0_overflow_count+0x3>
    19a6:	01 96       	adiw	r24, 0x01	; 1
    19a8:	a1 1d       	adc	r26, r1
    19aa:	b1 1d       	adc	r27, r1
    19ac:	80 93 3d 04 	sts	0x043D, r24	; 0x80043d <timer0_overflow_count>
    19b0:	90 93 3e 04 	sts	0x043E, r25	; 0x80043e <timer0_overflow_count+0x1>
    19b4:	a0 93 3f 04 	sts	0x043F, r26	; 0x80043f <timer0_overflow_count+0x2>
    19b8:	b0 93 40 04 	sts	0x0440, r27	; 0x800440 <timer0_overflow_count+0x3>
C:\Users\luci\AppData\Local\Arduino15\packages\MiniCore\hardware\avr\3.1.1\cores\MCUdude_corefiles/wiring.c:213
#endif
}
    19bc:	bf 91       	pop	r27
    19be:	af 91       	pop	r26
    19c0:	9f 91       	pop	r25
    19c2:	8f 91       	pop	r24
    19c4:	3f 91       	pop	r19
    19c6:	2f 91       	pop	r18
    19c8:	0f 90       	pop	r0
    19ca:	0f be       	out	0x3f, r0	; 63
    19cc:	0f 90       	pop	r0
    19ce:	1f 90       	pop	r1
    19d0:	18 95       	reti
C:\Users\luci\AppData\Local\Arduino15\packages\MiniCore\hardware\avr\3.1.1\cores\MCUdude_corefiles/wiring.c:205
  if (f >= FRACT_MAX) {
    f -= FRACT_MAX;
    m += MILLIS_INC + 1;
  }
  else {
    m += MILLIS_INC;
    19d2:	01 96       	adiw	r24, 0x01	; 1
    19d4:	a1 1d       	adc	r26, r1
    19d6:	b1 1d       	adc	r27, r1
    19d8:	d4 cf       	rjmp	.-88     	; 0x1982 <__vector_16+0x3c>

000019da <__vector_2>:
__vector_2():
C:\Users\luci\AppData\Local\Arduino15\packages\MiniCore\hardware\avr\3.1.1\cores\MCUdude_corefiles/WInterrupts.c:489
|| defined(__AVR_ATmega48PB__)  || defined(__AVR_ATmega88__)  || defined(__AVR_ATmega88P__)  \
|| defined(__AVR_ATmega88PB__)  || defined(__AVR_ATmega168__) || defined(__AVR_ATmega168P__) \
|| defined(__AVR_ATmega168PB__) || defined(__AVR_ATmega328__) || defined(__AVR_ATmega328P__) \
|| defined(__AVR_ATmega328PB__)
  IMPLEMENT_ISR(INT0_vect, EXTERNAL_INT_0)
  IMPLEMENT_ISR(INT1_vect, EXTERNAL_INT_1)
    19da:	1f 92       	push	r1
    19dc:	0f 92       	push	r0
    19de:	0f b6       	in	r0, 0x3f	; 63
    19e0:	0f 92       	push	r0
    19e2:	11 24       	eor	r1, r1
    19e4:	2f 93       	push	r18
    19e6:	3f 93       	push	r19
    19e8:	4f 93       	push	r20
    19ea:	5f 93       	push	r21
    19ec:	6f 93       	push	r22
    19ee:	7f 93       	push	r23
    19f0:	8f 93       	push	r24
    19f2:	9f 93       	push	r25
    19f4:	af 93       	push	r26
    19f6:	bf 93       	push	r27
    19f8:	ef 93       	push	r30
    19fa:	ff 93       	push	r31
    19fc:	e0 91 06 01 	lds	r30, 0x0106	; 0x800106 <intFunc+0x2>
    1a00:	f0 91 07 01 	lds	r31, 0x0107	; 0x800107 <intFunc+0x3>
    1a04:	09 95       	icall
    1a06:	ff 91       	pop	r31
    1a08:	ef 91       	pop	r30
    1a0a:	bf 91       	pop	r27
    1a0c:	af 91       	pop	r26
    1a0e:	9f 91       	pop	r25
    1a10:	8f 91       	pop	r24
    1a12:	7f 91       	pop	r23
    1a14:	6f 91       	pop	r22
    1a16:	5f 91       	pop	r21
    1a18:	4f 91       	pop	r20
    1a1a:	3f 91       	pop	r19
    1a1c:	2f 91       	pop	r18
    1a1e:	0f 90       	pop	r0
    1a20:	0f be       	out	0x3f, r0	; 63
    1a22:	0f 90       	pop	r0
    1a24:	1f 90       	pop	r1
    1a26:	18 95       	reti

00001a28 <__vector_1>:
__vector_1():
C:\Users\luci\AppData\Local\Arduino15\packages\MiniCore\hardware\avr\3.1.1\cores\MCUdude_corefiles/WInterrupts.c:488
#elif defined(__AVR_ATmega8__)  || defined(__AVR_ATmega48__)  || defined(__AVR_ATmega48P__)  \
|| defined(__AVR_ATmega48PB__)  || defined(__AVR_ATmega88__)  || defined(__AVR_ATmega88P__)  \
|| defined(__AVR_ATmega88PB__)  || defined(__AVR_ATmega168__) || defined(__AVR_ATmega168P__) \
|| defined(__AVR_ATmega168PB__) || defined(__AVR_ATmega328__) || defined(__AVR_ATmega328P__) \
|| defined(__AVR_ATmega328PB__)
  IMPLEMENT_ISR(INT0_vect, EXTERNAL_INT_0)
    1a28:	1f 92       	push	r1
    1a2a:	0f 92       	push	r0
    1a2c:	0f b6       	in	r0, 0x3f	; 63
    1a2e:	0f 92       	push	r0
    1a30:	11 24       	eor	r1, r1
    1a32:	2f 93       	push	r18
    1a34:	3f 93       	push	r19
    1a36:	4f 93       	push	r20
    1a38:	5f 93       	push	r21
    1a3a:	6f 93       	push	r22
    1a3c:	7f 93       	push	r23
    1a3e:	8f 93       	push	r24
    1a40:	9f 93       	push	r25
    1a42:	af 93       	push	r26
    1a44:	bf 93       	push	r27
    1a46:	ef 93       	push	r30
    1a48:	ff 93       	push	r31
    1a4a:	e0 91 04 01 	lds	r30, 0x0104	; 0x800104 <intFunc>
    1a4e:	f0 91 05 01 	lds	r31, 0x0105	; 0x800105 <intFunc+0x1>
    1a52:	09 95       	icall
    1a54:	ff 91       	pop	r31
    1a56:	ef 91       	pop	r30
    1a58:	bf 91       	pop	r27
    1a5a:	af 91       	pop	r26
    1a5c:	9f 91       	pop	r25
    1a5e:	8f 91       	pop	r24
    1a60:	7f 91       	pop	r23
    1a62:	6f 91       	pop	r22
    1a64:	5f 91       	pop	r21
    1a66:	4f 91       	pop	r20
    1a68:	3f 91       	pop	r19
    1a6a:	2f 91       	pop	r18
    1a6c:	0f 90       	pop	r0
    1a6e:	0f be       	out	0x3f, r0	; 63
    1a70:	0f 90       	pop	r0
    1a72:	1f 90       	pop	r1
    1a74:	18 95       	reti

00001a76 <__vector_19>:
__vector_19():
C:\Users\luci\AppData\Local\Arduino15\packages\MiniCore\hardware\avr\3.1.1\cores\MCUdude_corefiles/HardwareSerial0.cpp:63
#elif defined(USART0_UDRE_vect)
ISR(USART0_UDRE_vect)
#else
  #error "Don't know what the Data Register Empty vector is called for Serial"
#endif
{
    1a76:	1f 92       	push	r1
    1a78:	0f 92       	push	r0
    1a7a:	0f b6       	in	r0, 0x3f	; 63
    1a7c:	0f 92       	push	r0
    1a7e:	11 24       	eor	r1, r1
    1a80:	2f 93       	push	r18
    1a82:	3f 93       	push	r19
    1a84:	4f 93       	push	r20
    1a86:	5f 93       	push	r21
    1a88:	6f 93       	push	r22
    1a8a:	7f 93       	push	r23
    1a8c:	8f 93       	push	r24
    1a8e:	9f 93       	push	r25
    1a90:	af 93       	push	r26
    1a92:	bf 93       	push	r27
    1a94:	ef 93       	push	r30
    1a96:	ff 93       	push	r31
C:\Users\luci\AppData\Local\Arduino15\packages\MiniCore\hardware\avr\3.1.1\cores\MCUdude_corefiles/HardwareSerial0.cpp:64
  Serial._tx_udr_empty_irq();
    1a98:	81 e4       	ldi	r24, 0x41	; 65
    1a9a:	94 e0       	ldi	r25, 0x04	; 4
    1a9c:	0e 94 ac 03 	call	0x758	; 0x758 <HardwareSerial::_tx_udr_empty_irq()>
C:\Users\luci\AppData\Local\Arduino15\packages\MiniCore\hardware\avr\3.1.1\cores\MCUdude_corefiles/HardwareSerial0.cpp:65
}
    1aa0:	ff 91       	pop	r31
    1aa2:	ef 91       	pop	r30
    1aa4:	bf 91       	pop	r27
    1aa6:	af 91       	pop	r26
    1aa8:	9f 91       	pop	r25
    1aaa:	8f 91       	pop	r24
    1aac:	7f 91       	pop	r23
    1aae:	6f 91       	pop	r22
    1ab0:	5f 91       	pop	r21
    1ab2:	4f 91       	pop	r20
    1ab4:	3f 91       	pop	r19
    1ab6:	2f 91       	pop	r18
    1ab8:	0f 90       	pop	r0
    1aba:	0f be       	out	0x3f, r0	; 63
    1abc:	0f 90       	pop	r0
    1abe:	1f 90       	pop	r1
    1ac0:	18 95       	reti

00001ac2 <__vector_18>:
__vector_18():
C:\Users\luci\AppData\Local\Arduino15\packages\MiniCore\hardware\avr\3.1.1\cores\MCUdude_corefiles/HardwareSerial0.cpp:50
#elif defined(USART_RX_vect)
  ISR(USART_RX_vect)
#else
  #error "Don't know what the Data Received vector is called for Serial"
#endif
  {
    1ac2:	1f 92       	push	r1
    1ac4:	0f 92       	push	r0
    1ac6:	0f b6       	in	r0, 0x3f	; 63
    1ac8:	0f 92       	push	r0
    1aca:	11 24       	eor	r1, r1
    1acc:	2f 93       	push	r18
    1ace:	8f 93       	push	r24
    1ad0:	9f 93       	push	r25
    1ad2:	ef 93       	push	r30
    1ad4:	ff 93       	push	r31
_rx_complete_irq():
C:\Users\luci\AppData\Local\Arduino15\packages\MiniCore\hardware\avr\3.1.1\cores\MCUdude_corefiles/HardwareSerial_private.h:100

// Actual interrupt handlers //////////////////////////////////////////////////////////////

void HardwareSerial::_rx_complete_irq(void)
{
  if (bit_is_clear(*_ucsra, UPE0)) {
    1ad6:	e0 91 51 04 	lds	r30, 0x0451	; 0x800451 <Serial+0x10>
    1ada:	f0 91 52 04 	lds	r31, 0x0452	; 0x800452 <Serial+0x11>
    1ade:	80 81       	ld	r24, Z
    1ae0:	e0 91 57 04 	lds	r30, 0x0457	; 0x800457 <Serial+0x16>
    1ae4:	f0 91 58 04 	lds	r31, 0x0458	; 0x800458 <Serial+0x17>
    1ae8:	82 fd       	sbrc	r24, 2
    1aea:	1b c0       	rjmp	.+54     	; 0x1b22 <__vector_18+0x60>
C:\Users\luci\AppData\Local\Arduino15\packages\MiniCore\hardware\avr\3.1.1\cores\MCUdude_corefiles/HardwareSerial_private.h:103
    // No Parity error, read byte and store it in the buffer if there is
    // room
    unsigned char c = *_udr;
    1aec:	90 81       	ld	r25, Z
C:\Users\luci\AppData\Local\Arduino15\packages\MiniCore\hardware\avr\3.1.1\cores\MCUdude_corefiles/HardwareSerial_private.h:104
    rx_buffer_index_t i = (unsigned int)(_rx_buffer_head + 1) % SERIAL_RX_BUFFER_SIZE;
    1aee:	80 91 5a 04 	lds	r24, 0x045A	; 0x80045a <Serial+0x19>
    1af2:	8f 5f       	subi	r24, 0xFF	; 255
    1af4:	8f 73       	andi	r24, 0x3F	; 63
C:\Users\luci\AppData\Local\Arduino15\packages\MiniCore\hardware\avr\3.1.1\cores\MCUdude_corefiles/HardwareSerial_private.h:110

    // if we should be storing the received character into the location
    // just before the tail (meaning that the head would advance to the
    // current location of the tail), we're about to overflow the buffer
    // and so we don't write the character or advance the head.
    if (i != _rx_buffer_tail) {
    1af6:	20 91 5b 04 	lds	r18, 0x045B	; 0x80045b <Serial+0x1a>
    1afa:	82 17       	cp	r24, r18
    1afc:	41 f0       	breq	.+16     	; 0x1b0e <__vector_18+0x4c>
C:\Users\luci\AppData\Local\Arduino15\packages\MiniCore\hardware\avr\3.1.1\cores\MCUdude_corefiles/HardwareSerial_private.h:111
      _rx_buffer[_rx_buffer_head] = c;
    1afe:	e0 91 5a 04 	lds	r30, 0x045A	; 0x80045a <Serial+0x19>
    1b02:	f0 e0       	ldi	r31, 0x00	; 0
    1b04:	ef 5b       	subi	r30, 0xBF	; 191
    1b06:	fb 4f       	sbci	r31, 0xFB	; 251
    1b08:	95 8f       	std	Z+29, r25	; 0x1d
C:\Users\luci\AppData\Local\Arduino15\packages\MiniCore\hardware\avr\3.1.1\cores\MCUdude_corefiles/HardwareSerial_private.h:112
      _rx_buffer_head = i;
    1b0a:	80 93 5a 04 	sts	0x045A, r24	; 0x80045a <Serial+0x19>
__vector_18():
C:\Users\luci\AppData\Local\Arduino15\packages\MiniCore\hardware\avr\3.1.1\cores\MCUdude_corefiles/HardwareSerial0.cpp:52
    Serial._rx_complete_irq();
  }
    1b0e:	ff 91       	pop	r31
    1b10:	ef 91       	pop	r30
    1b12:	9f 91       	pop	r25
    1b14:	8f 91       	pop	r24
    1b16:	2f 91       	pop	r18
    1b18:	0f 90       	pop	r0
    1b1a:	0f be       	out	0x3f, r0	; 63
    1b1c:	0f 90       	pop	r0
    1b1e:	1f 90       	pop	r1
    1b20:	18 95       	reti
_rx_complete_irq():
C:\Users\luci\AppData\Local\Arduino15\packages\MiniCore\hardware\avr\3.1.1\cores\MCUdude_corefiles/HardwareSerial_private.h:116
    }
  } else {
    // Parity error, read byte but discard it
    *_udr;
    1b22:	80 81       	ld	r24, Z
    1b24:	f4 cf       	rjmp	.-24     	; 0x1b0e <__vector_18+0x4c>

00001b26 <__vector_3>:
__vector_3():
C:\Users\luci\AppData\Local\Arduino15\packages\MiniCore\hardware\avr\3.1.1\libraries\SoftwareSerial\src/SoftwareSerial.cpp:239
  }
}

#if defined(PCINT0_vect)
ISR(PCINT0_vect)
{
    1b26:	1f 92       	push	r1
    1b28:	0f 92       	push	r0
    1b2a:	0f b6       	in	r0, 0x3f	; 63
    1b2c:	0f 92       	push	r0
    1b2e:	11 24       	eor	r1, r1
    1b30:	2f 93       	push	r18
    1b32:	3f 93       	push	r19
    1b34:	4f 93       	push	r20
    1b36:	5f 93       	push	r21
    1b38:	6f 93       	push	r22
    1b3a:	7f 93       	push	r23
    1b3c:	8f 93       	push	r24
    1b3e:	9f 93       	push	r25
    1b40:	af 93       	push	r26
    1b42:	bf 93       	push	r27
    1b44:	ef 93       	push	r30
    1b46:	ff 93       	push	r31
_ZN14SoftwareSerial16handle_interruptEv():
C:\Users\luci\AppData\Local\Arduino15\packages\MiniCore\hardware\avr\3.1.1\libraries\SoftwareSerial\src/SoftwareSerial.cpp:231
#endif

/* static */
inline void SoftwareSerial::handle_interrupt()
{
  if (active_object)
    1b48:	e0 91 10 04 	lds	r30, 0x0410	; 0x800410 <SoftwareSerial::active_object>
    1b4c:	f0 91 11 04 	lds	r31, 0x0411	; 0x800411 <SoftwareSerial::active_object+0x1>
    1b50:	30 97       	sbiw	r30, 0x00	; 0
    1b52:	49 f0       	breq	.+18     	; 0x1b66 <__vector_3+0x40>
    1b54:	a6 85       	ldd	r26, Z+14	; 0x0e
    1b56:	b7 85       	ldd	r27, Z+15	; 0x0f
    1b58:	85 85       	ldd	r24, Z+13	; 0x0d
_ZN14SoftwareSerial4recvEv():
C:\Users\luci\AppData\Local\Arduino15\packages\MiniCore\hardware\avr\3.1.1\libraries\SoftwareSerial\src/SoftwareSerial.cpp:148

  uint8_t d = 0;

  // If RX line is high, then we don't see any start bit
  // so interrupt is probably not for us
  if (_inverse_logic ? rx_pin_read() : !rx_pin_read())
    1b5a:	96 8d       	ldd	r25, Z+30	; 0x1e
    1b5c:	91 ff       	sbrs	r25, 1
    1b5e:	14 c0       	rjmp	.+40     	; 0x1b88 <__vector_3+0x62>
rx_pin_read():
C:\Users\luci\AppData\Local\Arduino15\packages\MiniCore\hardware\avr\3.1.1\libraries\SoftwareSerial\src/SoftwareSerial.cpp:213
#endif
}

uint8_t SoftwareSerial::rx_pin_read()
{
  return *_receivePortRegister & _receiveBitMask;
    1b60:	9c 91       	ld	r25, X
    1b62:	89 23       	and	r24, r25
_ZN14SoftwareSerial4recvEv():
C:\Users\luci\AppData\Local\Arduino15\packages\MiniCore\hardware\avr\3.1.1\libraries\SoftwareSerial\src/SoftwareSerial.cpp:148

  uint8_t d = 0;

  // If RX line is high, then we don't see any start bit
  // so interrupt is probably not for us
  if (_inverse_logic ? rx_pin_read() : !rx_pin_read())
    1b64:	a1 f4       	brne	.+40     	; 0x1b8e <__vector_3+0x68>
__vector_3():
C:\Users\luci\AppData\Local\Arduino15\packages\MiniCore\hardware\avr\3.1.1\libraries\SoftwareSerial\src/SoftwareSerial.cpp:241

#if defined(PCINT0_vect)
ISR(PCINT0_vect)
{
  SoftwareSerial::handle_interrupt();
}
    1b66:	ff 91       	pop	r31
    1b68:	ef 91       	pop	r30
    1b6a:	bf 91       	pop	r27
    1b6c:	af 91       	pop	r26
    1b6e:	9f 91       	pop	r25
    1b70:	8f 91       	pop	r24
    1b72:	7f 91       	pop	r23
    1b74:	6f 91       	pop	r22
    1b76:	5f 91       	pop	r21
    1b78:	4f 91       	pop	r20
    1b7a:	3f 91       	pop	r19
    1b7c:	2f 91       	pop	r18
    1b7e:	0f 90       	pop	r0
    1b80:	0f be       	out	0x3f, r0	; 63
    1b82:	0f 90       	pop	r0
    1b84:	1f 90       	pop	r1
    1b86:	18 95       	reti
rx_pin_read():
C:\Users\luci\AppData\Local\Arduino15\packages\MiniCore\hardware\avr\3.1.1\libraries\SoftwareSerial\src/SoftwareSerial.cpp:213
#endif
}

uint8_t SoftwareSerial::rx_pin_read()
{
  return *_receivePortRegister & _receiveBitMask;
    1b88:	9c 91       	ld	r25, X
    1b8a:	89 23       	and	r24, r25
_ZN14SoftwareSerial4recvEv():
C:\Users\luci\AppData\Local\Arduino15\packages\MiniCore\hardware\avr\3.1.1\libraries\SoftwareSerial\src/SoftwareSerial.cpp:148

  uint8_t d = 0;

  // If RX line is high, then we don't see any start bit
  // so interrupt is probably not for us
  if (_inverse_logic ? rx_pin_read() : !rx_pin_read())
    1b8c:	61 f7       	brne	.-40     	; 0x1b66 <__vector_3+0x40>
_ZN14SoftwareSerial11setRxIntMskEb():
C:\Users\luci\AppData\Local\Arduino15\packages\MiniCore\hardware\avr\3.1.1\libraries\SoftwareSerial\src/SoftwareSerial.cpp:442
void SoftwareSerial::setRxIntMsk(bool enable)
{
    if (enable)
      *_pcint_maskreg |= _pcint_maskvalue;
    else
      *_pcint_maskreg &= ~_pcint_maskvalue;
    1b8e:	a3 89       	ldd	r26, Z+19	; 0x13
    1b90:	b4 89       	ldd	r27, Z+20	; 0x14
    1b92:	9c 91       	ld	r25, X
    1b94:	85 89       	ldd	r24, Z+21	; 0x15
    1b96:	80 95       	com	r24
    1b98:	89 23       	and	r24, r25
    1b9a:	8c 93       	st	X, r24
_delay_loop_2():
c:\users\luci\appdata\local\arduino15\packages\arduino\tools\avr-gcc\7.3.0-atmel3.6.1-arduino7\avr\include\util/delay_basic.h:110
    1b9c:	86 89       	ldd	r24, Z+22	; 0x16
    1b9e:	97 89       	ldd	r25, Z+23	; 0x17
    1ba0:	01 97       	sbiw	r24, 0x01	; 1
    1ba2:	f1 f7       	brne	.-4      	; 0x1ba0 <__vector_3+0x7a>
_ZN14SoftwareSerial4recvEv():
C:\Users\luci\AppData\Local\Arduino15\packages\MiniCore\hardware\avr\3.1.1\libraries\SoftwareSerial\src/SoftwareSerial.cpp:162
    DebugPulse(_DEBUG_PIN2, 1);

    // Read each of the 8 bits
    for (uint8_t i=8; i > 0; --i)
    {
      tunedDelay(_rx_delay_intrabit);
    1ba4:	60 8d       	ldd	r22, Z+24	; 0x18
    1ba6:	71 8d       	ldd	r23, Z+25	; 0x19
rx_pin_read():
C:\Users\luci\AppData\Local\Arduino15\packages\MiniCore\hardware\avr\3.1.1\libraries\SoftwareSerial\src/SoftwareSerial.cpp:213
#endif
}

uint8_t SoftwareSerial::rx_pin_read()
{
  return *_receivePortRegister & _receiveBitMask;
    1ba8:	a6 85       	ldd	r26, Z+14	; 0x0e
    1baa:	b7 85       	ldd	r27, Z+15	; 0x0f
    1bac:	55 85       	ldd	r21, Z+13	; 0x0d
    1bae:	38 e0       	ldi	r19, 0x08	; 8
__vector_3():
C:\Users\luci\AppData\Local\Arduino15\packages\MiniCore\hardware\avr\3.1.1\libraries\SoftwareSerial\src/SoftwareSerial.cpp:144
    "push r26 \n\t"
    "push r27 \n\t"
    ::);
#endif

  uint8_t d = 0;
    1bb0:	20 e0       	ldi	r18, 0x00	; 0
_delay_loop_2():
c:\users\luci\appdata\local\arduino15\packages\arduino\tools\avr-gcc\7.3.0-atmel3.6.1-arduino7\avr\include\util/delay_basic.h:110
    1bb2:	cb 01       	movw	r24, r22
    1bb4:	01 97       	sbiw	r24, 0x01	; 1
    1bb6:	f1 f7       	brne	.-4      	; 0x1bb4 <__vector_3+0x8e>
_ZN14SoftwareSerial4recvEv():
C:\Users\luci\AppData\Local\Arduino15\packages\MiniCore\hardware\avr\3.1.1\libraries\SoftwareSerial\src/SoftwareSerial.cpp:163

    // Read each of the 8 bits
    for (uint8_t i=8; i > 0; --i)
    {
      tunedDelay(_rx_delay_intrabit);
      d >>= 1;
    1bb8:	82 2f       	mov	r24, r18
    1bba:	90 e0       	ldi	r25, 0x00	; 0
    1bbc:	95 95       	asr	r25
    1bbe:	87 95       	ror	r24
    1bc0:	28 2f       	mov	r18, r24
rx_pin_read():
C:\Users\luci\AppData\Local\Arduino15\packages\MiniCore\hardware\avr\3.1.1\libraries\SoftwareSerial\src/SoftwareSerial.cpp:213
#endif
}

uint8_t SoftwareSerial::rx_pin_read()
{
  return *_receivePortRegister & _receiveBitMask;
    1bc2:	4c 91       	ld	r20, X
    1bc4:	45 23       	and	r20, r21
_ZN14SoftwareSerial4recvEv():
C:\Users\luci\AppData\Local\Arduino15\packages\MiniCore\hardware\avr\3.1.1\libraries\SoftwareSerial\src/SoftwareSerial.cpp:165
    for (uint8_t i=8; i > 0; --i)
    {
      tunedDelay(_rx_delay_intrabit);
      d >>= 1;
      DebugPulse(_DEBUG_PIN2, 1);
      if (rx_pin_read())
    1bc6:	09 f0       	breq	.+2      	; 0x1bca <__vector_3+0xa4>
C:\Users\luci\AppData\Local\Arduino15\packages\MiniCore\hardware\avr\3.1.1\libraries\SoftwareSerial\src/SoftwareSerial.cpp:166
        d |= 0x80;
    1bc8:	20 68       	ori	r18, 0x80	; 128
    1bca:	31 50       	subi	r19, 0x01	; 1
C:\Users\luci\AppData\Local\Arduino15\packages\MiniCore\hardware\avr\3.1.1\libraries\SoftwareSerial\src/SoftwareSerial.cpp:160
    // Wait approximately 1/2 of a bit width to "center" the sample
    tunedDelay(_rx_delay_centering);
    DebugPulse(_DEBUG_PIN2, 1);

    // Read each of the 8 bits
    for (uint8_t i=8; i > 0; --i)
    1bcc:	91 f7       	brne	.-28     	; 0x1bb2 <__vector_3+0x8c>
C:\Users\luci\AppData\Local\Arduino15\packages\MiniCore\hardware\avr\3.1.1\libraries\SoftwareSerial\src/SoftwareSerial.cpp:169
      DebugPulse(_DEBUG_PIN2, 1);
      if (rx_pin_read())
        d |= 0x80;
    }

    if (_inverse_logic)
    1bce:	86 8d       	ldd	r24, Z+30	; 0x1e
    1bd0:	81 fd       	sbrc	r24, 1
C:\Users\luci\AppData\Local\Arduino15\packages\MiniCore\hardware\avr\3.1.1\libraries\SoftwareSerial\src/SoftwareSerial.cpp:170
      d = ~d;
    1bd2:	20 95       	com	r18
C:\Users\luci\AppData\Local\Arduino15\packages\MiniCore\hardware\avr\3.1.1\libraries\SoftwareSerial\src/SoftwareSerial.cpp:173

    // if buffer full, set the overflow flag and return
    uint8_t next = (_receive_buffer_tail + 1) % _SS_MAX_RX_BUFF;
    1bd4:	80 91 0f 04 	lds	r24, 0x040F	; 0x80040f <SoftwareSerial::_receive_buffer_tail>
    1bd8:	90 e0       	ldi	r25, 0x00	; 0
    1bda:	01 96       	adiw	r24, 0x01	; 1
    1bdc:	8f 73       	andi	r24, 0x3F	; 63
    1bde:	99 27       	eor	r25, r25
C:\Users\luci\AppData\Local\Arduino15\packages\MiniCore\hardware\avr\3.1.1\libraries\SoftwareSerial\src/SoftwareSerial.cpp:174
    if (next != _receive_buffer_head)
    1be0:	30 91 0e 04 	lds	r19, 0x040E	; 0x80040e <SoftwareSerial::_receive_buffer_head>
    1be4:	38 17       	cp	r19, r24
    1be6:	99 f0       	breq	.+38     	; 0x1c0e <__vector_3+0xe8>
C:\Users\luci\AppData\Local\Arduino15\packages\MiniCore\hardware\avr\3.1.1\libraries\SoftwareSerial\src/SoftwareSerial.cpp:177
    {
      // save new data in buffer: tail points to where byte goes
      _receive_buffer[_receive_buffer_tail] = d; // save new byte
    1be8:	a0 91 0f 04 	lds	r26, 0x040F	; 0x80040f <SoftwareSerial::_receive_buffer_tail>
    1bec:	b0 e0       	ldi	r27, 0x00	; 0
    1bee:	a2 53       	subi	r26, 0x32	; 50
    1bf0:	bc 4f       	sbci	r27, 0xFC	; 252
    1bf2:	2c 93       	st	X, r18
C:\Users\luci\AppData\Local\Arduino15\packages\MiniCore\hardware\avr\3.1.1\libraries\SoftwareSerial\src/SoftwareSerial.cpp:178
      _receive_buffer_tail = next;
    1bf4:	80 93 0f 04 	sts	0x040F, r24	; 0x80040f <SoftwareSerial::_receive_buffer_tail>
_delay_loop_2():
c:\users\luci\appdata\local\arduino15\packages\arduino\tools\avr-gcc\7.3.0-atmel3.6.1-arduino7\avr\include\util/delay_basic.h:110
    1bf8:	82 8d       	ldd	r24, Z+26	; 0x1a
    1bfa:	93 8d       	ldd	r25, Z+27	; 0x1b
    1bfc:	01 97       	sbiw	r24, 0x01	; 1
    1bfe:	f1 f7       	brne	.-4      	; 0x1bfc <__vector_3+0xd6>
_ZN14SoftwareSerial11setRxIntMskEb():
C:\Users\luci\AppData\Local\Arduino15\packages\MiniCore\hardware\avr\3.1.1\libraries\SoftwareSerial\src/SoftwareSerial.cpp:440
}

void SoftwareSerial::setRxIntMsk(bool enable)
{
    if (enable)
      *_pcint_maskreg |= _pcint_maskvalue;
    1c00:	a3 89       	ldd	r26, Z+19	; 0x13
    1c02:	b4 89       	ldd	r27, Z+20	; 0x14
    1c04:	8c 91       	ld	r24, X
    1c06:	95 89       	ldd	r25, Z+21	; 0x15
    1c08:	89 2b       	or	r24, r25
    1c0a:	8c 93       	st	X, r24
    1c0c:	ac cf       	rjmp	.-168    	; 0x1b66 <__vector_3+0x40>
_ZN14SoftwareSerial4recvEv():
C:\Users\luci\AppData\Local\Arduino15\packages\MiniCore\hardware\avr\3.1.1\libraries\SoftwareSerial\src/SoftwareSerial.cpp:183
      _receive_buffer_tail = next;
    }
    else
    {
      DebugPulse(_DEBUG_PIN1, 1);
      _buffer_overflow = true;
    1c0e:	86 8d       	ldd	r24, Z+30	; 0x1e
    1c10:	81 60       	ori	r24, 0x01	; 1
    1c12:	86 8f       	std	Z+30, r24	; 0x1e
    1c14:	f1 cf       	rjmp	.-30     	; 0x1bf8 <__vector_3+0xd2>

00001c16 <__vector_11>:
__vector_11():
D:\projects\arduino\figaro\OnlineGasDetector_FIGARO/ArduinoHelper.ino:26
void PrepareSerialPorts() {
  Serial.begin(9600);         //FORTEST
  SIM800L.begin(MODEM_BAUD);  //FORTEST
}

ISR(TIMER1_COMPA_vect) { 
    1c16:	1f 92       	push	r1
    1c18:	0f 92       	push	r0
    1c1a:	0f b6       	in	r0, 0x3f	; 63
    1c1c:	0f 92       	push	r0
    1c1e:	11 24       	eor	r1, r1
    1c20:	2f 93       	push	r18
    1c22:	3f 93       	push	r19
    1c24:	4f 93       	push	r20
    1c26:	5f 93       	push	r21
    1c28:	6f 93       	push	r22
    1c2a:	7f 93       	push	r23
    1c2c:	8f 93       	push	r24
    1c2e:	9f 93       	push	r25
    1c30:	af 93       	push	r26
    1c32:	bf 93       	push	r27
    1c34:	ef 93       	push	r30
    1c36:	ff 93       	push	r31
GenerateSosSignal():
D:\projects\arduino\figaro\OnlineGasDetector_FIGARO/Notificator.ino:7
const int SosMinInterval = 100;
short SosCyclesCount = 0;

void GenerateSosSignal() {
  // Генерация сигнала S.O.S.
  if (Preparing && !TestAlertIsActive) 
    1c38:	80 91 08 01 	lds	r24, 0x0108	; 0x800108 <Preparing>
    1c3c:	88 23       	and	r24, r24
    1c3e:	29 f0       	breq	.+10     	; 0x1c4a <__vector_11+0x34>
    1c40:	80 91 2f 04 	lds	r24, 0x042F	; 0x80042f <TestAlertIsActive>
    1c44:	88 23       	and	r24, r24
    1c46:	09 f4       	brne	.+2      	; 0x1c4a <__vector_11+0x34>
    1c48:	4f c0       	rjmp	.+158    	; 0x1ce8 <__vector_11+0xd2>
D:\projects\arduino\figaro\OnlineGasDetector_FIGARO/Notificator.ino:9
    return;
  if (AlertIsActive || TestAlertIsActive) {
    1c4a:	80 91 26 04 	lds	r24, 0x0426	; 0x800426 <AlertIsActive>
    1c4e:	81 11       	cpse	r24, r1
    1c50:	05 c0       	rjmp	.+10     	; 0x1c5c <__vector_11+0x46>
    1c52:	80 91 2f 04 	lds	r24, 0x042F	; 0x80042f <TestAlertIsActive>
    1c56:	88 23       	and	r24, r24
    1c58:	09 f4       	brne	.+2      	; 0x1c5c <__vector_11+0x46>
    1c5a:	b0 c0       	rjmp	.+352    	; 0x1dbc <__vector_11+0x1a6>
D:\projects\arduino\figaro\OnlineGasDetector_FIGARO/Notificator.ino:10
    if (SosSignalStep > 16) {
    1c5c:	80 91 cc 03 	lds	r24, 0x03CC	; 0x8003cc <SosSignalStep>
    1c60:	90 91 cd 03 	lds	r25, 0x03CD	; 0x8003cd <SosSignalStep+0x1>
    1c64:	41 97       	sbiw	r24, 0x11	; 17
    1c66:	0c f4       	brge	.+2      	; 0x1c6a <__vector_11+0x54>
    1c68:	58 c0       	rjmp	.+176    	; 0x1d1a <__vector_11+0x104>
D:\projects\arduino\figaro\OnlineGasDetector_FIGARO/Notificator.ino:11
      SignalSwitchWorkInterval = SosMinInterval * 10;
    1c6a:	88 ee       	ldi	r24, 0xE8	; 232
    1c6c:	93 e0       	ldi	r25, 0x03	; 3
    1c6e:	90 93 01 01 	sts	0x0101, r25	; 0x800101 <__data_start+0x1>
    1c72:	80 93 00 01 	sts	0x0100, r24	; 0x800100 <__data_start>
D:\projects\arduino\figaro\OnlineGasDetector_FIGARO/Notificator.ino:12
      SetBuzzerState(0);
    1c76:	80 e0       	ldi	r24, 0x00	; 0
    1c78:	0e 94 2e 05 	call	0xa5c	; 0xa5c <SetBuzzerState(bool)>
D:\projects\arduino\figaro\OnlineGasDetector_FIGARO/Notificator.ino:13
      SosSignalStep = 0;
    1c7c:	10 92 cd 03 	sts	0x03CD, r1	; 0x8003cd <SosSignalStep+0x1>
    1c80:	10 92 cc 03 	sts	0x03CC, r1	; 0x8003cc <SosSignalStep>
D:\projects\arduino\figaro\OnlineGasDetector_FIGARO/Notificator.ino:14
      if(TestAlertIsActive) {
    1c84:	80 91 2f 04 	lds	r24, 0x042F	; 0x80042f <TestAlertIsActive>
    1c88:	88 23       	and	r24, r24
    1c8a:	99 f0       	breq	.+38     	; 0x1cb2 <__vector_11+0x9c>
D:\projects\arduino\figaro\OnlineGasDetector_FIGARO/Notificator.ino:15
        SosCyclesCount++;
    1c8c:	80 91 ca 03 	lds	r24, 0x03CA	; 0x8003ca <__data_end>
    1c90:	90 91 cb 03 	lds	r25, 0x03CB	; 0x8003cb <__data_end+0x1>
    1c94:	01 96       	adiw	r24, 0x01	; 1
    1c96:	90 93 cb 03 	sts	0x03CB, r25	; 0x8003cb <__data_end+0x1>
    1c9a:	80 93 ca 03 	sts	0x03CA, r24	; 0x8003ca <__data_end>
D:\projects\arduino\figaro\OnlineGasDetector_FIGARO/Notificator.ino:16
        if(SosCyclesCount > 30){
    1c9e:	4f 97       	sbiw	r24, 0x1f	; 31
    1ca0:	44 f0       	brlt	.+16     	; 0x1cb2 <__vector_11+0x9c>
D:\projects\arduino\figaro\OnlineGasDetector_FIGARO/Notificator.ino:17
          TestAlertIsActive = false;
    1ca2:	10 92 2f 04 	sts	0x042F, r1	; 0x80042f <TestAlertIsActive>
D:\projects\arduino\figaro\OnlineGasDetector_FIGARO/Notificator.ino:18
          AlertIsActive = false;
    1ca6:	10 92 26 04 	sts	0x0426, r1	; 0x800426 <AlertIsActive>
D:\projects\arduino\figaro\OnlineGasDetector_FIGARO/Notificator.ino:19
          SosCyclesCount = 0;
    1caa:	10 92 cb 03 	sts	0x03CB, r1	; 0x8003cb <__data_end+0x1>
    1cae:	10 92 ca 03 	sts	0x03CA, r1	; 0x8003ca <__data_end>
D:\projects\arduino\figaro\OnlineGasDetector_FIGARO/Notificator.ino:44
  } else {
    SetBuzzerState(0);
    SosSignalStep = 0;
  }
  // Рассчитываем следующий OCR1A на основе SignalSwitchWorkInterval (в мс)
  uint32_t ticks = ((F_CPU / 1024UL / 1000UL) * (uint32_t)SignalSwitchWorkInterval) - 1;
    1cb2:	a0 91 00 01 	lds	r26, 0x0100	; 0x800100 <__data_start>
    1cb6:	b0 91 01 01 	lds	r27, 0x0101	; 0x800101 <__data_start+0x1>
    1cba:	2f e0       	ldi	r18, 0x0F	; 15
    1cbc:	30 e0       	ldi	r19, 0x00	; 0
    1cbe:	0e 94 17 1f 	call	0x3e2e	; 0x3e2e <__usmulhisi3>
D:\projects\arduino\figaro\OnlineGasDetector_FIGARO/Notificator.ino:46
  if (ticks > 65535UL) ticks = 65535UL;  // Ограничение для 16-бит таймера
  next_ocr = (uint16_t)ticks;
    1cc2:	dc 01       	movw	r26, r24
    1cc4:	cb 01       	movw	r24, r22
    1cc6:	01 97       	sbiw	r24, 0x01	; 1
    1cc8:	a1 09       	sbc	r26, r1
    1cca:	b1 09       	sbc	r27, r1
    1ccc:	00 97       	sbiw	r24, 0x00	; 0
    1cce:	21 e0       	ldi	r18, 0x01	; 1
    1cd0:	a2 07       	cpc	r26, r18
    1cd2:	b1 05       	cpc	r27, r1
    1cd4:	20 f0       	brcs	.+8      	; 0x1cde <__vector_11+0xc8>
    1cd6:	8f ef       	ldi	r24, 0xFF	; 255
    1cd8:	9f ef       	ldi	r25, 0xFF	; 255
    1cda:	a0 e0       	ldi	r26, 0x00	; 0
    1cdc:	b0 e0       	ldi	r27, 0x00	; 0
    1cde:	90 93 03 01 	sts	0x0103, r25	; 0x800103 <next_ocr+0x1>
    1ce2:	80 93 02 01 	sts	0x0102, r24	; 0x800102 <next_ocr>
D:\projects\arduino\figaro\OnlineGasDetector_FIGARO/Notificator.ino:47
  wdt_reset();
    1ce6:	a8 95       	wdr
__vector_11():
D:\projects\arduino\figaro\OnlineGasDetector_FIGARO/ArduinoHelper.ino:28
  GenerateSosSignal();
  OCR1A = next_ocr;  // Обновляем интервал для следующего прерывания
    1ce8:	80 91 02 01 	lds	r24, 0x0102	; 0x800102 <next_ocr>
    1cec:	90 91 03 01 	lds	r25, 0x0103	; 0x800103 <next_ocr+0x1>
    1cf0:	90 93 89 00 	sts	0x0089, r25	; 0x800089 <__DATA_REGION_ORIGIN__+0x29>
    1cf4:	80 93 88 00 	sts	0x0088, r24	; 0x800088 <__DATA_REGION_ORIGIN__+0x28>
D:\projects\arduino\figaro\OnlineGasDetector_FIGARO/ArduinoHelper.ino:29
}
    1cf8:	ff 91       	pop	r31
    1cfa:	ef 91       	pop	r30
    1cfc:	bf 91       	pop	r27
    1cfe:	af 91       	pop	r26
    1d00:	9f 91       	pop	r25
    1d02:	8f 91       	pop	r24
    1d04:	7f 91       	pop	r23
    1d06:	6f 91       	pop	r22
    1d08:	5f 91       	pop	r21
    1d0a:	4f 91       	pop	r20
    1d0c:	3f 91       	pop	r19
    1d0e:	2f 91       	pop	r18
    1d10:	0f 90       	pop	r0
    1d12:	0f be       	out	0x3f, r0	; 63
    1d14:	0f 90       	pop	r0
    1d16:	1f 90       	pop	r1
    1d18:	18 95       	reti
GenerateSosSignal():
D:\projects\arduino\figaro\OnlineGasDetector_FIGARO/Notificator.ino:22
          TestAlertIsActive = false;
          AlertIsActive = false;
          SosCyclesCount = 0;
        }
      }
    } else if (SosSignalStep == 5 || SosSignalStep == 7 || SosSignalStep == 9 || SosSignalStep == 11) {
    1d1a:	80 91 cc 03 	lds	r24, 0x03CC	; 0x8003cc <SosSignalStep>
    1d1e:	90 91 cd 03 	lds	r25, 0x03CD	; 0x8003cd <SosSignalStep+0x1>
    1d22:	05 97       	sbiw	r24, 0x05	; 5
    1d24:	f1 f0       	breq	.+60     	; 0x1d62 <__vector_11+0x14c>
    1d26:	80 91 cc 03 	lds	r24, 0x03CC	; 0x8003cc <SosSignalStep>
    1d2a:	90 91 cd 03 	lds	r25, 0x03CD	; 0x8003cd <SosSignalStep+0x1>
    1d2e:	07 97       	sbiw	r24, 0x07	; 7
    1d30:	c1 f0       	breq	.+48     	; 0x1d62 <__vector_11+0x14c>
    1d32:	80 91 cc 03 	lds	r24, 0x03CC	; 0x8003cc <SosSignalStep>
    1d36:	90 91 cd 03 	lds	r25, 0x03CD	; 0x8003cd <SosSignalStep+0x1>
    1d3a:	09 97       	sbiw	r24, 0x09	; 9
    1d3c:	91 f0       	breq	.+36     	; 0x1d62 <__vector_11+0x14c>
    1d3e:	80 91 cc 03 	lds	r24, 0x03CC	; 0x8003cc <SosSignalStep>
    1d42:	90 91 cd 03 	lds	r25, 0x03CD	; 0x8003cd <SosSignalStep+0x1>
    1d46:	0b 97       	sbiw	r24, 0x0b	; 11
    1d48:	61 f0       	breq	.+24     	; 0x1d62 <__vector_11+0x14c>
D:\projects\arduino\figaro\OnlineGasDetector_FIGARO/Notificator.ino:26
      SetBuzzerState(0);
      SignalSwitchWorkInterval = SosMinInterval * 2;
      SosSignalStep++;
    } else if (SosSignalStep == 6 || SosSignalStep == 8 || SosSignalStep == 10) {
    1d4a:	80 91 cc 03 	lds	r24, 0x03CC	; 0x8003cc <SosSignalStep>
    1d4e:	90 91 cd 03 	lds	r25, 0x03CD	; 0x8003cd <SosSignalStep+0x1>
    1d52:	06 97       	sbiw	r24, 0x06	; 6
    1d54:	c9 f4       	brne	.+50     	; 0x1d88 <__vector_11+0x172>
D:\projects\arduino\figaro\OnlineGasDetector_FIGARO/Notificator.ino:27
      SetBuzzerState(1);
    1d56:	81 e0       	ldi	r24, 0x01	; 1
    1d58:	0e 94 2e 05 	call	0xa5c	; 0xa5c <SetBuzzerState(bool)>
D:\projects\arduino\figaro\OnlineGasDetector_FIGARO/Notificator.ino:28
      SignalSwitchWorkInterval = SosMinInterval * 4;
    1d5c:	80 e9       	ldi	r24, 0x90	; 144
    1d5e:	91 e0       	ldi	r25, 0x01	; 1
    1d60:	05 c0       	rjmp	.+10     	; 0x1d6c <__vector_11+0x156>
D:\projects\arduino\figaro\OnlineGasDetector_FIGARO/Notificator.ino:23
          AlertIsActive = false;
          SosCyclesCount = 0;
        }
      }
    } else if (SosSignalStep == 5 || SosSignalStep == 7 || SosSignalStep == 9 || SosSignalStep == 11) {
      SetBuzzerState(0);
    1d62:	80 e0       	ldi	r24, 0x00	; 0
    1d64:	0e 94 2e 05 	call	0xa5c	; 0xa5c <SetBuzzerState(bool)>
D:\projects\arduino\figaro\OnlineGasDetector_FIGARO/Notificator.ino:24
      SignalSwitchWorkInterval = SosMinInterval * 2;
    1d68:	88 ec       	ldi	r24, 0xC8	; 200
    1d6a:	90 e0       	ldi	r25, 0x00	; 0
D:\projects\arduino\figaro\OnlineGasDetector_FIGARO/Notificator.ino:28
      SosSignalStep++;
    } else if (SosSignalStep == 6 || SosSignalStep == 8 || SosSignalStep == 10) {
      SetBuzzerState(1);
      SignalSwitchWorkInterval = SosMinInterval * 4;
    1d6c:	90 93 01 01 	sts	0x0101, r25	; 0x800101 <__data_start+0x1>
    1d70:	80 93 00 01 	sts	0x0100, r24	; 0x800100 <__data_start>
D:\projects\arduino\figaro\OnlineGasDetector_FIGARO/Notificator.ino:29
      SosSignalStep++;
    1d74:	80 91 cc 03 	lds	r24, 0x03CC	; 0x8003cc <SosSignalStep>
    1d78:	90 91 cd 03 	lds	r25, 0x03CD	; 0x8003cd <SosSignalStep+0x1>
    1d7c:	01 96       	adiw	r24, 0x01	; 1
    1d7e:	90 93 cd 03 	sts	0x03CD, r25	; 0x8003cd <SosSignalStep+0x1>
    1d82:	80 93 cc 03 	sts	0x03CC, r24	; 0x8003cc <SosSignalStep>
    1d86:	95 cf       	rjmp	.-214    	; 0x1cb2 <__vector_11+0x9c>
D:\projects\arduino\figaro\OnlineGasDetector_FIGARO/Notificator.ino:26
      }
    } else if (SosSignalStep == 5 || SosSignalStep == 7 || SosSignalStep == 9 || SosSignalStep == 11) {
      SetBuzzerState(0);
      SignalSwitchWorkInterval = SosMinInterval * 2;
      SosSignalStep++;
    } else if (SosSignalStep == 6 || SosSignalStep == 8 || SosSignalStep == 10) {
    1d88:	80 91 cc 03 	lds	r24, 0x03CC	; 0x8003cc <SosSignalStep>
    1d8c:	90 91 cd 03 	lds	r25, 0x03CD	; 0x8003cd <SosSignalStep+0x1>
    1d90:	08 97       	sbiw	r24, 0x08	; 8
    1d92:	09 f3       	breq	.-62     	; 0x1d56 <__vector_11+0x140>
    1d94:	80 91 cc 03 	lds	r24, 0x03CC	; 0x8003cc <SosSignalStep>
    1d98:	90 91 cd 03 	lds	r25, 0x03CD	; 0x8003cd <SosSignalStep+0x1>
    1d9c:	0a 97       	sbiw	r24, 0x0a	; 10
    1d9e:	d9 f2       	breq	.-74     	; 0x1d56 <__vector_11+0x140>
D:\projects\arduino\figaro\OnlineGasDetector_FIGARO/Notificator.ino:30
      SetBuzzerState(1);
      SignalSwitchWorkInterval = SosMinInterval * 4;
      SosSignalStep++;
    } else if (SosSignalStep % 2 != 0) {
    1da0:	80 91 cc 03 	lds	r24, 0x03CC	; 0x8003cc <SosSignalStep>
    1da4:	90 91 cd 03 	lds	r25, 0x03CD	; 0x8003cd <SosSignalStep+0x1>
    1da8:	80 fd       	sbrc	r24, 0
    1daa:	02 c0       	rjmp	.+4      	; 0x1db0 <__vector_11+0x19a>
D:\projects\arduino\figaro\OnlineGasDetector_FIGARO/Notificator.ino:35
      SetBuzzerState(0);
      SignalSwitchWorkInterval = SosMinInterval;
      SosSignalStep++;
    } else {
      SetBuzzerState(1);
    1dac:	81 e0       	ldi	r24, 0x01	; 1
    1dae:	01 c0       	rjmp	.+2      	; 0x1db2 <__vector_11+0x19c>
D:\projects\arduino\figaro\OnlineGasDetector_FIGARO/Notificator.ino:31
    } else if (SosSignalStep == 6 || SosSignalStep == 8 || SosSignalStep == 10) {
      SetBuzzerState(1);
      SignalSwitchWorkInterval = SosMinInterval * 4;
      SosSignalStep++;
    } else if (SosSignalStep % 2 != 0) {
      SetBuzzerState(0);
    1db0:	80 e0       	ldi	r24, 0x00	; 0
D:\projects\arduino\figaro\OnlineGasDetector_FIGARO/Notificator.ino:35
      SignalSwitchWorkInterval = SosMinInterval;
      SosSignalStep++;
    } else {
      SetBuzzerState(1);
    1db2:	0e 94 2e 05 	call	0xa5c	; 0xa5c <SetBuzzerState(bool)>
D:\projects\arduino\figaro\OnlineGasDetector_FIGARO/Notificator.ino:36
      SignalSwitchWorkInterval = SosMinInterval;
    1db6:	84 e6       	ldi	r24, 0x64	; 100
    1db8:	90 e0       	ldi	r25, 0x00	; 0
    1dba:	d8 cf       	rjmp	.-80     	; 0x1d6c <__vector_11+0x156>
D:\projects\arduino\figaro\OnlineGasDetector_FIGARO/Notificator.ino:40
      SosSignalStep++;
    }
  } else {
    SetBuzzerState(0);
    1dbc:	80 e0       	ldi	r24, 0x00	; 0
    1dbe:	0e 94 2e 05 	call	0xa5c	; 0xa5c <SetBuzzerState(bool)>
D:\projects\arduino\figaro\OnlineGasDetector_FIGARO/Notificator.ino:41
    SosSignalStep = 0;
    1dc2:	10 92 cd 03 	sts	0x03CD, r1	; 0x8003cd <SosSignalStep+0x1>
    1dc6:	10 92 cc 03 	sts	0x03CC, r1	; 0x8003cc <SosSignalStep>
    1dca:	73 cf       	rjmp	.-282    	; 0x1cb2 <__vector_11+0x9c>

00001dcc <global constructors keyed to 65535_0_OnlineGasDetector_FIGARO.ino.cpp.o.2362>:
_GLOBAL__I_65535_0_OnlineGasDetector_FIGARO.ino.cpp.o.2362():
    1dcc:	cf 92       	push	r12
    1dce:	df 92       	push	r13
    1dd0:	ef 92       	push	r14
    1dd2:	ff 92       	push	r15
    1dd4:	10 92 44 04 	sts	0x0444, r1	; 0x800444 <Serial+0x3>
    1dd8:	10 92 43 04 	sts	0x0443, r1	; 0x800443 <Serial+0x2>
    1ddc:	98 ee       	ldi	r25, 0xE8	; 232
    1dde:	c9 2e       	mov	r12, r25
    1de0:	93 e0       	ldi	r25, 0x03	; 3
    1de2:	d9 2e       	mov	r13, r25
    1de4:	e1 2c       	mov	r14, r1
    1de6:	f1 2c       	mov	r15, r1
    1de8:	c0 92 45 04 	sts	0x0445, r12	; 0x800445 <Serial+0x4>
    1dec:	d0 92 46 04 	sts	0x0446, r13	; 0x800446 <Serial+0x5>
    1df0:	e0 92 47 04 	sts	0x0447, r14	; 0x800447 <Serial+0x6>
    1df4:	f0 92 48 04 	sts	0x0448, r15	; 0x800448 <Serial+0x7>
    1df8:	8b e2       	ldi	r24, 0x2B	; 43
    1dfa:	91 e0       	ldi	r25, 0x01	; 1
    1dfc:	90 93 42 04 	sts	0x0442, r25	; 0x800442 <Serial+0x1>
    1e00:	80 93 41 04 	sts	0x0441, r24	; 0x800441 <Serial>
    1e04:	85 ec       	ldi	r24, 0xC5	; 197
    1e06:	90 e0       	ldi	r25, 0x00	; 0
    1e08:	90 93 4e 04 	sts	0x044E, r25	; 0x80044e <Serial+0xd>
    1e0c:	80 93 4d 04 	sts	0x044D, r24	; 0x80044d <Serial+0xc>
    1e10:	84 ec       	ldi	r24, 0xC4	; 196
    1e12:	90 e0       	ldi	r25, 0x00	; 0
    1e14:	90 93 50 04 	sts	0x0450, r25	; 0x800450 <Serial+0xf>
    1e18:	80 93 4f 04 	sts	0x044F, r24	; 0x80044f <Serial+0xe>
    1e1c:	80 ec       	ldi	r24, 0xC0	; 192
    1e1e:	90 e0       	ldi	r25, 0x00	; 0
    1e20:	90 93 52 04 	sts	0x0452, r25	; 0x800452 <Serial+0x11>
    1e24:	80 93 51 04 	sts	0x0451, r24	; 0x800451 <Serial+0x10>
    1e28:	81 ec       	ldi	r24, 0xC1	; 193
    1e2a:	90 e0       	ldi	r25, 0x00	; 0
    1e2c:	90 93 54 04 	sts	0x0454, r25	; 0x800454 <Serial+0x13>
    1e30:	80 93 53 04 	sts	0x0453, r24	; 0x800453 <Serial+0x12>
    1e34:	82 ec       	ldi	r24, 0xC2	; 194
    1e36:	90 e0       	ldi	r25, 0x00	; 0
    1e38:	90 93 56 04 	sts	0x0456, r25	; 0x800456 <Serial+0x15>
    1e3c:	80 93 55 04 	sts	0x0455, r24	; 0x800455 <Serial+0x14>
    1e40:	86 ec       	ldi	r24, 0xC6	; 198
    1e42:	90 e0       	ldi	r25, 0x00	; 0
    1e44:	90 93 58 04 	sts	0x0458, r25	; 0x800458 <Serial+0x17>
    1e48:	80 93 57 04 	sts	0x0457, r24	; 0x800457 <Serial+0x16>
    1e4c:	10 92 5a 04 	sts	0x045A, r1	; 0x80045a <Serial+0x19>
    1e50:	10 92 5b 04 	sts	0x045B, r1	; 0x80045b <Serial+0x1a>
    1e54:	10 92 5c 04 	sts	0x045C, r1	; 0x80045c <Serial+0x1b>
    1e58:	10 92 5d 04 	sts	0x045D, r1	; 0x80045d <Serial+0x1c>
    1e5c:	68 e5       	ldi	r22, 0x58	; 88
    1e5e:	71 e0       	ldi	r23, 0x01	; 1
    1e60:	83 e0       	ldi	r24, 0x03	; 3
    1e62:	95 e0       	ldi	r25, 0x05	; 5
    1e64:	0e 94 ba 07 	call	0xf74	; 0xf74 <String::String(char const*)>
    1e68:	10 92 e7 04 	sts	0x04E7, r1	; 0x8004e7 <SIM800L+0x3>
    1e6c:	10 92 e6 04 	sts	0x04E6, r1	; 0x8004e6 <SIM800L+0x2>
    1e70:	c0 92 e8 04 	sts	0x04E8, r12	; 0x8004e8 <SIM800L+0x4>
    1e74:	d0 92 e9 04 	sts	0x04E9, r13	; 0x8004e9 <SIM800L+0x5>
    1e78:	e0 92 ea 04 	sts	0x04EA, r14	; 0x8004ea <SIM800L+0x6>
    1e7c:	f0 92 eb 04 	sts	0x04EB, r15	; 0x8004eb <SIM800L+0x7>
    1e80:	8d e3       	ldi	r24, 0x3D	; 61
    1e82:	91 e0       	ldi	r25, 0x01	; 1
    1e84:	90 93 e5 04 	sts	0x04E5, r25	; 0x8004e5 <SIM800L+0x1>
    1e88:	80 93 e4 04 	sts	0x04E4, r24	; 0x8004e4 <SIM800L>
    1e8c:	10 92 fb 04 	sts	0x04FB, r1	; 0x8004fb <SIM800L+0x17>
    1e90:	10 92 fa 04 	sts	0x04FA, r1	; 0x8004fa <SIM800L+0x16>
    1e94:	10 92 fd 04 	sts	0x04FD, r1	; 0x8004fd <SIM800L+0x19>
    1e98:	10 92 fc 04 	sts	0x04FC, r1	; 0x8004fc <SIM800L+0x18>
    1e9c:	10 92 ff 04 	sts	0x04FF, r1	; 0x8004ff <SIM800L+0x1b>
    1ea0:	10 92 fe 04 	sts	0x04FE, r1	; 0x8004fe <SIM800L+0x1a>
    1ea4:	10 92 01 05 	sts	0x0501, r1	; 0x800501 <SIM800L+0x1d>
    1ea8:	10 92 00 05 	sts	0x0500, r1	; 0x800500 <SIM800L+0x1c>
    1eac:	60 91 02 05 	lds	r22, 0x0502	; 0x800502 <SIM800L+0x1e>
    1eb0:	6e 7f       	andi	r22, 0xFE	; 254
    1eb2:	6d 7f       	andi	r22, 0xFD	; 253
    1eb4:	60 93 02 05 	sts	0x0502, r22	; 0x800502 <SIM800L+0x1e>
    1eb8:	66 95       	lsr	r22
    1eba:	61 70       	andi	r22, 0x01	; 1
    1ebc:	81 e0       	ldi	r24, 0x01	; 1
    1ebe:	68 27       	eor	r22, r24
    1ec0:	8b e0       	ldi	r24, 0x0B	; 11
    1ec2:	0e 94 0c 02 	call	0x418	; 0x418 <digitalWrite>
    1ec6:	61 e0       	ldi	r22, 0x01	; 1
    1ec8:	8b e0       	ldi	r24, 0x0B	; 11
    1eca:	0e 94 58 02 	call	0x4b0	; 0x4b0 <pinMode>
    1ece:	e3 eb       	ldi	r30, 0xB3	; 179
    1ed0:	f3 e0       	ldi	r31, 0x03	; 3
    1ed2:	e4 91       	lpm	r30, Z
    1ed4:	e0 93 f4 04 	sts	0x04F4, r30	; 0x8004f4 <SIM800L+0x10>
    1ed8:	ec e9       	ldi	r30, 0x9C	; 156
    1eda:	f3 e0       	ldi	r31, 0x03	; 3
    1edc:	e4 91       	lpm	r30, Z
    1ede:	f0 e0       	ldi	r31, 0x00	; 0
    1ee0:	ee 0f       	add	r30, r30
    1ee2:	ff 1f       	adc	r31, r31
    1ee4:	e9 57       	subi	r30, 0x79	; 121
    1ee6:	fc 4f       	sbci	r31, 0xFC	; 252
    1ee8:	85 91       	lpm	r24, Z+
    1eea:	94 91       	lpm	r25, Z
    1eec:	90 93 f6 04 	sts	0x04F6, r25	; 0x8004f6 <SIM800L+0x12>
    1ef0:	80 93 f5 04 	sts	0x04F5, r24	; 0x8004f5 <SIM800L+0x11>
    1ef4:	60 e0       	ldi	r22, 0x00	; 0
    1ef6:	8a e0       	ldi	r24, 0x0A	; 10
    1ef8:	0e 94 58 02 	call	0x4b0	; 0x4b0 <pinMode>
    1efc:	80 91 02 05 	lds	r24, 0x0502	; 0x800502 <SIM800L+0x1e>
    1f00:	81 fd       	sbrc	r24, 1
    1f02:	04 c0       	rjmp	.+8      	; 0x1f0c <global constructors keyed to 65535_0_OnlineGasDetector_FIGARO.ino.cpp.o.2362+0x140>
    1f04:	61 e0       	ldi	r22, 0x01	; 1
    1f06:	8a e0       	ldi	r24, 0x0A	; 10
    1f08:	0e 94 0c 02 	call	0x418	; 0x418 <digitalWrite>
    1f0c:	8a e0       	ldi	r24, 0x0A	; 10
    1f0e:	80 93 f0 04 	sts	0x04F0, r24	; 0x8004f0 <SIM800L+0xc>
    1f12:	e2 eb       	ldi	r30, 0xB2	; 178
    1f14:	f3 e0       	ldi	r31, 0x03	; 3
    1f16:	e4 91       	lpm	r30, Z
    1f18:	e0 93 f1 04 	sts	0x04F1, r30	; 0x8004f1 <SIM800L+0xd>
    1f1c:	eb e9       	ldi	r30, 0x9B	; 155
    1f1e:	f3 e0       	ldi	r31, 0x03	; 3
    1f20:	e4 91       	lpm	r30, Z
    1f22:	f0 e0       	ldi	r31, 0x00	; 0
    1f24:	ee 0f       	add	r30, r30
    1f26:	ff 1f       	adc	r31, r31
    1f28:	e3 58       	subi	r30, 0x83	; 131
    1f2a:	fc 4f       	sbci	r31, 0xFC	; 252
    1f2c:	85 91       	lpm	r24, Z+
    1f2e:	94 91       	lpm	r25, Z
    1f30:	90 93 f3 04 	sts	0x04F3, r25	; 0x8004f3 <SIM800L+0xf>
    1f34:	80 93 f2 04 	sts	0x04F2, r24	; 0x8004f2 <SIM800L+0xe>
    1f38:	6b e5       	ldi	r22, 0x5B	; 91
    1f3a:	71 e0       	ldi	r23, 0x01	; 1
    1f3c:	8e ed       	ldi	r24, 0xDE	; 222
    1f3e:	94 e0       	ldi	r25, 0x04	; 4
    1f40:	ff 90       	pop	r15
    1f42:	ef 90       	pop	r14
    1f44:	df 90       	pop	r13
    1f46:	cf 90       	pop	r12
    1f48:	0c 94 ba 07 	jmp	0xf74	; 0xf74 <String::String(char const*)>

00001f4c <main>:
main():
C:\Users\luci\AppData\Local\Arduino15\packages\MiniCore\hardware\avr\3.1.1\cores\MCUdude_corefiles/main.cpp:34

//void setupUSB() __attribute__((weak));
//void setupUSB() { }

int main(void)
{
    1f4c:	cf 93       	push	r28
    1f4e:	df 93       	push	r29
    1f50:	cd b7       	in	r28, 0x3d	; 61
    1f52:	de b7       	in	r29, 0x3e	; 62
    1f54:	c2 51       	subi	r28, 0x12	; 18
    1f56:	d1 40       	sbci	r29, 0x01	; 1
    1f58:	0f b6       	in	r0, 0x3f	; 63
    1f5a:	f8 94       	cli
    1f5c:	de bf       	out	0x3e, r29	; 62
    1f5e:	0f be       	out	0x3f, r0	; 63
    1f60:	cd bf       	out	0x3d, r28	; 61
init():
C:\Users\luci\AppData\Local\Arduino15\packages\MiniCore\hardware\avr\3.1.1\cores\MCUdude_corefiles/wiring.c:945

void init()
{
  // this needs to be called before setup() or some functions won't
  // work there
  sei();
    1f62:	78 94       	sei
C:\Users\luci\AppData\Local\Arduino15\packages\MiniCore\hardware\avr\3.1.1\cores\MCUdude_corefiles/wiring.c:957

  // On the ATmega168, timer 0 is also used for fast hardware pwm
  // (using phase-correct PWM would mean that timer 0 overflowed half as often
  // resulting in different millis() behavior on the ATmega8 and ATmega168)
#if defined(TCCR0A) && defined(WGM01)
  TCCR0A |= _BV(WGM01) | _BV(WGM00);
    1f64:	84 b5       	in	r24, 0x24	; 36
    1f66:	83 60       	ori	r24, 0x03	; 3
    1f68:	84 bd       	out	0x24, r24	; 36
C:\Users\luci\AppData\Local\Arduino15\packages\MiniCore\hardware\avr\3.1.1\cores\MCUdude_corefiles/wiring.c:972
  #if defined(WGM00) && defined(WGM01) // The ATmega8 doesn't have WGM00 and WGM01
    TCCR0 |= _BV(WGM01) | _BV(WGM00);
  #endif
#elif defined(TCCR0B) && defined(CS01) && defined(CS00)
  // This combination is for the standard 168/328/640/1280/1281/2560/2561
  TCCR0B |= _BV(CS01) | _BV(CS00);
    1f6a:	85 b5       	in	r24, 0x25	; 37
    1f6c:	83 60       	ori	r24, 0x03	; 3
    1f6e:	85 bd       	out	0x25, r24	; 37
C:\Users\luci\AppData\Local\Arduino15\packages\MiniCore\hardware\avr\3.1.1\cores\MCUdude_corefiles/wiring.c:984

// Enable timer 0 overflow interrupt
#if defined(TIMSK) && defined(TOIE0)
  TIMSK |= _BV(TOIE0);
#elif defined(TIMSK0) && defined(TOIE0)
  TIMSK0 |= _BV(TOIE0);
    1f70:	80 91 6e 00 	lds	r24, 0x006E	; 0x80006e <__DATA_REGION_ORIGIN__+0xe>
    1f74:	81 60       	ori	r24, 0x01	; 1
    1f76:	80 93 6e 00 	sts	0x006E, r24	; 0x80006e <__DATA_REGION_ORIGIN__+0xe>
C:\Users\luci\AppData\Local\Arduino15\packages\MiniCore\hardware\avr\3.1.1\cores\MCUdude_corefiles/wiring.c:995
// this is better for motors as it ensures an even waveform
// note, however, that fast pwm mode can achieve a frequency of up
// 8 MHz (with a 16 MHz clock) at 50% duty cycle

#if defined(TCCR1B) && defined(CS11) && defined(CS10)
  TCCR1B = _BV(CS11); // Set timer 1 prescale factor to 64
    1f7a:	12 e0       	ldi	r17, 0x02	; 2
    1f7c:	10 93 81 00 	sts	0x0081, r17	; 0x800081 <__DATA_REGION_ORIGIN__+0x21>
C:\Users\luci\AppData\Local\Arduino15\packages\MiniCore\hardware\avr\3.1.1\cores\MCUdude_corefiles/wiring.c:997
#if F_CPU >= 8000000L
  TCCR1B |= _BV(CS10);
    1f80:	80 91 81 00 	lds	r24, 0x0081	; 0x800081 <__DATA_REGION_ORIGIN__+0x21>
    1f84:	81 60       	ori	r24, 0x01	; 1
    1f86:	80 93 81 00 	sts	0x0081, r24	; 0x800081 <__DATA_REGION_ORIGIN__+0x21>
C:\Users\luci\AppData\Local\Arduino15\packages\MiniCore\hardware\avr\3.1.1\cores\MCUdude_corefiles/wiring.c:1006
#if F_CPU >= 8000000L
  TCCR1 |= _BV(CS10);
#endif
#endif
#if defined(TCCR1A) && defined(WGM10)
  TCCR1A |= _BV(WGM10); // Put timer 1 in 8-bit phase correct pwm mode
    1f8a:	80 91 80 00 	lds	r24, 0x0080	; 0x800080 <__DATA_REGION_ORIGIN__+0x20>
    1f8e:	81 60       	ori	r24, 0x01	; 1
    1f90:	80 93 80 00 	sts	0x0080, r24	; 0x800080 <__DATA_REGION_ORIGIN__+0x20>
C:\Users\luci\AppData\Local\Arduino15\packages\MiniCore\hardware\avr\3.1.1\cores\MCUdude_corefiles/wiring.c:1013

// Set timer 2 prescale factor to 64
#if defined(TCCR2) && defined(CS22)
  TCCR2 |= _BV(CS22);
#elif defined(TCCR2B) && defined(CS22)
  TCCR2B |= _BV(CS22);
    1f94:	80 91 b1 00 	lds	r24, 0x00B1	; 0x8000b1 <__DATA_REGION_ORIGIN__+0x51>
    1f98:	84 60       	ori	r24, 0x04	; 4
    1f9a:	80 93 b1 00 	sts	0x00B1, r24	; 0x8000b1 <__DATA_REGION_ORIGIN__+0x51>
C:\Users\luci\AppData\Local\Arduino15\packages\MiniCore\hardware\avr\3.1.1\cores\MCUdude_corefiles/wiring.c:1022

// Configure timer 2 for phase correct pwm (8-bit)
#if defined(TCCR2) && defined(WGM20)
  TCCR2 |= _BV(WGM20);
#elif defined(TCCR2A) && defined(WGM20)
  TCCR2A |= _BV(WGM20);
    1f9e:	80 91 b0 00 	lds	r24, 0x00B0	; 0x8000b0 <__DATA_REGION_ORIGIN__+0x50>
    1fa2:	81 60       	ori	r24, 0x01	; 1
    1fa4:	80 93 b0 00 	sts	0x00B0, r24	; 0x8000b0 <__DATA_REGION_ORIGIN__+0x50>
C:\Users\luci\AppData\Local\Arduino15\packages\MiniCore\hardware\avr\3.1.1\cores\MCUdude_corefiles/wiring.c:1050
#endif

#if defined(ADCSRA)
  // set a2d prescaler so we are inside the desired 50-200 KHz range.
  #if F_CPU >= 16000000 // 16 MHz / 128 = 125 KHz
    ADCSRA = _BV(ADPS2) | _BV(ADPS1) | _BV(ADPS0) | _BV(ADEN);
    1fa8:	87 e8       	ldi	r24, 0x87	; 135
    1faa:	80 93 7a 00 	sts	0x007A, r24	; 0x80007a <__DATA_REGION_ORIGIN__+0x1a>
C:\Users\luci\AppData\Local\Arduino15\packages\MiniCore\hardware\avr\3.1.1\cores\MCUdude_corefiles/wiring.c:1070
  // here so they can be used as normal digital i/o; they will be
  // reconnected in Serial.begin()
#if defined(UCSRB)
  UCSRB = 0;
#elif defined(UCSR0B)
  UCSR0B = 0;
    1fae:	10 92 c1 00 	sts	0x00C1, r1	; 0x8000c1 <__DATA_REGION_ORIGIN__+0x61>
setup():
D:\projects\arduino\figaro\OnlineGasDetector_FIGARO/OnlineGasDetector_FIGARO.ino:83

//Програмная перезагрузка контроллера
void (*Reboot)(void) = 0;

void setup() {
  Preparing = true;
    1fb2:	81 e0       	ldi	r24, 0x01	; 1
    1fb4:	80 93 08 01 	sts	0x0108, r24	; 0x800108 <Preparing>
D:\projects\arduino\figaro\OnlineGasDetector_FIGARO/OnlineGasDetector_FIGARO.ino:85
  //Настройка режимов для пинов
  pinMode(BuzzerPin, OUTPUT);
    1fb8:	61 e0       	ldi	r22, 0x01	; 1
    1fba:	8d e0       	ldi	r24, 0x0D	; 13
    1fbc:	0e 94 58 02 	call	0x4b0	; 0x4b0 <pinMode>
D:\projects\arduino\figaro\OnlineGasDetector_FIGARO/OnlineGasDetector_FIGARO.ino:86
  pinMode(AlertLedPin, OUTPUT);
    1fc0:	61 e0       	ldi	r22, 0x01	; 1
    1fc2:	84 e0       	ldi	r24, 0x04	; 4
    1fc4:	0e 94 58 02 	call	0x4b0	; 0x4b0 <pinMode>
D:\projects\arduino\figaro\OnlineGasDetector_FIGARO/OnlineGasDetector_FIGARO.ino:87
  pinMode(AliveLedPin, OUTPUT);
    1fc8:	61 e0       	ldi	r22, 0x01	; 1
    1fca:	85 e0       	ldi	r24, 0x05	; 5
    1fcc:	0e 94 58 02 	call	0x4b0	; 0x4b0 <pinMode>
D:\projects\arduino\figaro\OnlineGasDetector_FIGARO/OnlineGasDetector_FIGARO.ino:88
  pinMode(MuteButtonPin, INPUT_PULLUP);
    1fd0:	62 e0       	ldi	r22, 0x02	; 2
    1fd2:	82 e0       	ldi	r24, 0x02	; 2
    1fd4:	0e 94 58 02 	call	0x4b0	; 0x4b0 <pinMode>
D:\projects\arduino\figaro\OnlineGasDetector_FIGARO/OnlineGasDetector_FIGARO.ino:89
  pinMode(TestButtonPin, INPUT_PULLUP);
    1fd8:	62 e0       	ldi	r22, 0x02	; 2
    1fda:	83 e0       	ldi	r24, 0x03	; 3
    1fdc:	0e 94 58 02 	call	0x4b0	; 0x4b0 <pinMode>
D:\projects\arduino\figaro\OnlineGasDetector_FIGARO/OnlineGasDetector_FIGARO.ino:90
  pinMode(MODEM_POWER_PIN, OUTPUT);
    1fe0:	61 e0       	ldi	r22, 0x01	; 1
    1fe2:	8c e0       	ldi	r24, 0x0C	; 12
    1fe4:	0e 94 58 02 	call	0x4b0	; 0x4b0 <pinMode>
D:\projects\arduino\figaro\OnlineGasDetector_FIGARO/OnlineGasDetector_FIGARO.ino:91
  pinMode(FigaroAnalogPin, INPUT);
    1fe8:	60 e0       	ldi	r22, 0x00	; 0
    1fea:	80 e1       	ldi	r24, 0x10	; 16
    1fec:	0e 94 58 02 	call	0x4b0	; 0x4b0 <pinMode>
D:\projects\arduino\figaro\OnlineGasDetector_FIGARO/OnlineGasDetector_FIGARO.ino:93

  digitalWrite(BuzzerPin, LOW);
    1ff0:	60 e0       	ldi	r22, 0x00	; 0
    1ff2:	8d e0       	ldi	r24, 0x0D	; 13
    1ff4:	0e 94 0c 02 	call	0x418	; 0x418 <digitalWrite>
attachInterrupt():
C:\Users\luci\AppData\Local\Arduino15\packages\MiniCore\hardware\avr\3.1.1\cores\MCUdude_corefiles/WInterrupts.c:66

void attachInterrupt(uint8_t interruptNum, void (*userFunc)(void), int mode)
{
  if(interruptNum < EXTERNAL_NUM_INTERRUPTS)
  {
    intFunc[interruptNum] = userFunc;
    1ff8:	8f e4       	ldi	r24, 0x4F	; 79
    1ffa:	95 e0       	ldi	r25, 0x05	; 5
    1ffc:	90 93 05 01 	sts	0x0105, r25	; 0x800105 <intFunc+0x1>
    2000:	80 93 04 01 	sts	0x0104, r24	; 0x800104 <intFunc>
C:\Users\luci\AppData\Local\Arduino15\packages\MiniCore\hardware\avr\3.1.1\cores\MCUdude_corefiles/WInterrupts.c:231
      #elif defined(__AVR_ATmega48__) || defined(__AVR_ATmega48P__)  || defined(__AVR_ATmega48PB__)  \
      || defined(__AVR_ATmega88__)    || defined(__AVR_ATmega88P__)  || defined(__AVR_ATmega88PB__)  \
      || defined(__AVR_ATmega168__)   || defined(__AVR_ATmega168P__) || defined(__AVR_ATmega168PB__) \
      || defined(__AVR_ATmega328__)   || defined(__AVR_ATmega328P__) || defined(__AVR_ATmega328PB__)
        case 0:
          EICRA = (EICRA & ~((1 << ISC00) | (1 << ISC01))) | (mode << ISC00);
    2004:	80 91 69 00 	lds	r24, 0x0069	; 0x800069 <__DATA_REGION_ORIGIN__+0x9>
    2008:	8c 7f       	andi	r24, 0xFC	; 252
    200a:	82 60       	ori	r24, 0x02	; 2
    200c:	80 93 69 00 	sts	0x0069, r24	; 0x800069 <__DATA_REGION_ORIGIN__+0x9>
C:\Users\luci\AppData\Local\Arduino15\packages\MiniCore\hardware\avr\3.1.1\cores\MCUdude_corefiles/WInterrupts.c:232
          EIMSK |= (1 << INT0);
    2010:	e8 9a       	sbi	0x1d, 0	; 29
C:\Users\luci\AppData\Local\Arduino15\packages\MiniCore\hardware\avr\3.1.1\cores\MCUdude_corefiles/WInterrupts.c:66

void attachInterrupt(uint8_t interruptNum, void (*userFunc)(void), int mode)
{
  if(interruptNum < EXTERNAL_NUM_INTERRUPTS)
  {
    intFunc[interruptNum] = userFunc;
    2012:	88 ef       	ldi	r24, 0xF8	; 248
    2014:	92 e0       	ldi	r25, 0x02	; 2
    2016:	90 93 07 01 	sts	0x0107, r25	; 0x800107 <intFunc+0x3>
    201a:	80 93 06 01 	sts	0x0106, r24	; 0x800106 <intFunc+0x2>
C:\Users\luci\AppData\Local\Arduino15\packages\MiniCore\hardware\avr\3.1.1\cores\MCUdude_corefiles/WInterrupts.c:235
        case 0:
          EICRA = (EICRA & ~((1 << ISC00) | (1 << ISC01))) | (mode << ISC00);
          EIMSK |= (1 << INT0);
          break;
        case 1:
          EICRA = (EICRA & ~((1 << ISC10) | (1 << ISC11))) | (mode << ISC10);
    201e:	80 91 69 00 	lds	r24, 0x0069	; 0x800069 <__DATA_REGION_ORIGIN__+0x9>
    2022:	83 7f       	andi	r24, 0xF3	; 243
    2024:	88 60       	ori	r24, 0x08	; 8
    2026:	80 93 69 00 	sts	0x0069, r24	; 0x800069 <__DATA_REGION_ORIGIN__+0x9>
C:\Users\luci\AppData\Local\Arduino15\packages\MiniCore\hardware\avr\3.1.1\cores\MCUdude_corefiles/WInterrupts.c:236
          EIMSK |= (1 << INT1);
    202a:	e9 9a       	sbi	0x1d, 1	; 29
analogReference():
C:\Users\luci\AppData\Local\Arduino15\packages\MiniCore\hardware\avr\3.1.1\cores\MCUdude_corefiles/wiring_analog.c:41
void analogReference(uint8_t mode)
{
  // can't actually set the register here because the default setting
  // will connect AVCC and the AREF pin, which would cause a short if
  // there's something connected to AREF.
  analog_reference = mode;
    202c:	10 92 09 01 	sts	0x0109, r1	; 0x800109 <analog_reference>
begin():
C:\Users\luci\AppData\Local\Arduino15\packages\MiniCore\hardware\avr\3.1.1\cores\MCUdude_corefiles/HardwareSerial.cpp:121

void HardwareSerial::begin(unsigned long baud, byte config)
{
  // Try u2x mode first
  uint16_t baud_setting = (F_CPU / 4 / baud - 1) / 2;
  *_ucsra = 1 << U2X0;
    2030:	e0 91 51 04 	lds	r30, 0x0451	; 0x800451 <Serial+0x10>
    2034:	f0 91 52 04 	lds	r31, 0x0452	; 0x800452 <Serial+0x11>
    2038:	10 83       	st	Z, r17
C:\Users\luci\AppData\Local\Arduino15\packages\MiniCore\hardware\avr\3.1.1\cores\MCUdude_corefiles/HardwareSerial.cpp:135
    *_ucsra = 0;
    baud_setting = (F_CPU / 8 / baud - 1) / 2;
  }

  // assign the baud_setting, a.k.a. ubrr (USART Baud Rate Register)
  *_ubrrh = baud_setting >> 8;
    203a:	e0 91 4d 04 	lds	r30, 0x044D	; 0x80044d <Serial+0xc>
    203e:	f0 91 4e 04 	lds	r31, 0x044E	; 0x80044e <Serial+0xd>
    2042:	10 82       	st	Z, r1
C:\Users\luci\AppData\Local\Arduino15\packages\MiniCore\hardware\avr\3.1.1\cores\MCUdude_corefiles/HardwareSerial.cpp:136
  *_ubrrl = baud_setting;
    2044:	e0 91 4f 04 	lds	r30, 0x044F	; 0x80044f <Serial+0xe>
    2048:	f0 91 50 04 	lds	r31, 0x0450	; 0x800450 <Serial+0xf>
    204c:	8f ec       	ldi	r24, 0xCF	; 207
    204e:	80 83       	st	Z, r24
C:\Users\luci\AppData\Local\Arduino15\packages\MiniCore\hardware\avr\3.1.1\cores\MCUdude_corefiles/HardwareSerial.cpp:138

  _written = false;
    2050:	10 92 59 04 	sts	0x0459, r1	; 0x800459 <Serial+0x18>
C:\Users\luci\AppData\Local\Arduino15\packages\MiniCore\hardware\avr\3.1.1\cores\MCUdude_corefiles/HardwareSerial.cpp:146
#if defined(__AVR_ATmega8__) || defined(__AVR_ATmega8515__) || defined(__AVR_ATmega162__) \
|| defined(__AVR_ATmega8535__) || defined(__AVR_ATmega16__)|| defined(__AVR_ATmega32__)   \
|| defined(__AVR_ATmega162__)
  config |= 0x80; // select UCSRC register (shared with UBRRH)
#endif
  *_ucsrc = config;
    2054:	e0 91 55 04 	lds	r30, 0x0455	; 0x800455 <Serial+0x14>
    2058:	f0 91 56 04 	lds	r31, 0x0456	; 0x800456 <Serial+0x15>
    205c:	86 e0       	ldi	r24, 0x06	; 6
    205e:	80 83       	st	Z, r24
C:\Users\luci\AppData\Local\Arduino15\packages\MiniCore\hardware\avr\3.1.1\cores\MCUdude_corefiles/HardwareSerial.cpp:148
  
  *_ucsrb |= _BV(RXEN0) | _BV(TXEN0) | _BV(RXCIE0);
    2060:	e0 91 53 04 	lds	r30, 0x0453	; 0x800453 <Serial+0x12>
    2064:	f0 91 54 04 	lds	r31, 0x0454	; 0x800454 <Serial+0x13>
    2068:	80 81       	ld	r24, Z
    206a:	88 69       	ori	r24, 0x98	; 152
    206c:	80 83       	st	Z, r24
C:\Users\luci\AppData\Local\Arduino15\packages\MiniCore\hardware\avr\3.1.1\cores\MCUdude_corefiles/HardwareSerial.cpp:149
  *_ucsrb &= ~_BV(UDRIE0);
    206e:	e0 91 53 04 	lds	r30, 0x0453	; 0x800453 <Serial+0x12>
    2072:	f0 91 54 04 	lds	r31, 0x0454	; 0x800454 <Serial+0x13>
    2076:	80 81       	ld	r24, Z
    2078:	8f 7d       	andi	r24, 0xDF	; 223
    207a:	80 83       	st	Z, r24
C:\Users\luci\AppData\Local\Arduino15\packages\MiniCore\hardware\avr\3.1.1\libraries\SoftwareSerial\src/SoftwareSerial.cpp:316
// Public methods
//

void SoftwareSerial::begin(long speed)
{
  _rx_delay_centering = _rx_delay_intrabit = _rx_delay_stopbit = _tx_delay = 0;
    207c:	10 92 ff 04 	sts	0x04FF, r1	; 0x8004ff <SIM800L+0x1b>
    2080:	10 92 fe 04 	sts	0x04FE, r1	; 0x8004fe <SIM800L+0x1a>
    2084:	10 92 fd 04 	sts	0x04FD, r1	; 0x8004fd <SIM800L+0x19>
    2088:	10 92 fc 04 	sts	0x04FC, r1	; 0x8004fc <SIM800L+0x18>
    208c:	10 92 fb 04 	sts	0x04FB, r1	; 0x8004fb <SIM800L+0x17>
    2090:	10 92 fa 04 	sts	0x04FA, r1	; 0x8004fa <SIM800L+0x16>
C:\Users\luci\AppData\Local\Arduino15\packages\MiniCore\hardware\avr\3.1.1\libraries\SoftwareSerial\src/SoftwareSerial.cpp:326
  // 12 (gcc 4.8.2) or 13 (gcc 4.3.2) cycles from start bit to first bit,
  // 15 (gcc 4.8.2) or 16 (gcc 4.3.2) cycles between bits,
  // 12 (gcc 4.8.2) or 14 (gcc 4.3.2) cycles from last bit to stop bit
  // These are all close enough to just use 15 cycles, since the inter-bit
  // timings are the most critical (deviations stack 8 times)
  _tx_delay = subtract_cap(bit_delay, 15 / 4);
    2094:	8d ec       	ldi	r24, 0xCD	; 205
    2096:	90 e0       	ldi	r25, 0x00	; 0
    2098:	90 93 01 05 	sts	0x0501, r25	; 0x800501 <SIM800L+0x1d>
    209c:	80 93 00 05 	sts	0x0500, r24	; 0x800500 <SIM800L+0x1c>
C:\Users\luci\AppData\Local\Arduino15\packages\MiniCore\hardware\avr\3.1.1\libraries\SoftwareSerial\src/SoftwareSerial.cpp:330

#if defined(PCINT_ONLY) || defined(INT_AND_PCINT)
  // Only setup rx when we have a valid PCINT for this pin
  if (digitalPinToPCICR(_receivePin)) {
    20a0:	80 91 f0 04 	lds	r24, 0x04F0	; 0x8004f0 <SIM800L+0xc>
    20a4:	87 31       	cpi	r24, 0x17	; 23
    20a6:	08 f0       	brcs	.+2      	; 0x20aa <main+0x15e>
    20a8:	4b c0       	rjmp	.+150    	; 0x2140 <main+0x1f4>
C:\Users\luci\AppData\Local\Arduino15\packages\MiniCore\hardware\avr\3.1.1\libraries\SoftwareSerial\src/SoftwareSerial.cpp:345
    // are 17 more cycles until the pin value is read (excluding the
    // delay in the loop).
    // We want to have a total delay of 1.5 bit time. Inside the loop,
    // we already wait for 1 bit time - 23 cycles, so here we wait for
    // 0.5 bit time - (71 + 18 - 22) cycles.
    _rx_delay_centering = subtract_cap(bit_delay / 2, (4 + 4 + 75 + 17 - 23) / 4);
    20aa:	25 e5       	ldi	r18, 0x55	; 85
    20ac:	30 e0       	ldi	r19, 0x00	; 0
    20ae:	30 93 fb 04 	sts	0x04FB, r19	; 0x8004fb <SIM800L+0x17>
    20b2:	20 93 fa 04 	sts	0x04FA, r18	; 0x8004fa <SIM800L+0x16>
C:\Users\luci\AppData\Local\Arduino15\packages\MiniCore\hardware\avr\3.1.1\libraries\SoftwareSerial\src/SoftwareSerial.cpp:348

    // There are 23 cycles in each loop iteration (excluding the delay)
    _rx_delay_intrabit = subtract_cap(bit_delay, 23 / 4);
    20b6:	2b ec       	ldi	r18, 0xCB	; 203
    20b8:	30 e0       	ldi	r19, 0x00	; 0
    20ba:	30 93 fd 04 	sts	0x04FD, r19	; 0x8004fd <SIM800L+0x19>
    20be:	20 93 fc 04 	sts	0x04FC, r18	; 0x8004fc <SIM800L+0x18>
C:\Users\luci\AppData\Local\Arduino15\packages\MiniCore\hardware\avr\3.1.1\libraries\SoftwareSerial\src/SoftwareSerial.cpp:357
    // mask is enabled again (which _must_ happen during the stopbit).
    // This delay aims at 3/4 of a bit time, meaning the end of the
    // delay will be at 1/4th of the stopbit. This allows some extra
    // time for ISR cleanup, which makes 115200 baud at 16Mhz work more
    // reliably
    _rx_delay_stopbit = subtract_cap(bit_delay * 3 / 4, (37 + 11) / 4);
    20c2:	20 e9       	ldi	r18, 0x90	; 144
    20c4:	30 e0       	ldi	r19, 0x00	; 0
    20c6:	30 93 ff 04 	sts	0x04FF, r19	; 0x8004ff <SIM800L+0x1b>
    20ca:	20 93 fe 04 	sts	0x04FE, r18	; 0x8004fe <SIM800L+0x1a>
C:\Users\luci\AppData\Local\Arduino15\packages\MiniCore\hardware\avr\3.1.1\libraries\SoftwareSerial\src/SoftwareSerial.cpp:371


    // Enable the PCINT for the entire port here, but never disable it
    // (others might also need it, so we disable the interrupt by using
    // the per-pin PCMSK register).
    *digitalPinToPCICR(_receivePin) |= _BV(digitalPinToPCICRbit(_receivePin));
    20ce:	20 91 68 00 	lds	r18, 0x0068	; 0x800068 <__DATA_REGION_ORIGIN__+0x8>
main():
    20d2:	94 e0       	ldi	r25, 0x04	; 4
begin():
    20d4:	88 30       	cpi	r24, 0x08	; 8
    20d6:	54 f0       	brlt	.+20     	; 0x20ec <main+0x1a0>
main():
    20d8:	91 e0       	ldi	r25, 0x01	; 1
begin():
    20da:	8e 30       	cpi	r24, 0x0E	; 14
    20dc:	3c f0       	brlt	.+14     	; 0x20ec <main+0x1a0>
main():
    20de:	92 e0       	ldi	r25, 0x02	; 2
begin():
    20e0:	84 31       	cpi	r24, 0x14	; 20
    20e2:	24 f0       	brlt	.+8      	; 0x20ec <main+0x1a0>
    20e4:	91 e0       	ldi	r25, 0x01	; 1
    20e6:	86 31       	cpi	r24, 0x16	; 22
    20e8:	09 f4       	brne	.+2      	; 0x20ec <main+0x1a0>
    20ea:	90 e0       	ldi	r25, 0x00	; 0
    20ec:	92 2b       	or	r25, r18
    20ee:	90 93 68 00 	sts	0x0068, r25	; 0x800068 <__DATA_REGION_ORIGIN__+0x8>
main():
C:\Users\luci\AppData\Local\Arduino15\packages\MiniCore\hardware\avr\3.1.1\libraries\SoftwareSerial\src/SoftwareSerial.cpp:374
    // Precalculate the pcint mask register and value, so setRxIntMask
    // can be used inside the ISR without costing too much time.
    _pcint_maskreg = digitalPinToPCMSK(_receivePin);
    20f2:	2d e6       	ldi	r18, 0x6D	; 109
    20f4:	30 e0       	ldi	r19, 0x00	; 0
begin():
    20f6:	88 30       	cpi	r24, 0x08	; 8
    20f8:	74 f0       	brlt	.+28     	; 0x2116 <main+0x1ca>
    20fa:	8e 30       	cpi	r24, 0x0E	; 14
    20fc:	0c f4       	brge	.+2      	; 0x2100 <main+0x1b4>
    20fe:	d3 c1       	rjmp	.+934    	; 0x24a6 <main+0x55a>
    2100:	84 31       	cpi	r24, 0x14	; 20
    2102:	3c f0       	brlt	.+14     	; 0x2112 <main+0x1c6>
    2104:	86 31       	cpi	r24, 0x16	; 22
    2106:	0c f4       	brge	.+2      	; 0x210a <main+0x1be>
    2108:	ce c1       	rjmp	.+924    	; 0x24a6 <main+0x55a>
main():
    210a:	30 e0       	ldi	r19, 0x00	; 0
    210c:	20 e0       	ldi	r18, 0x00	; 0
begin():
    210e:	86 31       	cpi	r24, 0x16	; 22
    2110:	11 f4       	brne	.+4      	; 0x2116 <main+0x1ca>
main():
    2112:	2c e6       	ldi	r18, 0x6C	; 108
    2114:	30 e0       	ldi	r19, 0x00	; 0
begin():
    2116:	30 93 f8 04 	sts	0x04F8, r19	; 0x8004f8 <SIM800L+0x14>
    211a:	20 93 f7 04 	sts	0x04F7, r18	; 0x8004f7 <SIM800L+0x13>
C:\Users\luci\AppData\Local\Arduino15\packages\MiniCore\hardware\avr\3.1.1\libraries\SoftwareSerial\src/SoftwareSerial.cpp:375
    _pcint_maskvalue = _BV(digitalPinToPCMSKbit(_receivePin));
    211e:	88 30       	cpi	r24, 0x08	; 8
    2120:	0c f0       	brlt	.+2      	; 0x2124 <main+0x1d8>
    2122:	c4 c1       	rjmp	.+904    	; 0x24ac <main+0x560>
    2124:	91 e0       	ldi	r25, 0x01	; 1
    2126:	01 c0       	rjmp	.+2      	; 0x212a <main+0x1de>
    2128:	99 0f       	add	r25, r25
    212a:	8a 95       	dec	r24
    212c:	ea f7       	brpl	.-6      	; 0x2128 <main+0x1dc>
    212e:	89 2f       	mov	r24, r25
    2130:	80 93 f9 04 	sts	0x04F9, r24	; 0x8004f9 <SIM800L+0x15>
_delay_loop_2():
c:\users\luci\appdata\local\arduino15\packages\arduino\tools\avr-gcc\7.3.0-atmel3.6.1-arduino7\avr\include\util/delay_basic.h:110
    2134:	80 91 00 05 	lds	r24, 0x0500	; 0x800500 <SIM800L+0x1c>
    2138:	90 91 01 05 	lds	r25, 0x0501	; 0x800501 <SIM800L+0x1d>
    213c:	01 97       	sbiw	r24, 0x01	; 1
    213e:	f1 f7       	brne	.-4      	; 0x213c <main+0x1f0>
listen():
C:\Users\luci\AppData\Local\Arduino15\packages\MiniCore\hardware\avr\3.1.1\libraries\SoftwareSerial\src/SoftwareSerial.cpp:91

// This function sets the current object as the "listening"
// one and returns true if it replaces another
bool SoftwareSerial::listen()
{
  if (!_rx_delay_stopbit)
    2140:	80 91 fe 04 	lds	r24, 0x04FE	; 0x8004fe <SIM800L+0x1a>
    2144:	90 91 ff 04 	lds	r25, 0x04FF	; 0x8004ff <SIM800L+0x1b>
    2148:	89 2b       	or	r24, r25
    214a:	49 f1       	breq	.+82     	; 0x219e <main+0x252>
C:\Users\luci\AppData\Local\Arduino15\packages\MiniCore\hardware\avr\3.1.1\libraries\SoftwareSerial\src/SoftwareSerial.cpp:94
    return false;

  if (active_object != this)
    214c:	e0 91 10 04 	lds	r30, 0x0410	; 0x800410 <SoftwareSerial::active_object>
    2150:	f0 91 11 04 	lds	r31, 0x0411	; 0x800411 <SoftwareSerial::active_object+0x1>
    2154:	24 e0       	ldi	r18, 0x04	; 4
    2156:	e4 3e       	cpi	r30, 0xE4	; 228
    2158:	f2 07       	cpc	r31, r18
    215a:	09 f1       	breq	.+66     	; 0x219e <main+0x252>
C:\Users\luci\AppData\Local\Arduino15\packages\MiniCore\hardware\avr\3.1.1\libraries\SoftwareSerial\src/SoftwareSerial.cpp:96
  {
    if (active_object)
    215c:	30 97       	sbiw	r30, 0x00	; 0
    215e:	39 f0       	breq	.+14     	; 0x216e <main+0x222>
_ZN14SoftwareSerial11setRxIntMskEb():
C:\Users\luci\AppData\Local\Arduino15\packages\MiniCore\hardware\avr\3.1.1\libraries\SoftwareSerial\src/SoftwareSerial.cpp:442
void SoftwareSerial::setRxIntMsk(bool enable)
{
    if (enable)
      *_pcint_maskreg |= _pcint_maskvalue;
    else
      *_pcint_maskreg &= ~_pcint_maskvalue;
    2160:	a3 89       	ldd	r26, Z+19	; 0x13
    2162:	b4 89       	ldd	r27, Z+20	; 0x14
    2164:	9c 91       	ld	r25, X
    2166:	85 89       	ldd	r24, Z+21	; 0x15
    2168:	80 95       	com	r24
    216a:	89 23       	and	r24, r25
    216c:	8c 93       	st	X, r24
listen():
C:\Users\luci\AppData\Local\Arduino15\packages\MiniCore\hardware\avr\3.1.1\libraries\SoftwareSerial\src/SoftwareSerial.cpp:99
  if (active_object != this)
  {
    if (active_object)
      active_object->stopListening();

    _buffer_overflow = false;
    216e:	80 91 02 05 	lds	r24, 0x0502	; 0x800502 <SIM800L+0x1e>
    2172:	8e 7f       	andi	r24, 0xFE	; 254
    2174:	80 93 02 05 	sts	0x0502, r24	; 0x800502 <SIM800L+0x1e>
C:\Users\luci\AppData\Local\Arduino15\packages\MiniCore\hardware\avr\3.1.1\libraries\SoftwareSerial\src/SoftwareSerial.cpp:100
    _receive_buffer_head = _receive_buffer_tail = 0;
    2178:	10 92 0f 04 	sts	0x040F, r1	; 0x80040f <SoftwareSerial::_receive_buffer_tail>
    217c:	10 92 0e 04 	sts	0x040E, r1	; 0x80040e <SoftwareSerial::_receive_buffer_head>
C:\Users\luci\AppData\Local\Arduino15\packages\MiniCore\hardware\avr\3.1.1\libraries\SoftwareSerial\src/SoftwareSerial.cpp:101
    active_object = this;
    2180:	84 ee       	ldi	r24, 0xE4	; 228
    2182:	94 e0       	ldi	r25, 0x04	; 4
    2184:	90 93 11 04 	sts	0x0411, r25	; 0x800411 <SoftwareSerial::active_object+0x1>
    2188:	80 93 10 04 	sts	0x0410, r24	; 0x800410 <SoftwareSerial::active_object>
_ZN14SoftwareSerial11setRxIntMskEb():
C:\Users\luci\AppData\Local\Arduino15\packages\MiniCore\hardware\avr\3.1.1\libraries\SoftwareSerial\src/SoftwareSerial.cpp:440
}

void SoftwareSerial::setRxIntMsk(bool enable)
{
    if (enable)
      *_pcint_maskreg |= _pcint_maskvalue;
    218c:	e0 91 f7 04 	lds	r30, 0x04F7	; 0x8004f7 <SIM800L+0x13>
    2190:	f0 91 f8 04 	lds	r31, 0x04F8	; 0x8004f8 <SIM800L+0x14>
    2194:	80 81       	ld	r24, Z
    2196:	90 91 f9 04 	lds	r25, 0x04F9	; 0x8004f9 <SIM800L+0x15>
    219a:	89 2b       	or	r24, r25
    219c:	80 83       	st	Z, r24
PrintResetCause():
D:\projects\arduino\figaro\OnlineGasDetector_FIGARO/ArduinoHelper.ino:60
  BuzzerDebounceCount = 0;
  SendRequestDebounceCount = 0;
}

void PrintResetCause() {
  uint8_t mcusr = MCUSR;      // читаем сразу
    219e:	14 b7       	in	r17, 0x34	; 52
D:\projects\arduino\figaro\OnlineGasDetector_FIGARO/ArduinoHelper.ino:61
  MCUSR = 0;                  // очищаем, чтобы не мешать следующим сбросам
    21a0:	14 be       	out	0x34, r1	; 52
wdt_disable():
c:\users\luci\appdata\local\arduino15\packages\arduino\tools\avr-gcc\7.3.0-atmel3.6.1-arduino7\avr\include\avr/wdt.h:528
				"out __SREG__,__tmp_reg__"   "\n\t"
				: [TEMPREG] "=d" (temp_reg)
				: [WDTREG]  "n"  (_SFR_MEM_ADDR(_WD_CONTROL_REG)),
				[WDCE_WDE]  "n"  ((uint8_t)(_BV(_WD_CHANGE_BIT) | _BV(WDE)))
				: "r0"
		);
    21a2:	0f b6       	in	r0, 0x3f	; 63
    21a4:	f8 94       	cli
    21a6:	a8 95       	wdr
    21a8:	80 91 60 00 	lds	r24, 0x0060	; 0x800060 <__DATA_REGION_ORIGIN__>
    21ac:	88 61       	ori	r24, 0x18	; 24
    21ae:	80 93 60 00 	sts	0x0060, r24	; 0x800060 <__DATA_REGION_ORIGIN__>
    21b2:	10 92 60 00 	sts	0x0060, r1	; 0x800060 <__DATA_REGION_ORIGIN__>
    21b6:	0f be       	out	0x3f, r0	; 63
write():
    21b8:	6b e6       	ldi	r22, 0x6B	; 107
    21ba:	71 e0       	ldi	r23, 0x01	; 1
    21bc:	81 e4       	ldi	r24, 0x41	; 65
    21be:	94 e0       	ldi	r25, 0x04	; 4
    21c0:	0e 94 03 06 	call	0xc06	; 0xc06 <Print::write(char const*) [clone .part.2]>
print():
C:\Users\luci\AppData\Local\Arduino15\packages\MiniCore\hardware\avr\3.1.1\cores\MCUdude_corefiles/Print.cpp:74
  return write(c);
}

size_t Print::print(unsigned char b, int base)
{
  return print((unsigned long) b, base);
    21c4:	61 2f       	mov	r22, r17
    21c6:	70 e0       	ldi	r23, 0x00	; 0
    21c8:	90 e0       	ldi	r25, 0x00	; 0
    21ca:	80 e0       	ldi	r24, 0x00	; 0
C:\Users\luci\AppData\Local\Arduino15\packages\MiniCore\hardware\avr\3.1.1\cores\MCUdude_corefiles/Print.cpp:106
}

size_t Print::print(unsigned long n, int base)
{
  if (base == 0) return write(n);
  else return printNumber(n, base);
    21cc:	42 e0       	ldi	r20, 0x02	; 2
    21ce:	0e 94 12 06 	call	0xc24	; 0xc24 <Print::printNumber(unsigned long, unsigned char) [clone .constprop.25]>
PrintResetCause():
D:\projects\arduino\figaro\OnlineGasDetector_FIGARO/ArduinoHelper.ino:68

  while (!Serial); // если нужно подождать

  Serial.print("Причина перезагрузки (MCUSR = 0b");
  Serial.print(mcusr, BIN);
  Serial.println("):");
    21d2:	8f e9       	ldi	r24, 0x9F	; 159
    21d4:	91 e0       	ldi	r25, 0x01	; 1
    21d6:	0e 94 58 06 	call	0xcb0	; 0xcb0 <Print::println(char const*) [clone .constprop.26]>
D:\projects\arduino\figaro\OnlineGasDetector_FIGARO/ArduinoHelper.ino:70

  if (mcusr & (1 << PORF))  Serial.println("  - Power-on reset (включение питания)");
    21da:	10 ff       	sbrs	r17, 0
    21dc:	04 c0       	rjmp	.+8      	; 0x21e6 <main+0x29a>
    21de:	82 ea       	ldi	r24, 0xA2	; 162
    21e0:	91 e0       	ldi	r25, 0x01	; 1
    21e2:	0e 94 58 06 	call	0xcb0	; 0xcb0 <Print::println(char const*) [clone .constprop.26]>
D:\projects\arduino\figaro\OnlineGasDetector_FIGARO/ArduinoHelper.ino:71
  if (mcusr & (1 << EXTRF)) Serial.println("  - External reset (кнопка Reset или пин RESET)");
    21e6:	11 ff       	sbrs	r17, 1
    21e8:	04 c0       	rjmp	.+8      	; 0x21f2 <main+0x2a6>
    21ea:	89 ed       	ldi	r24, 0xD9	; 217
    21ec:	91 e0       	ldi	r25, 0x01	; 1
    21ee:	0e 94 58 06 	call	0xcb0	; 0xcb0 <Print::println(char const*) [clone .constprop.26]>
D:\projects\arduino\figaro\OnlineGasDetector_FIGARO/ArduinoHelper.ino:72
  if (mcusr & (1 << BORF))  Serial.println("  - Brown-out reset (падение напряжения)");
    21f2:	12 ff       	sbrs	r17, 2
    21f4:	04 c0       	rjmp	.+8      	; 0x21fe <main+0x2b2>
    21f6:	85 e1       	ldi	r24, 0x15	; 21
    21f8:	92 e0       	ldi	r25, 0x02	; 2
    21fa:	0e 94 58 06 	call	0xcb0	; 0xcb0 <Print::println(char const*) [clone .constprop.26]>
D:\projects\arduino\figaro\OnlineGasDetector_FIGARO/ArduinoHelper.ino:73
  if (mcusr & (1 << WDRF))  Serial.println("  - Watchdog reset (сработал сторожевой таймер)");
    21fe:	8f e4       	ldi	r24, 0x4F	; 79
    2200:	92 e0       	ldi	r25, 0x02	; 2
    2202:	13 fd       	sbrc	r17, 3
    2204:	04 c0       	rjmp	.+8      	; 0x220e <main+0x2c2>
D:\projects\arduino\figaro\OnlineGasDetector_FIGARO/ArduinoHelper.ino:75

  if (mcusr == 0) Serial.println("  - Возможно программный jump на 0 или Serial-DTR сброс");
    2206:	11 11       	cpse	r17, r1
    2208:	04 c0       	rjmp	.+8      	; 0x2212 <main+0x2c6>
    220a:	87 e9       	ldi	r24, 0x97	; 151
    220c:	92 e0       	ldi	r25, 0x02	; 2
    220e:	0e 94 58 06 	call	0xcb0	; 0xcb0 <Print::println(char const*) [clone .constprop.26]>
write():
    2212:	6b e4       	ldi	r22, 0x4B	; 75
    2214:	71 e0       	ldi	r23, 0x01	; 1
    2216:	81 e4       	ldi	r24, 0x41	; 65
    2218:	94 e0       	ldi	r25, 0x04	; 4
    221a:	0e 94 03 06 	call	0xc06	; 0xc06 <Print::write(char const*) [clone .part.2]>
EnableInterruptTimer():
D:\projects\arduino\figaro\OnlineGasDetector_FIGARO/ArduinoHelper.ino:32
  GenerateSosSignal();
  OCR1A = next_ocr;  // Обновляем интервал для следующего прерывания
}

void EnableInterruptTimer() {
  cli();  // Отключаем глобальные прерывания
    221e:	f8 94       	cli
D:\projects\arduino\figaro\OnlineGasDetector_FIGARO/ArduinoHelper.ino:33
  TCCR1A = 0;
    2220:	10 92 80 00 	sts	0x0080, r1	; 0x800080 <__DATA_REGION_ORIGIN__+0x20>
D:\projects\arduino\figaro\OnlineGasDetector_FIGARO/ArduinoHelper.ino:34
  TCCR1B = 0;
    2224:	10 92 81 00 	sts	0x0081, r1	; 0x800081 <__DATA_REGION_ORIGIN__+0x21>
D:\projects\arduino\figaro\OnlineGasDetector_FIGARO/ArduinoHelper.ino:35
  TCNT1 = 0;
    2228:	10 92 85 00 	sts	0x0085, r1	; 0x800085 <__DATA_REGION_ORIGIN__+0x25>
    222c:	10 92 84 00 	sts	0x0084, r1	; 0x800084 <__DATA_REGION_ORIGIN__+0x24>
D:\projects\arduino\figaro\OnlineGasDetector_FIGARO/ArduinoHelper.ino:36
  OCR1A = 1561;                         // Начальный для 100 мс
    2230:	89 e1       	ldi	r24, 0x19	; 25
    2232:	96 e0       	ldi	r25, 0x06	; 6
    2234:	90 93 89 00 	sts	0x0089, r25	; 0x800089 <__DATA_REGION_ORIGIN__+0x29>
    2238:	80 93 88 00 	sts	0x0088, r24	; 0x800088 <__DATA_REGION_ORIGIN__+0x28>
D:\projects\arduino\figaro\OnlineGasDetector_FIGARO/ArduinoHelper.ino:37
  TCCR1B |= (1 << WGM12);               // Режим CTC
    223c:	80 91 81 00 	lds	r24, 0x0081	; 0x800081 <__DATA_REGION_ORIGIN__+0x21>
    2240:	88 60       	ori	r24, 0x08	; 8
    2242:	80 93 81 00 	sts	0x0081, r24	; 0x800081 <__DATA_REGION_ORIGIN__+0x21>
D:\projects\arduino\figaro\OnlineGasDetector_FIGARO/ArduinoHelper.ino:38
  TCCR1B |= (1 << CS12) | (1 << CS10);  // Предделитель 1024 (CS12=1, CS11=0, CS10=1)
    2246:	80 91 81 00 	lds	r24, 0x0081	; 0x800081 <__DATA_REGION_ORIGIN__+0x21>
    224a:	85 60       	ori	r24, 0x05	; 5
    224c:	80 93 81 00 	sts	0x0081, r24	; 0x800081 <__DATA_REGION_ORIGIN__+0x21>
D:\projects\arduino\figaro\OnlineGasDetector_FIGARO/ArduinoHelper.ino:39
  TIMSK1 |= (1 << OCIE1A);              // Разрешаем прерывание по совпадению OCR1A
    2250:	80 91 6f 00 	lds	r24, 0x006F	; 0x80006f <__DATA_REGION_ORIGIN__+0xf>
    2254:	82 60       	ori	r24, 0x02	; 2
    2256:	80 93 6f 00 	sts	0x006F, r24	; 0x80006f <__DATA_REGION_ORIGIN__+0xf>
D:\projects\arduino\figaro\OnlineGasDetector_FIGARO/ArduinoHelper.ino:40
  sei();                                // Включаем глобальные прерывания
    225a:	78 94       	sei
wdt_enable():
c:\users\luci\appdata\local\arduino15\packages\arduino\tools\avr-gcc\7.3.0-atmel3.6.1-arduino7\avr\include\avr/wdt.h:486
				: "n" (_SFR_MEM_ADDR(_WD_CONTROL_REG)),
				"r" ((uint8_t)(_BV(_WD_CHANGE_BIT) | _BV(WDE))),
				"r" ((uint8_t) ((value & 0x08 ? _WD_PS3_MASK : 0x00) |
						_BV(WDE) | (value & 0x07)) )
				: "r0"
		);
    225c:	88 e1       	ldi	r24, 0x18	; 24
    225e:	99 e2       	ldi	r25, 0x29	; 41
    2260:	0f b6       	in	r0, 0x3f	; 63
    2262:	f8 94       	cli
    2264:	a8 95       	wdr
    2266:	80 93 60 00 	sts	0x0060, r24	; 0x800060 <__DATA_REGION_ORIGIN__>
    226a:	0f be       	out	0x3f, r0	; 63
    226c:	90 93 60 00 	sts	0x0060, r25	; 0x800060 <__DATA_REGION_ORIGIN__>
setup():
D:\projects\arduino\figaro\OnlineGasDetector_FIGARO/OnlineGasDetector_FIGARO.ino:116
  //Включение прерывания по таймеру
  EnableInterruptTimer();

  //Включение Watchdog на 8 секунд
  wdt_enable(WDTO_8S);
  Preparing = false;
    2270:	10 92 08 01 	sts	0x0108, r1	; 0x800108 <Preparing>
D:\projects\arduino\figaro\OnlineGasDetector_FIGARO/OnlineGasDetector_FIGARO.ino:118

  Serial.println("Start");
    2274:	8c ee       	ldi	r24, 0xEC	; 236
    2276:	92 e0       	ldi	r25, 0x02	; 2
    2278:	0e 94 58 06 	call	0xcb0	; 0xcb0 <Print::println(char const*) [clone .constprop.26]>
    227c:	ce 01       	movw	r24, r28
    227e:	8d 54       	subi	r24, 0x4D	; 77
    2280:	9f 4f       	sbci	r25, 0xFF	; 255
    2282:	6c 01       	movw	r12, r24
    2284:	fe 01       	movw	r30, r28
    2286:	ef 57       	subi	r30, 0x7F	; 127
    2288:	ff 4f       	sbci	r31, 0xFF	; 255
    228a:	7f 01       	movw	r14, r30
    228c:	8e 01       	movw	r16, r28
    228e:	0f 5f       	subi	r16, 0xFF	; 255
    2290:	1f 4f       	sbci	r17, 0xFF	; 255
prepareSIM800LForSendRequest():
D:\projects\arduino\figaro\OnlineGasDetector_FIGARO/SIM800L.ino:331
bool prepareSIM800LForSendRequest(bool isTestMode) {
  // Настройка GPRS bearer
  if (!isAtResponseOk(sendAtCommand(F("AT+SAPBR=3,1,\"CONTYPE\",\"GPRS\""), true))) return false;
  // APN — без этого bearer не откроется после перезагрузки модуля
  char apnCmd[50];
  snprintf(apnCmd, sizeof(apnCmd), "AT+SAPBR=3,1,\"APN\",\"%s\"", apn);
    2292:	6e e1       	ldi	r22, 0x1E	; 30
    2294:	26 2e       	mov	r2, r22
    2296:	61 e0       	ldi	r22, 0x01	; 1
    2298:	36 2e       	mov	r3, r22
loop():
D:\projects\arduino\figaro\OnlineGasDetector_FIGARO/OnlineGasDetector_FIGARO.ino:123
}

void loop() {
  //Снимаем показания датчика
  if (tick(GasAnalyseLastTickTime, GasAnalyseWorkInterval)) {
    229a:	40 e0       	ldi	r20, 0x00	; 0
    229c:	50 e0       	ldi	r21, 0x00	; 0
    229e:	ba 01       	movw	r22, r20
    22a0:	84 e3       	ldi	r24, 0x34	; 52
    22a2:	94 e0       	ldi	r25, 0x04	; 4
    22a4:	0e 94 5a 05 	call	0xab4	; 0xab4 <tick(unsigned long&, unsigned long)>
    22a8:	88 23       	and	r24, r24
    22aa:	09 f4       	brne	.+2      	; 0x22ae <main+0x362>
    22ac:	c8 c0       	rjmp	.+400    	; 0x243e <main+0x4f2>
    22ae:	54 e6       	ldi	r21, 0x64	; 100
    22b0:	a5 2e       	mov	r10, r21
    22b2:	b1 2c       	mov	r11, r1
main():
D:\projects\arduino\figaro\OnlineGasDetector_FIGARO/Figaro.ino:5
void PrepareGasAnalyser() {
}

void GasAnalyse() {
  float figaroAnalogValue = 0.0;
    22b4:	41 2c       	mov	r4, r1
    22b6:	51 2c       	mov	r5, r1
    22b8:	32 01       	movw	r6, r4
analogRead():
C:\Users\luci\AppData\Local\Arduino15\packages\MiniCore\hardware\avr\3.1.1\cores\MCUdude_corefiles/wiring_analog.c:68
  
  // set the analog reference (high two bits of ADMUX) and select the
  // channel (low 4 bits).  this also sets ADLAR (left-adjust result)
  // to 0 (the default).
#if defined(ADMUX)
  ADMUX = (analog_reference << 6) | (pin & 0x07);
    22ba:	80 91 09 01 	lds	r24, 0x0109	; 0x800109 <analog_reference>
    22be:	f0 e4       	ldi	r31, 0x40	; 64
    22c0:	8f 9f       	mul	r24, r31
    22c2:	c0 01       	movw	r24, r0
    22c4:	11 24       	eor	r1, r1
    22c6:	82 60       	ori	r24, 0x02	; 2
    22c8:	80 93 7c 00 	sts	0x007C, r24	; 0x80007c <__DATA_REGION_ORIGIN__+0x1c>
C:\Users\luci\AppData\Local\Arduino15\packages\MiniCore\hardware\avr\3.1.1\cores\MCUdude_corefiles/wiring_analog.c:76
  // without a delay, we seem to read from the wrong channel
  //delay(1);

#if defined(ADCSRA) && defined(ADC)
  // start the conversion
  ADCSRA |= _BV(ADSC);
    22cc:	80 91 7a 00 	lds	r24, 0x007A	; 0x80007a <__DATA_REGION_ORIGIN__+0x1a>
    22d0:	80 64       	ori	r24, 0x40	; 64
    22d2:	80 93 7a 00 	sts	0x007A, r24	; 0x80007a <__DATA_REGION_ORIGIN__+0x1a>
C:\Users\luci\AppData\Local\Arduino15\packages\MiniCore\hardware\avr\3.1.1\cores\MCUdude_corefiles/wiring_analog.c:79

  // ADSC is cleared when the conversion finishes
  while (ADCSRA & _BV(ADSC)) {};
    22d6:	80 91 7a 00 	lds	r24, 0x007A	; 0x80007a <__DATA_REGION_ORIGIN__+0x1a>
    22da:	86 fd       	sbrc	r24, 6
    22dc:	fc cf       	rjmp	.-8      	; 0x22d6 <main+0x38a>
C:\Users\luci\AppData\Local\Arduino15\packages\MiniCore\hardware\avr\3.1.1\cores\MCUdude_corefiles/wiring_analog.c:83

  // ADC macro takes care of reading ADC register.
 	// avr-gcc implements the proper reading order: ADCL is read first.
 	return ADC;
    22de:	60 91 78 00 	lds	r22, 0x0078	; 0x800078 <__DATA_REGION_ORIGIN__+0x18>
    22e2:	70 91 79 00 	lds	r23, 0x0079	; 0x800079 <__DATA_REGION_ORIGIN__+0x19>
GasAnalyse():
D:\projects\arduino\figaro\OnlineGasDetector_FIGARO/Figaro.ino:7
  for (int i = 0; i < 100; i++) {
    figaroAnalogValue += analogRead(FigaroAnalogPin);
    22e6:	07 2e       	mov	r0, r23
    22e8:	00 0c       	add	r0, r0
    22ea:	88 0b       	sbc	r24, r24
    22ec:	99 0b       	sbc	r25, r25
    22ee:	0e 94 70 1c 	call	0x38e0	; 0x38e0 <__floatsisf>
    22f2:	9b 01       	movw	r18, r22
    22f4:	ac 01       	movw	r20, r24
    22f6:	c3 01       	movw	r24, r6
    22f8:	b2 01       	movw	r22, r4
    22fa:	0e 94 d7 1d 	call	0x3bae	; 0x3bae <__addsf3>
    22fe:	2b 01       	movw	r4, r22
    2300:	3c 01       	movw	r6, r24
D:\projects\arduino\figaro\OnlineGasDetector_FIGARO/Figaro.ino:8
    delay(10);
    2302:	6a e0       	ldi	r22, 0x0A	; 10
    2304:	70 e0       	ldi	r23, 0x00	; 0
    2306:	80 e0       	ldi	r24, 0x00	; 0
    2308:	90 e0       	ldi	r25, 0x00	; 0
    230a:	0e 94 b9 02 	call	0x572	; 0x572 <delay>
    230e:	21 e0       	ldi	r18, 0x01	; 1
    2310:	a2 1a       	sub	r10, r18
    2312:	b1 08       	sbc	r11, r1
D:\projects\arduino\figaro\OnlineGasDetector_FIGARO/Figaro.ino:6
void PrepareGasAnalyser() {
}

void GasAnalyse() {
  float figaroAnalogValue = 0.0;
  for (int i = 0; i < 100; i++) {
    2314:	91 f6       	brne	.-92     	; 0x22ba <main+0x36e>
D:\projects\arduino\figaro\OnlineGasDetector_FIGARO/Figaro.ino:10
    figaroAnalogValue += analogRead(FigaroAnalogPin);
    delay(10);
  }
  figaroAnalogValue = figaroAnalogValue / 100.0;
    2316:	20 e0       	ldi	r18, 0x00	; 0
    2318:	30 e0       	ldi	r19, 0x00	; 0
    231a:	48 ec       	ldi	r20, 0xC8	; 200
    231c:	52 e4       	ldi	r21, 0x42	; 66
    231e:	c3 01       	movw	r24, r6
    2320:	b2 01       	movw	r22, r4
    2322:	0e 94 43 1e 	call	0x3c86	; 0x3c86 <__divsf3>
D:\projects\arduino\figaro\OnlineGasDetector_FIGARO/Figaro.ino:11
  figaroAnalogValue = (figaroAnalogValue / 1024) * 1000;
    2326:	20 e0       	ldi	r18, 0x00	; 0
    2328:	30 e0       	ldi	r19, 0x00	; 0
    232a:	40 e8       	ldi	r20, 0x80	; 128
    232c:	5a e3       	ldi	r21, 0x3A	; 58
    232e:	0e 94 cf 1c 	call	0x399e	; 0x399e <__mulsf3>
    2332:	20 e0       	ldi	r18, 0x00	; 0
    2334:	30 e0       	ldi	r19, 0x00	; 0
    2336:	4a e7       	ldi	r20, 0x7A	; 122
    2338:	54 e4       	ldi	r21, 0x44	; 68
    233a:	0e 94 cf 1c 	call	0x399e	; 0x399e <__mulsf3>
    233e:	4b 01       	movw	r8, r22
    2340:	5c 01       	movw	r10, r24
D:\projects\arduino\figaro\OnlineGasDetector_FIGARO/Figaro.ino:13

  if (figaroAnalogValue < 20.0) {
    2342:	20 e0       	ldi	r18, 0x00	; 0
    2344:	30 e0       	ldi	r19, 0x00	; 0
    2346:	40 ea       	ldi	r20, 0xA0	; 160
    2348:	51 e4       	ldi	r21, 0x41	; 65
    234a:	0e 94 69 1c 	call	0x38d2	; 0x38d2 <__cmpsf2>
    234e:	87 ff       	sbrs	r24, 7
    2350:	03 c0       	rjmp	.+6      	; 0x2358 <main+0x40c>
main():
D:\projects\arduino\figaro\OnlineGasDetector_FIGARO/Figaro.ino:14
    figaroAnalogValue = 0.0;
    2352:	81 2c       	mov	r8, r1
    2354:	91 2c       	mov	r9, r1
    2356:	54 01       	movw	r10, r8
GasAnalyse():
D:\projects\arduino\figaro\OnlineGasDetector_FIGARO/Figaro.ino:17
  }

  COConcentration = figaroAnalogValue;
    2358:	80 92 18 04 	sts	0x0418, r8	; 0x800418 <COConcentration>
    235c:	90 92 19 04 	sts	0x0419, r9	; 0x800419 <COConcentration+0x1>
    2360:	a0 92 1a 04 	sts	0x041A, r10	; 0x80041a <COConcentration+0x2>
    2364:	b0 92 1b 04 	sts	0x041B, r11	; 0x80041b <COConcentration+0x3>
printFloat():
C:\Users\luci\AppData\Local\Arduino15\packages\MiniCore\hardware\avr\3.1.1\cores\MCUdude_corefiles/Print.cpp:256

size_t Print::printFloat(double number, uint8_t digits) 
{ 
  size_t n = 0;
  
  if (isnan(number)) return print("nan");
    2368:	a5 01       	movw	r20, r10
    236a:	94 01       	movw	r18, r8
    236c:	c5 01       	movw	r24, r10
    236e:	b4 01       	movw	r22, r8
    2370:	0e 94 f0 1e 	call	0x3de0	; 0x3de0 <__unordsf2>
write():
    2374:	62 ef       	ldi	r22, 0xF2	; 242
    2376:	72 e0       	ldi	r23, 0x02	; 2
printFloat():
    2378:	81 11       	cpse	r24, r1
    237a:	1b c0       	rjmp	.+54     	; 0x23b2 <main+0x466>
C:\Users\luci\AppData\Local\Arduino15\packages\MiniCore\hardware\avr\3.1.1\cores\MCUdude_corefiles/Print.cpp:257
  if (isinf(number)) return print("inf");
    237c:	24 01       	movw	r4, r8
    237e:	35 01       	movw	r6, r10
    2380:	e8 94       	clt
    2382:	77 f8       	bld	r7, 7
    2384:	2f ef       	ldi	r18, 0xFF	; 255
    2386:	3f ef       	ldi	r19, 0xFF	; 255
    2388:	4f e7       	ldi	r20, 0x7F	; 127
    238a:	5f e7       	ldi	r21, 0x7F	; 127
    238c:	c3 01       	movw	r24, r6
    238e:	b2 01       	movw	r22, r4
    2390:	0e 94 f0 1e 	call	0x3de0	; 0x3de0 <__unordsf2>
    2394:	81 11       	cpse	r24, r1
    2396:	98 c0       	rjmp	.+304    	; 0x24c8 <main+0x57c>
    2398:	2f ef       	ldi	r18, 0xFF	; 255
    239a:	3f ef       	ldi	r19, 0xFF	; 255
    239c:	4f e7       	ldi	r20, 0x7F	; 127
    239e:	5f e7       	ldi	r21, 0x7F	; 127
    23a0:	c3 01       	movw	r24, r6
    23a2:	b2 01       	movw	r22, r4
    23a4:	0e 94 69 1c 	call	0x38d2	; 0x38d2 <__cmpsf2>
    23a8:	18 16       	cp	r1, r24
    23aa:	0c f0       	brlt	.+2      	; 0x23ae <main+0x462>
    23ac:	8d c0       	rjmp	.+282    	; 0x24c8 <main+0x57c>
write():
    23ae:	66 ef       	ldi	r22, 0xF6	; 246
    23b0:	72 e0       	ldi	r23, 0x02	; 2
    23b2:	81 e4       	ldi	r24, 0x41	; 65
    23b4:	94 e0       	ldi	r25, 0x04	; 4
    23b6:	0e 94 03 06 	call	0xc06	; 0xc06 <Print::write(char const*) [clone .part.2]>
    23ba:	6b e4       	ldi	r22, 0x4B	; 75
    23bc:	71 e0       	ldi	r23, 0x01	; 1
    23be:	81 e4       	ldi	r24, 0x41	; 65
    23c0:	94 e0       	ldi	r25, 0x04	; 4
    23c2:	0e 94 03 06 	call	0xc06	; 0xc06 <Print::write(char const*) [clone .part.2]>
GasAnalyse():
D:\projects\arduino\figaro\OnlineGasDetector_FIGARO/Figaro.ino:24
  if (PlotterMode) {
    // Serial.print("CO:");
    Serial.println(figaroAnalogValue);
  }

  if (!TestAlertIsActive) {
    23c6:	80 91 2f 04 	lds	r24, 0x042F	; 0x80042f <TestAlertIsActive>
    23ca:	81 11       	cpse	r24, r1
    23cc:	38 c0       	rjmp	.+112    	; 0x243e <main+0x4f2>
D:\projects\arduino\figaro\OnlineGasDetector_FIGARO/Figaro.ino:26
    // Гистерезис LED: ON >= 200 (5 замеров подряд), OFF < 150
    if (!AlertIsActive) {
    23ce:	80 91 26 04 	lds	r24, 0x0426	; 0x800426 <AlertIsActive>
    23d2:	81 11       	cpse	r24, r1
    23d4:	0d c1       	rjmp	.+538    	; 0x25f0 <main+0x6a4>
D:\projects\arduino\figaro\OnlineGasDetector_FIGARO/Figaro.ino:27
      if (figaroAnalogValue >= LedTreshold) {
    23d6:	20 e0       	ldi	r18, 0x00	; 0
    23d8:	30 e0       	ldi	r19, 0x00	; 0
    23da:	48 e4       	ldi	r20, 0x48	; 72
    23dc:	53 e4       	ldi	r21, 0x43	; 67
    23de:	c5 01       	movw	r24, r10
    23e0:	b4 01       	movw	r22, r8
    23e2:	0e 94 eb 1e 	call	0x3dd6	; 0x3dd6 <__gesf2>
    23e6:	87 fd       	sbrc	r24, 7
    23e8:	fe c0       	rjmp	.+508    	; 0x25e6 <main+0x69a>
D:\projects\arduino\figaro\OnlineGasDetector_FIGARO/Figaro.ino:28
        LedDebounceCount++;
    23ea:	80 91 15 04 	lds	r24, 0x0415	; 0x800415 <LedDebounceCount>
    23ee:	90 91 16 04 	lds	r25, 0x0416	; 0x800416 <LedDebounceCount+0x1>
    23f2:	01 96       	adiw	r24, 0x01	; 1
    23f4:	90 93 16 04 	sts	0x0416, r25	; 0x800416 <LedDebounceCount+0x1>
    23f8:	80 93 15 04 	sts	0x0415, r24	; 0x800415 <LedDebounceCount>
D:\projects\arduino\figaro\OnlineGasDetector_FIGARO/Figaro.ino:29
        if (LedDebounceCount >= AlertDebounceThreshold)
    23fc:	05 97       	sbiw	r24, 0x05	; 5
    23fe:	1c f0       	brlt	.+6      	; 0x2406 <main+0x4ba>
D:\projects\arduino\figaro\OnlineGasDetector_FIGARO/Figaro.ino:30
          AlertIsActive = true;
    2400:	81 e0       	ldi	r24, 0x01	; 1
    2402:	80 93 26 04 	sts	0x0426, r24	; 0x800426 <AlertIsActive>
D:\projects\arduino\figaro\OnlineGasDetector_FIGARO/Figaro.ino:40
      if (figaroAnalogValue < LedTreshold - HysteresisOffset)
        AlertIsActive = false;
    }

    // Гистерезис зуммера: ON >= 300 (5 замеров подряд), OFF < 250
    if (!BuzzerAlertIsActive) {
    2406:	80 91 14 04 	lds	r24, 0x0414	; 0x800414 <BuzzerAlertIsActive>
    240a:	81 11       	cpse	r24, r1
    240c:	03 c1       	rjmp	.+518    	; 0x2614 <main+0x6c8>
D:\projects\arduino\figaro\OnlineGasDetector_FIGARO/Figaro.ino:41
      if (figaroAnalogValue >= BuzzerThreshold) {
    240e:	20 e0       	ldi	r18, 0x00	; 0
    2410:	30 e0       	ldi	r19, 0x00	; 0
    2412:	46 e9       	ldi	r20, 0x96	; 150
    2414:	53 e4       	ldi	r21, 0x43	; 67
    2416:	c5 01       	movw	r24, r10
    2418:	b4 01       	movw	r22, r8
    241a:	0e 94 eb 1e 	call	0x3dd6	; 0x3dd6 <__gesf2>
    241e:	87 fd       	sbrc	r24, 7
    2420:	f4 c0       	rjmp	.+488    	; 0x260a <main+0x6be>
D:\projects\arduino\figaro\OnlineGasDetector_FIGARO/Figaro.ino:42
        BuzzerDebounceCount++;
    2422:	80 91 12 04 	lds	r24, 0x0412	; 0x800412 <BuzzerDebounceCount>
    2426:	90 91 13 04 	lds	r25, 0x0413	; 0x800413 <BuzzerDebounceCount+0x1>
    242a:	01 96       	adiw	r24, 0x01	; 1
    242c:	90 93 13 04 	sts	0x0413, r25	; 0x800413 <BuzzerDebounceCount+0x1>
    2430:	80 93 12 04 	sts	0x0412, r24	; 0x800412 <BuzzerDebounceCount>
D:\projects\arduino\figaro\OnlineGasDetector_FIGARO/Figaro.ino:43
        if (BuzzerDebounceCount >= AlertDebounceThreshold)
    2434:	05 97       	sbiw	r24, 0x05	; 5
    2436:	1c f0       	brlt	.+6      	; 0x243e <main+0x4f2>
D:\projects\arduino\figaro\OnlineGasDetector_FIGARO/Figaro.ino:44
          BuzzerAlertIsActive = true;
    2438:	81 e0       	ldi	r24, 0x01	; 1
    243a:	80 93 14 04 	sts	0x0414, r24	; 0x800414 <BuzzerAlertIsActive>
loop():
D:\projects\arduino\figaro\OnlineGasDetector_FIGARO/OnlineGasDetector_FIGARO.ino:127
    GasAnalyse();
  }
  //Отправка запроса
  if (tick(SendRequestLastTickTime, SendRequestWorkInterval)) {
    243e:	40 ed       	ldi	r20, 0xD0	; 208
    2440:	57 e0       	ldi	r21, 0x07	; 7
    2442:	60 e0       	ldi	r22, 0x00	; 0
    2444:	70 e0       	ldi	r23, 0x00	; 0
    2446:	80 e3       	ldi	r24, 0x30	; 48
    2448:	94 e0       	ldi	r25, 0x04	; 4
    244a:	0e 94 5a 05 	call	0xab4	; 0xab4 <tick(unsigned long&, unsigned long)>
    244e:	88 23       	and	r24, r24
    2450:	09 f4       	brne	.+2      	; 0x2454 <main+0x508>
    2452:	34 c1       	rjmp	.+616    	; 0x26bc <main+0x770>
D:\projects\arduino\figaro\OnlineGasDetector_FIGARO/OnlineGasDetector_FIGARO.ino:128
    SendRequest(TestAlertIsActive);
    2454:	90 90 2f 04 	lds	r9, 0x042F	; 0x80042f <TestAlertIsActive>
SendRequest():
D:\projects\arduino\figaro\OnlineGasDetector_FIGARO/SIM800L.ino:12
const String server = "109.199.107.195";
const int port = 8080;
bool FixedSmsSent = false; // SMS фиксированному номеру уже отправлено в текущем цикле тревоги

void SendRequest(bool isTestMode) {
  if (NeedForSendRequest || isTestMode) {
    2458:	80 91 1c 04 	lds	r24, 0x041C	; 0x80041c <NeedForSendRequest>
    245c:	81 11       	cpse	r24, r1
    245e:	03 c0       	rjmp	.+6      	; 0x2466 <main+0x51a>
    2460:	99 20       	and	r9, r9
    2462:	09 f4       	brne	.+2      	; 0x2466 <main+0x51a>
    2464:	2b c1       	rjmp	.+598    	; 0x26bc <main+0x770>
ActivateGsmModulePower():
D:\projects\arduino\figaro\OnlineGasDetector_FIGARO/SIM800L.ino:252

  return response.indexOf(F("+CMGS:")) >= 0 || response.indexOf(F("OK")) >= 0;
}

void ActivateGsmModulePower() {
  digitalWrite(MODEM_POWER_PIN, HIGH);
    2466:	61 e0       	ldi	r22, 0x01	; 1
    2468:	8c e0       	ldi	r24, 0x0C	; 12
    246a:	0e 94 0c 02 	call	0x418	; 0x418 <digitalWrite>
SendRequest():
D:\projects\arduino\figaro\OnlineGasDetector_FIGARO/SIM800L.ino:14
bool FixedSmsSent = false; // SMS фиксированному номеру уже отправлено в текущем цикле тревоги

void SendRequest(bool isTestMode) {
  if (NeedForSendRequest || isTestMode) {
    ActivateGsmModulePower();
    delay(3000);
    246e:	68 eb       	ldi	r22, 0xB8	; 184
    2470:	7b e0       	ldi	r23, 0x0B	; 11
    2472:	80 e0       	ldi	r24, 0x00	; 0
    2474:	90 e0       	ldi	r25, 0x00	; 0
    2476:	0e 94 b9 02 	call	0x572	; 0x572 <delay>
    247a:	45 e0       	ldi	r20, 0x05	; 5
    247c:	a4 2e       	mov	r10, r20
    247e:	b1 2c       	mov	r11, r1
D:\projects\arduino\figaro\OnlineGasDetector_FIGARO/SIM800L.ino:17
    bool isHaveSignal = false;
    for (int i = 0; i < 5; i++) {
      if (GetSignalLevel() > 0) {
    2480:	0e 94 0b 0c 	call	0x1816	; 0x1816 <GetSignalLevel()>
    2484:	18 16       	cp	r1, r24
    2486:	19 06       	cpc	r1, r25
    2488:	0c f4       	brge	.+2      	; 0x248c <main+0x540>
    248a:	27 c6       	rjmp	.+3150   	; 0x30da <main+0x118e>
D:\projects\arduino\figaro\OnlineGasDetector_FIGARO/SIM800L.ino:21
        isHaveSignal = true;
        break;
      }
      delay(1000);
    248c:	68 ee       	ldi	r22, 0xE8	; 232
    248e:	73 e0       	ldi	r23, 0x03	; 3
    2490:	80 e0       	ldi	r24, 0x00	; 0
    2492:	90 e0       	ldi	r25, 0x00	; 0
    2494:	0e 94 b9 02 	call	0x572	; 0x572 <delay>
    2498:	81 e0       	ldi	r24, 0x01	; 1
    249a:	a8 1a       	sub	r10, r24
    249c:	b1 08       	sbc	r11, r1
D:\projects\arduino\figaro\OnlineGasDetector_FIGARO/SIM800L.ino:16
void SendRequest(bool isTestMode) {
  if (NeedForSendRequest || isTestMode) {
    ActivateGsmModulePower();
    delay(3000);
    bool isHaveSignal = false;
    for (int i = 0; i < 5; i++) {
    249e:	81 f7       	brne	.-32     	; 0x2480 <main+0x534>
D:\projects\arduino\figaro\OnlineGasDetector_FIGARO/SIM800L.ino:24
        break;
      }
      delay(1000);
    }
    if (!isHaveSignal) {
      DeactivateGsmModulePower();
    24a0:	0e 94 2a 05 	call	0xa54	; 0xa54 <DeactivateGsmModulePower()>
    24a4:	0b c1       	rjmp	.+534    	; 0x26bc <main+0x770>
main():
C:\Users\luci\AppData\Local\Arduino15\packages\MiniCore\hardware\avr\3.1.1\libraries\SoftwareSerial\src/SoftwareSerial.cpp:374
    // (others might also need it, so we disable the interrupt by using
    // the per-pin PCMSK register).
    *digitalPinToPCICR(_receivePin) |= _BV(digitalPinToPCICRbit(_receivePin));
    // Precalculate the pcint mask register and value, so setRxIntMask
    // can be used inside the ISR without costing too much time.
    _pcint_maskreg = digitalPinToPCMSK(_receivePin);
    24a6:	2b e6       	ldi	r18, 0x6B	; 107
    24a8:	30 e0       	ldi	r19, 0x00	; 0
    24aa:	35 ce       	rjmp	.-918    	; 0x2116 <main+0x1ca>
begin():
C:\Users\luci\AppData\Local\Arduino15\packages\MiniCore\hardware\avr\3.1.1\libraries\SoftwareSerial\src/SoftwareSerial.cpp:375
    _pcint_maskvalue = _BV(digitalPinToPCMSKbit(_receivePin));
    24ac:	8e 30       	cpi	r24, 0x0E	; 14
    24ae:	14 f4       	brge	.+4      	; 0x24b4 <main+0x568>
    24b0:	88 50       	subi	r24, 0x08	; 8
    24b2:	38 ce       	rjmp	.-912    	; 0x2124 <main+0x1d8>
    24b4:	86 31       	cpi	r24, 0x16	; 22
    24b6:	14 f4       	brge	.+4      	; 0x24bc <main+0x570>
    24b8:	8e 50       	subi	r24, 0x0E	; 14
    24ba:	34 ce       	rjmp	.-920    	; 0x2124 <main+0x1d8>
    24bc:	86 31       	cpi	r24, 0x16	; 22
    24be:	11 f0       	breq	.+4      	; 0x24c4 <main+0x578>
main():
    24c0:	80 e0       	ldi	r24, 0x00	; 0
    24c2:	36 ce       	rjmp	.-916    	; 0x2130 <main+0x1e4>
    24c4:	80 e4       	ldi	r24, 0x40	; 64
    24c6:	34 ce       	rjmp	.-920    	; 0x2130 <main+0x1e4>
printFloat():
C:\Users\luci\AppData\Local\Arduino15\packages\MiniCore\hardware\avr\3.1.1\cores\MCUdude_corefiles/Print.cpp:258
  if (number > 4294967040.0) return print ("ovf");  // constant determined empirically
    24c8:	2f ef       	ldi	r18, 0xFF	; 255
    24ca:	3f ef       	ldi	r19, 0xFF	; 255
    24cc:	4f e7       	ldi	r20, 0x7F	; 127
    24ce:	5f e4       	ldi	r21, 0x4F	; 79
    24d0:	c5 01       	movw	r24, r10
    24d2:	b4 01       	movw	r22, r8
    24d4:	0e 94 eb 1e 	call	0x3dd6	; 0x3dd6 <__gesf2>
    24d8:	18 16       	cp	r1, r24
    24da:	1c f4       	brge	.+6      	; 0x24e2 <main+0x596>
write():
    24dc:	6a ef       	ldi	r22, 0xFA	; 250
    24de:	72 e0       	ldi	r23, 0x02	; 2
    24e0:	68 cf       	rjmp	.-304    	; 0x23b2 <main+0x466>
printFloat():
C:\Users\luci\AppData\Local\Arduino15\packages\MiniCore\hardware\avr\3.1.1\cores\MCUdude_corefiles/Print.cpp:259
  if (number <-4294967040.0) return print ("ovf");  // constant determined empirically
    24e2:	2f ef       	ldi	r18, 0xFF	; 255
    24e4:	3f ef       	ldi	r19, 0xFF	; 255
    24e6:	4f e7       	ldi	r20, 0x7F	; 127
    24e8:	5f ec       	ldi	r21, 0xCF	; 207
    24ea:	c5 01       	movw	r24, r10
    24ec:	b4 01       	movw	r22, r8
    24ee:	0e 94 69 1c 	call	0x38d2	; 0x38d2 <__cmpsf2>
    24f2:	87 fd       	sbrc	r24, 7
    24f4:	f3 cf       	rjmp	.-26     	; 0x24dc <main+0x590>
C:\Users\luci\AppData\Local\Arduino15\packages\MiniCore\hardware\avr\3.1.1\cores\MCUdude_corefiles/Print.cpp:262
  
  // Handle negative numbers
  if (number < 0.0)
    24f6:	20 e0       	ldi	r18, 0x00	; 0
    24f8:	30 e0       	ldi	r19, 0x00	; 0
    24fa:	a9 01       	movw	r20, r18
    24fc:	c5 01       	movw	r24, r10
    24fe:	b4 01       	movw	r22, r8
    2500:	0e 94 69 1c 	call	0x38d2	; 0x38d2 <__cmpsf2>
    2504:	87 ff       	sbrs	r24, 7
    2506:	6c c0       	rjmp	.+216    	; 0x25e0 <main+0x694>
print():
C:\Users\luci\AppData\Local\Arduino15\packages\MiniCore\hardware\avr\3.1.1\cores\MCUdude_corefiles/Print.cpp:69
  return write(str);
}

size_t Print::print(char c)
{
  return write(c);
    2508:	6d e2       	ldi	r22, 0x2D	; 45
    250a:	81 e4       	ldi	r24, 0x41	; 65
    250c:	94 e0       	ldi	r25, 0x04	; 4
    250e:	0e 94 ce 03 	call	0x79c	; 0x79c <HardwareSerial::write(unsigned char)>
printFloat():
C:\Users\luci\AppData\Local\Arduino15\packages\MiniCore\hardware\avr\3.1.1\cores\MCUdude_corefiles/Print.cpp:265
  
  // Handle negative numbers
  if (number < 0.0)
  {
     n += print('-');
     number = -number;
    2512:	c5 01       	movw	r24, r10
    2514:	b4 01       	movw	r22, r8
    2516:	90 58       	subi	r25, 0x80	; 128
C:\Users\luci\AppData\Local\Arduino15\packages\MiniCore\hardware\avr\3.1.1\cores\MCUdude_corefiles/Print.cpp:273
  // Round correctly so that print(1.999, 2) prints as "2.00"
  double rounding = 0.5;
  for (uint8_t i=0; i<digits; ++i)
    rounding /= 10.0;
  
  number += rounding;
    2518:	2a e0       	ldi	r18, 0x0A	; 10
    251a:	37 ed       	ldi	r19, 0xD7	; 215
    251c:	43 ea       	ldi	r20, 0xA3	; 163
    251e:	5b e3       	ldi	r21, 0x3B	; 59
    2520:	0e 94 d7 1d 	call	0x3bae	; 0x3bae <__addsf3>
    2524:	2b 01       	movw	r4, r22
    2526:	3c 01       	movw	r6, r24
C:\Users\luci\AppData\Local\Arduino15\packages\MiniCore\hardware\avr\3.1.1\cores\MCUdude_corefiles/Print.cpp:276

  // Extract the integer part of the number and print it
  unsigned long int_part = (unsigned long)number;
    2528:	0e 94 bc 1e 	call	0x3d78	; 0x3d78 <__fixunssfsi>
    252c:	c1 5f       	subi	r28, 0xF1	; 241
    252e:	de 4f       	sbci	r29, 0xFE	; 254
    2530:	68 83       	st	Y, r22
    2532:	79 83       	std	Y+1, r23	; 0x01
    2534:	8a 83       	std	Y+2, r24	; 0x02
    2536:	9b 83       	std	Y+3, r25	; 0x03
    2538:	cf 50       	subi	r28, 0x0F	; 15
    253a:	d1 40       	sbci	r29, 0x01	; 1
C:\Users\luci\AppData\Local\Arduino15\packages\MiniCore\hardware\avr\3.1.1\cores\MCUdude_corefiles/Print.cpp:277
  double remainder = number - (double)int_part;
    253c:	0e 94 6e 1c 	call	0x38dc	; 0x38dc <__floatunsisf>
    2540:	9b 01       	movw	r18, r22
    2542:	ac 01       	movw	r20, r24
    2544:	c3 01       	movw	r24, r6
    2546:	b2 01       	movw	r22, r4
    2548:	0e 94 d6 1d 	call	0x3bac	; 0x3bac <__subsf3>
    254c:	2b 01       	movw	r4, r22
    254e:	3c 01       	movw	r6, r24
print():
C:\Users\luci\AppData\Local\Arduino15\packages\MiniCore\hardware\avr\3.1.1\cores\MCUdude_corefiles/Print.cpp:106
}

size_t Print::print(unsigned long n, int base)
{
  if (base == 0) return write(n);
  else return printNumber(n, base);
    2550:	4a e0       	ldi	r20, 0x0A	; 10
    2552:	c1 5f       	subi	r28, 0xF1	; 241
    2554:	de 4f       	sbci	r29, 0xFE	; 254
    2556:	68 81       	ld	r22, Y
    2558:	79 81       	ldd	r23, Y+1	; 0x01
    255a:	8a 81       	ldd	r24, Y+2	; 0x02
    255c:	9b 81       	ldd	r25, Y+3	; 0x03
    255e:	cf 50       	subi	r28, 0x0F	; 15
    2560:	d1 40       	sbci	r29, 0x01	; 1
    2562:	0e 94 12 06 	call	0xc24	; 0xc24 <Print::printNumber(unsigned long, unsigned char) [clone .constprop.25]>
C:\Users\luci\AppData\Local\Arduino15\packages\MiniCore\hardware\avr\3.1.1\cores\MCUdude_corefiles/Print.cpp:69
  return write(str);
}

size_t Print::print(char c)
{
  return write(c);
    2566:	6e e2       	ldi	r22, 0x2E	; 46
    2568:	81 e4       	ldi	r24, 0x41	; 65
    256a:	94 e0       	ldi	r25, 0x04	; 4
    256c:	0e 94 ce 03 	call	0x79c	; 0x79c <HardwareSerial::write(unsigned char)>
printFloat():
C:\Users\luci\AppData\Local\Arduino15\packages\MiniCore\hardware\avr\3.1.1\cores\MCUdude_corefiles/Print.cpp:288
  }

  // Extract digits from the remainder one at a time
  while (digits-- > 0)
  {
    remainder *= 10.0;
    2570:	20 e0       	ldi	r18, 0x00	; 0
    2572:	30 e0       	ldi	r19, 0x00	; 0
    2574:	40 e2       	ldi	r20, 0x20	; 32
    2576:	51 e4       	ldi	r21, 0x41	; 65
    2578:	c3 01       	movw	r24, r6
    257a:	b2 01       	movw	r22, r4
    257c:	0e 94 cf 1c 	call	0x399e	; 0x399e <__mulsf3>
    2580:	c1 5f       	subi	r28, 0xF1	; 241
    2582:	de 4f       	sbci	r29, 0xFE	; 254
    2584:	68 83       	st	Y, r22
    2586:	79 83       	std	Y+1, r23	; 0x01
    2588:	8a 83       	std	Y+2, r24	; 0x02
    258a:	9b 83       	std	Y+3, r25	; 0x03
    258c:	cf 50       	subi	r28, 0x0F	; 15
    258e:	d1 40       	sbci	r29, 0x01	; 1
C:\Users\luci\AppData\Local\Arduino15\packages\MiniCore\hardware\avr\3.1.1\cores\MCUdude_corefiles/Print.cpp:289
    unsigned int toPrint = (unsigned int)(remainder);
    2590:	0e 94 bc 1e 	call	0x3d78	; 0x3d78 <__fixunssfsi>
print():
C:\Users\luci\AppData\Local\Arduino15\packages\MiniCore\hardware\avr\3.1.1\cores\MCUdude_corefiles/Print.cpp:84
  return print((long) n, base);
}

size_t Print::print(unsigned int n, int base)
{
  return print((unsigned long) n, base);
    2594:	2b 01       	movw	r4, r22
    2596:	71 2c       	mov	r7, r1
    2598:	61 2c       	mov	r6, r1
C:\Users\luci\AppData\Local\Arduino15\packages\MiniCore\hardware\avr\3.1.1\cores\MCUdude_corefiles/Print.cpp:106
}

size_t Print::print(unsigned long n, int base)
{
  if (base == 0) return write(n);
  else return printNumber(n, base);
    259a:	4a e0       	ldi	r20, 0x0A	; 10
    259c:	c3 01       	movw	r24, r6
    259e:	b2 01       	movw	r22, r4
    25a0:	0e 94 12 06 	call	0xc24	; 0xc24 <Print::printNumber(unsigned long, unsigned char) [clone .constprop.25]>
printFloat():
C:\Users\luci\AppData\Local\Arduino15\packages\MiniCore\hardware\avr\3.1.1\cores\MCUdude_corefiles/Print.cpp:291
  while (digits-- > 0)
  {
    remainder *= 10.0;
    unsigned int toPrint = (unsigned int)(remainder);
    n += print(toPrint);
    remainder -= toPrint; 
    25a4:	c3 01       	movw	r24, r6
    25a6:	b2 01       	movw	r22, r4
    25a8:	0e 94 6e 1c 	call	0x38dc	; 0x38dc <__floatunsisf>
    25ac:	9b 01       	movw	r18, r22
    25ae:	ac 01       	movw	r20, r24
    25b0:	c1 5f       	subi	r28, 0xF1	; 241
    25b2:	de 4f       	sbci	r29, 0xFE	; 254
    25b4:	68 81       	ld	r22, Y
    25b6:	79 81       	ldd	r23, Y+1	; 0x01
    25b8:	8a 81       	ldd	r24, Y+2	; 0x02
    25ba:	9b 81       	ldd	r25, Y+3	; 0x03
    25bc:	cf 50       	subi	r28, 0x0F	; 15
    25be:	d1 40       	sbci	r29, 0x01	; 1
    25c0:	0e 94 d6 1d 	call	0x3bac	; 0x3bac <__subsf3>
C:\Users\luci\AppData\Local\Arduino15\packages\MiniCore\hardware\avr\3.1.1\cores\MCUdude_corefiles/Print.cpp:288
  }

  // Extract digits from the remainder one at a time
  while (digits-- > 0)
  {
    remainder *= 10.0;
    25c4:	20 e0       	ldi	r18, 0x00	; 0
    25c6:	30 e0       	ldi	r19, 0x00	; 0
    25c8:	40 e2       	ldi	r20, 0x20	; 32
    25ca:	51 e4       	ldi	r21, 0x41	; 65
    25cc:	0e 94 cf 1c 	call	0x399e	; 0x399e <__mulsf3>
C:\Users\luci\AppData\Local\Arduino15\packages\MiniCore\hardware\avr\3.1.1\cores\MCUdude_corefiles/Print.cpp:289
    unsigned int toPrint = (unsigned int)(remainder);
    25d0:	0e 94 bc 1e 	call	0x3d78	; 0x3d78 <__fixunssfsi>
print():
C:\Users\luci\AppData\Local\Arduino15\packages\MiniCore\hardware\avr\3.1.1\cores\MCUdude_corefiles/Print.cpp:84
  return print((long) n, base);
}

size_t Print::print(unsigned int n, int base)
{
  return print((unsigned long) n, base);
    25d4:	90 e0       	ldi	r25, 0x00	; 0
    25d6:	80 e0       	ldi	r24, 0x00	; 0
C:\Users\luci\AppData\Local\Arduino15\packages\MiniCore\hardware\avr\3.1.1\cores\MCUdude_corefiles/Print.cpp:106
}

size_t Print::print(unsigned long n, int base)
{
  if (base == 0) return write(n);
  else return printNumber(n, base);
    25d8:	4a e0       	ldi	r20, 0x0A	; 10
    25da:	0e 94 12 06 	call	0xc24	; 0xc24 <Print::printNumber(unsigned long, unsigned char) [clone .constprop.25]>
    25de:	ed ce       	rjmp	.-550    	; 0x23ba <main+0x46e>
printFloat():
C:\Users\luci\AppData\Local\Arduino15\packages\MiniCore\hardware\avr\3.1.1\cores\MCUdude_corefiles/Print.cpp:262
  if (isinf(number)) return print("inf");
  if (number > 4294967040.0) return print ("ovf");  // constant determined empirically
  if (number <-4294967040.0) return print ("ovf");  // constant determined empirically
  
  // Handle negative numbers
  if (number < 0.0)
    25e0:	c5 01       	movw	r24, r10
    25e2:	b4 01       	movw	r22, r8
    25e4:	99 cf       	rjmp	.-206    	; 0x2518 <main+0x5cc>
GasAnalyse():
D:\projects\arduino\figaro\OnlineGasDetector_FIGARO/Figaro.ino:32
      if (figaroAnalogValue >= LedTreshold) {
        LedDebounceCount++;
        if (LedDebounceCount >= AlertDebounceThreshold)
          AlertIsActive = true;
      } else {
        LedDebounceCount = 0;
    25e6:	10 92 16 04 	sts	0x0416, r1	; 0x800416 <LedDebounceCount+0x1>
    25ea:	10 92 15 04 	sts	0x0415, r1	; 0x800415 <LedDebounceCount>
    25ee:	0b cf       	rjmp	.-490    	; 0x2406 <main+0x4ba>
D:\projects\arduino\figaro\OnlineGasDetector_FIGARO/Figaro.ino:35
      }
    } else {
      if (figaroAnalogValue < LedTreshold - HysteresisOffset)
    25f0:	20 e0       	ldi	r18, 0x00	; 0
    25f2:	30 e0       	ldi	r19, 0x00	; 0
    25f4:	46 e1       	ldi	r20, 0x16	; 22
    25f6:	53 e4       	ldi	r21, 0x43	; 67
    25f8:	c5 01       	movw	r24, r10
    25fa:	b4 01       	movw	r22, r8
    25fc:	0e 94 69 1c 	call	0x38d2	; 0x38d2 <__cmpsf2>
    2600:	87 ff       	sbrs	r24, 7
    2602:	01 cf       	rjmp	.-510    	; 0x2406 <main+0x4ba>
D:\projects\arduino\figaro\OnlineGasDetector_FIGARO/Figaro.ino:36
        AlertIsActive = false;
    2604:	10 92 26 04 	sts	0x0426, r1	; 0x800426 <AlertIsActive>
    2608:	fe ce       	rjmp	.-516    	; 0x2406 <main+0x4ba>
D:\projects\arduino\figaro\OnlineGasDetector_FIGARO/Figaro.ino:46
      if (figaroAnalogValue >= BuzzerThreshold) {
        BuzzerDebounceCount++;
        if (BuzzerDebounceCount >= AlertDebounceThreshold)
          BuzzerAlertIsActive = true;
      } else {
        BuzzerDebounceCount = 0;
    260a:	10 92 13 04 	sts	0x0413, r1	; 0x800413 <BuzzerDebounceCount+0x1>
    260e:	10 92 12 04 	sts	0x0412, r1	; 0x800412 <BuzzerDebounceCount>
    2612:	15 cf       	rjmp	.-470    	; 0x243e <main+0x4f2>
D:\projects\arduino\figaro\OnlineGasDetector_FIGARO/Figaro.ino:49
      }
    } else {
      if (figaroAnalogValue < BuzzerThreshold - HysteresisOffset)
    2614:	20 e0       	ldi	r18, 0x00	; 0
    2616:	30 e0       	ldi	r19, 0x00	; 0
    2618:	4a e7       	ldi	r20, 0x7A	; 122
    261a:	53 e4       	ldi	r21, 0x43	; 67
    261c:	c5 01       	movw	r24, r10
    261e:	b4 01       	movw	r22, r8
    2620:	0e 94 69 1c 	call	0x38d2	; 0x38d2 <__cmpsf2>
    2624:	87 ff       	sbrs	r24, 7
    2626:	0b cf       	rjmp	.-490    	; 0x243e <main+0x4f2>
D:\projects\arduino\figaro\OnlineGasDetector_FIGARO/Figaro.ino:50
        BuzzerAlertIsActive = false;
    2628:	10 92 14 04 	sts	0x0414, r1	; 0x800414 <BuzzerAlertIsActive>
    262c:	08 cf       	rjmp	.-496    	; 0x243e <main+0x4f2>
SendRequest():
D:\projects\arduino\figaro\OnlineGasDetector_FIGARO/SIM800L.ino:30
      return;
    }

    char smsTextBuf[50];
    if (isTestMode) {
      snprintf(smsTextBuf, sizeof(smsTextBuf), "Test alert. CO level: %d ppm", (int)COConcentration);
    262e:	7f 93       	push	r23
    2630:	6f 93       	push	r22
    2632:	8e ef       	ldi	r24, 0xFE	; 254
    2634:	92 e0       	ldi	r25, 0x02	; 2
D:\projects\arduino\figaro\OnlineGasDetector_FIGARO/SIM800L.ino:32
    } else {
      snprintf(smsTextBuf, sizeof(smsTextBuf), "ALARM! CO detected: %d ppm", (int)COConcentration);
    2636:	9f 93       	push	r25
    2638:	8f 93       	push	r24
    263a:	1f 92       	push	r1
    263c:	82 e3       	ldi	r24, 0x32	; 50
    263e:	8f 93       	push	r24
    2640:	df 92       	push	r13
    2642:	cf 92       	push	r12
    2644:	0e 94 3b 21 	call	0x4276	; 0x4276 <snprintf>
    2648:	0f b6       	in	r0, 0x3f	; 63
    264a:	f8 94       	cli
    264c:	de bf       	out	0x3e, r29	; 62
    264e:	0f be       	out	0x3f, r0	; 63
    2650:	cd bf       	out	0x3d, r28	; 61
D:\projects\arduino\figaro\OnlineGasDetector_FIGARO/SIM800L.ino:34
    }
    String smsText = String(smsTextBuf);
    2652:	b6 01       	movw	r22, r12
    2654:	ce 01       	movw	r24, r28
    2656:	87 5f       	subi	r24, 0xF7	; 247
    2658:	9e 4f       	sbci	r25, 0xFE	; 254
    265a:	0e 94 ba 07 	call	0xf74	; 0xf74 <String::String(char const*)>
D:\projects\arduino\figaro\OnlineGasDetector_FIGARO/SIM800L.ino:37

    // Шаг 1: SMS фиксированному номеру (с повторными попытками)
    if (!FixedSmsSent) {
    265e:	80 91 17 04 	lds	r24, 0x0417	; 0x800417 <FixedSmsSent>
    2662:	81 11       	cpse	r24, r1
    2664:	ef c0       	rjmp	.+478    	; 0x2844 <main+0x8f8>
D:\projects\arduino\figaro\OnlineGasDetector_FIGARO/SIM800L.ino:38
      InitSmsMode();
    2666:	0e 94 9f 0b 	call	0x173e	; 0x173e <InitSmsMode()>
main():
D:\projects\arduino\figaro\OnlineGasDetector_FIGARO/SIM800L.ino:39
      for (int attempt = 0; attempt < 3; attempt++) {
    266a:	b1 2c       	mov	r11, r1
    266c:	a1 2c       	mov	r10, r1
SendRequest():
D:\projects\arduino\figaro\OnlineGasDetector_FIGARO/SIM800L.ino:40
        if (SendSMS(smsText, String(fixedAlertPhone))) {
    266e:	60 e1       	ldi	r22, 0x10	; 16
    2670:	71 e0       	ldi	r23, 0x01	; 1
    2672:	c7 01       	movw	r24, r14
    2674:	0e 94 ba 07 	call	0xf74	; 0xf74 <String::String(char const*)>
    2678:	be 01       	movw	r22, r28
    267a:	67 5f       	subi	r22, 0xF7	; 247
    267c:	7e 4f       	sbci	r23, 0xFE	; 254
    267e:	c8 01       	movw	r24, r16
    2680:	0e 94 a0 07 	call	0xf40	; 0xf40 <String::String(String const&)>
    2684:	b7 01       	movw	r22, r14
    2686:	c8 01       	movw	r24, r16
    2688:	0e 94 84 0a 	call	0x1508	; 0x1508 <SendSMS(String, String)>
    268c:	88 2e       	mov	r8, r24
    268e:	c8 01       	movw	r24, r16
    2690:	0e 94 23 07 	call	0xe46	; 0xe46 <String::~String()>
    2694:	c7 01       	movw	r24, r14
    2696:	0e 94 23 07 	call	0xe46	; 0xe46 <String::~String()>
    269a:	88 20       	and	r8, r8
    269c:	09 f4       	brne	.+2      	; 0x26a0 <main+0x754>
    269e:	94 c0       	rjmp	.+296    	; 0x27c8 <main+0x87c>
D:\projects\arduino\figaro\OnlineGasDetector_FIGARO/SIM800L.ino:41
          FixedSmsSent = true;
    26a0:	81 e0       	ldi	r24, 0x01	; 1
    26a2:	80 93 17 04 	sts	0x0417, r24	; 0x800417 <FixedSmsSent>
D:\projects\arduino\figaro\OnlineGasDetector_FIGARO/SIM800L.ino:57
          delay(5000);
          while (SIM800L.available()) SIM800L.read();
        }
        InitSmsMode();
      }
      if (!FixedSmsSent) {
    26a6:	80 91 17 04 	lds	r24, 0x0417	; 0x800417 <FixedSmsSent>
    26aa:	81 11       	cpse	r24, r1
    26ac:	c5 c0       	rjmp	.+394    	; 0x2838 <main+0x8ec>
D:\projects\arduino\figaro\OnlineGasDetector_FIGARO/SIM800L.ino:59
        // Все попытки исчерпаны — попробуем в следующем цикле
        DeactivateGsmModulePower();
    26ae:	0e 94 2a 05 	call	0xa54	; 0xa54 <DeactivateGsmModulePower()>
D:\projects\arduino\figaro\OnlineGasDetector_FIGARO/SIM800L.ino:60
        return;
    26b2:	ce 01       	movw	r24, r28
    26b4:	87 5f       	subi	r24, 0xF7	; 247
    26b6:	9e 4f       	sbci	r25, 0xFE	; 254
    26b8:	0e 94 23 07 	call	0xe46	; 0xe46 <String::~String()>
loop():
D:\projects\arduino\figaro\OnlineGasDetector_FIGARO/OnlineGasDetector_FIGARO.ino:131
  }
  // Пинг сервера каждую минуту (только вне режима тревоги)
  if (tick(PingLastTickTime, PingWorkInterval)) {
    26bc:	40 e8       	ldi	r20, 0x80	; 128
    26be:	5e ee       	ldi	r21, 0xEE	; 238
    26c0:	66 e3       	ldi	r22, 0x36	; 54
    26c2:	70 e0       	ldi	r23, 0x00	; 0
    26c4:	8b e2       	ldi	r24, 0x2B	; 43
    26c6:	94 e0       	ldi	r25, 0x04	; 4
    26c8:	0e 94 5a 05 	call	0xab4	; 0xab4 <tick(unsigned long&, unsigned long)>
    26cc:	88 23       	and	r24, r24
    26ce:	59 f1       	breq	.+86     	; 0x2726 <main+0x7da>
SendPing():
D:\projects\arduino\figaro\OnlineGasDetector_FIGARO/SIM800L.ino:101
}

// Отправляет ping на сервер — сообщает что устройство живо.
// Пропускается если идёт тревога или модуль занят.
void SendPing() {
  if (NeedForSendRequest || AlertIsActive || TestAlertIsActive) return;
    26d0:	80 91 1c 04 	lds	r24, 0x041C	; 0x80041c <NeedForSendRequest>
    26d4:	81 11       	cpse	r24, r1
    26d6:	27 c0       	rjmp	.+78     	; 0x2726 <main+0x7da>
    26d8:	80 91 26 04 	lds	r24, 0x0426	; 0x800426 <AlertIsActive>
    26dc:	81 11       	cpse	r24, r1
    26de:	23 c0       	rjmp	.+70     	; 0x2726 <main+0x7da>
    26e0:	80 91 2f 04 	lds	r24, 0x042F	; 0x80042f <TestAlertIsActive>
    26e4:	81 11       	cpse	r24, r1
    26e6:	1f c0       	rjmp	.+62     	; 0x2726 <main+0x7da>
ActivateGsmModulePower():
D:\projects\arduino\figaro\OnlineGasDetector_FIGARO/SIM800L.ino:252

  return response.indexOf(F("+CMGS:")) >= 0 || response.indexOf(F("OK")) >= 0;
}

void ActivateGsmModulePower() {
  digitalWrite(MODEM_POWER_PIN, HIGH);
    26e8:	61 e0       	ldi	r22, 0x01	; 1
    26ea:	8c e0       	ldi	r24, 0x0C	; 12
    26ec:	0e 94 0c 02 	call	0x418	; 0x418 <digitalWrite>
SendPing():
D:\projects\arduino\figaro\OnlineGasDetector_FIGARO/SIM800L.ino:104
// Пропускается если идёт тревога или модуль занят.
void SendPing() {
  if (NeedForSendRequest || AlertIsActive || TestAlertIsActive) return;

  ActivateGsmModulePower();
  delay(3000);
    26f0:	68 eb       	ldi	r22, 0xB8	; 184
    26f2:	7b e0       	ldi	r23, 0x0B	; 11
    26f4:	80 e0       	ldi	r24, 0x00	; 0
    26f6:	90 e0       	ldi	r25, 0x00	; 0
    26f8:	0e 94 b9 02 	call	0x572	; 0x572 <delay>
    26fc:	85 e0       	ldi	r24, 0x05	; 5
    26fe:	a8 2e       	mov	r10, r24
    2700:	b1 2c       	mov	r11, r1
D:\projects\arduino\figaro\OnlineGasDetector_FIGARO/SIM800L.ino:108

  bool isHaveSignal = false;
  for (int i = 0; i < 5; i++) {
    if (GetSignalLevel() > 0) {
    2702:	0e 94 0b 0c 	call	0x1816	; 0x1816 <GetSignalLevel()>
    2706:	18 16       	cp	r1, r24
    2708:	19 06       	cpc	r1, r25
    270a:	0c f4       	brge	.+2      	; 0x270e <main+0x7c2>
    270c:	f7 c4       	rjmp	.+2542   	; 0x30fc <main+0x11b0>
D:\projects\arduino\figaro\OnlineGasDetector_FIGARO/SIM800L.ino:112
      isHaveSignal = true;
      break;
    }
    delay(1000);
    270e:	68 ee       	ldi	r22, 0xE8	; 232
    2710:	73 e0       	ldi	r23, 0x03	; 3
    2712:	80 e0       	ldi	r24, 0x00	; 0
    2714:	90 e0       	ldi	r25, 0x00	; 0
    2716:	0e 94 b9 02 	call	0x572	; 0x572 <delay>
    271a:	f1 e0       	ldi	r31, 0x01	; 1
    271c:	af 1a       	sub	r10, r31
    271e:	b1 08       	sbc	r11, r1
D:\projects\arduino\figaro\OnlineGasDetector_FIGARO/SIM800L.ino:107

  ActivateGsmModulePower();
  delay(3000);

  bool isHaveSignal = false;
  for (int i = 0; i < 5; i++) {
    2720:	81 f7       	brne	.-32     	; 0x2702 <main+0x7b6>
D:\projects\arduino\figaro\OnlineGasDetector_FIGARO/SIM800L.ino:144
    }
  }

  sendAtCommand(F("AT+HTTPTERM"), true);
  sendAtCommand(F("AT+SAPBR=0,1"), true);
  DeactivateGsmModulePower();
    2722:	0e 94 2a 05 	call	0xa54	; 0xa54 <DeactivateGsmModulePower()>
loop():
D:\projects\arduino\figaro\OnlineGasDetector_FIGARO/OnlineGasDetector_FIGARO.ino:135
    SendPing();
  }
  //Маргаем индикатором рабочего режима
  if (tick(AliveIndicatorLastTickTime, AliveIndicatorWorkInterval) && !AlertIsActive) {
    2726:	48 e8       	ldi	r20, 0x88	; 136
    2728:	53 e1       	ldi	r21, 0x13	; 19
    272a:	60 e0       	ldi	r22, 0x00	; 0
    272c:	70 e0       	ldi	r23, 0x00	; 0
    272e:	87 e2       	ldi	r24, 0x27	; 39
    2730:	94 e0       	ldi	r25, 0x04	; 4
    2732:	0e 94 5a 05 	call	0xab4	; 0xab4 <tick(unsigned long&, unsigned long)>
    2736:	88 23       	and	r24, r24
    2738:	91 f0       	breq	.+36     	; 0x275e <main+0x812>
    273a:	80 91 26 04 	lds	r24, 0x0426	; 0x800426 <AlertIsActive>
    273e:	81 11       	cpse	r24, r1
    2740:	0e c0       	rjmp	.+28     	; 0x275e <main+0x812>
D:\projects\arduino\figaro\OnlineGasDetector_FIGARO/OnlineGasDetector_FIGARO.ino:136
      digitalWrite(AliveLedPin, HIGH);
    2742:	61 e0       	ldi	r22, 0x01	; 1
    2744:	85 e0       	ldi	r24, 0x05	; 5
    2746:	0e 94 0c 02 	call	0x418	; 0x418 <digitalWrite>
D:\projects\arduino\figaro\OnlineGasDetector_FIGARO/OnlineGasDetector_FIGARO.ino:137
      delay(50);
    274a:	62 e3       	ldi	r22, 0x32	; 50
    274c:	70 e0       	ldi	r23, 0x00	; 0
    274e:	80 e0       	ldi	r24, 0x00	; 0
    2750:	90 e0       	ldi	r25, 0x00	; 0
    2752:	0e 94 b9 02 	call	0x572	; 0x572 <delay>
D:\projects\arduino\figaro\OnlineGasDetector_FIGARO/OnlineGasDetector_FIGARO.ino:138
      digitalWrite(AliveLedPin, LOW);
    2756:	60 e0       	ldi	r22, 0x00	; 0
    2758:	85 e0       	ldi	r24, 0x05	; 5
    275a:	0e 94 0c 02 	call	0x418	; 0x418 <digitalWrite>
D:\projects\arduino\figaro\OnlineGasDetector_FIGARO/OnlineGasDetector_FIGARO.ino:141
  }
  //Выключаем режим Mute, если Alert выключен
  if (!AlertIsActive) {
    275e:	80 91 26 04 	lds	r24, 0x0426	; 0x800426 <AlertIsActive>
    2762:	81 11       	cpse	r24, r1
    2764:	02 c0       	rjmp	.+4      	; 0x276a <main+0x81e>
D:\projects\arduino\figaro\OnlineGasDetector_FIGARO/OnlineGasDetector_FIGARO.ino:142
    Mute = false;
    2766:	10 92 25 04 	sts	0x0425, r1	; 0x800425 <Mute>
D:\projects\arduino\figaro\OnlineGasDetector_FIGARO/OnlineGasDetector_FIGARO.ino:145
  }
  // Сброс сторожевого таймера
  if (tick(WatchDogResetLastTickTime, WatchDogResetWorkInterval)) {
    276a:	40 ea       	ldi	r20, 0xA0	; 160
    276c:	5f e0       	ldi	r21, 0x0F	; 15
    276e:	60 e0       	ldi	r22, 0x00	; 0
    2770:	70 e0       	ldi	r23, 0x00	; 0
    2772:	81 e2       	ldi	r24, 0x21	; 33
    2774:	94 e0       	ldi	r25, 0x04	; 4
    2776:	0e 94 5a 05 	call	0xab4	; 0xab4 <tick(unsigned long&, unsigned long)>
    277a:	88 23       	and	r24, r24
    277c:	09 f0       	breq	.+2      	; 0x2780 <main+0x834>
D:\projects\arduino\figaro\OnlineGasDetector_FIGARO/OnlineGasDetector_FIGARO.ino:146
    wdt_reset();
    277e:	a8 95       	wdr
D:\projects\arduino\figaro\OnlineGasDetector_FIGARO/OnlineGasDetector_FIGARO.ino:149
  }
  // Перезагрузка каждый час (tick корректно обрабатывает переполнение millis)
  if (tick(RebootLastTickTime, ResetInterval) && !AlertIsActive && !TestAlertIsActive) {
    2780:	40 e8       	ldi	r20, 0x80	; 128
    2782:	5e ee       	ldi	r21, 0xEE	; 238
    2784:	66 e3       	ldi	r22, 0x36	; 54
    2786:	70 e0       	ldi	r23, 0x00	; 0
    2788:	8d e1       	ldi	r24, 0x1D	; 29
    278a:	94 e0       	ldi	r25, 0x04	; 4
    278c:	0e 94 5a 05 	call	0xab4	; 0xab4 <tick(unsigned long&, unsigned long)>
    2790:	88 23       	and	r24, r24
    2792:	69 f0       	breq	.+26     	; 0x27ae <main+0x862>
    2794:	80 91 26 04 	lds	r24, 0x0426	; 0x800426 <AlertIsActive>
    2798:	81 11       	cpse	r24, r1
    279a:	09 c0       	rjmp	.+18     	; 0x27ae <main+0x862>
    279c:	80 91 2f 04 	lds	r24, 0x042F	; 0x80042f <TestAlertIsActive>
    27a0:	81 11       	cpse	r24, r1
    27a2:	05 c0       	rjmp	.+10     	; 0x27ae <main+0x862>
D:\projects\arduino\figaro\OnlineGasDetector_FIGARO/OnlineGasDetector_FIGARO.ino:150
    RestartGsmModule();
    27a4:	0e 94 1c 05 	call	0xa38	; 0xa38 <RestartGsmModule()>
D:\projects\arduino\figaro\OnlineGasDetector_FIGARO/OnlineGasDetector_FIGARO.ino:151
    Reboot();
    27a8:	f0 e0       	ldi	r31, 0x00	; 0
    27aa:	e0 e0       	ldi	r30, 0x00	; 0
    27ac:	09 95       	icall
serialEventRun():
C:\Users\luci\AppData\Local\Arduino15\packages\MiniCore\hardware\avr\3.1.1\cores\MCUdude_corefiles/HardwareSerial.cpp:67
#endif

void serialEventRun(void)
{
#if defined(HAVE_HWSERIAL0)
  if (Serial0_available && serialEvent && Serial0_available()) serialEvent();
    27ae:	80 e0       	ldi	r24, 0x00	; 0
    27b0:	90 e0       	ldi	r25, 0x00	; 0
    27b2:	89 2b       	or	r24, r25
    27b4:	09 f4       	brne	.+2      	; 0x27b8 <main+0x86c>
    27b6:	71 cd       	rjmp	.-1310   	; 0x229a <main+0x34e>
    27b8:	0e 94 98 03 	call	0x730	; 0x730 <Serial0_available()>
    27bc:	88 23       	and	r24, r24
    27be:	09 f4       	brne	.+2      	; 0x27c2 <main+0x876>
    27c0:	65 cd       	rjmp	.-1334   	; 0x228c <main+0x340>
    27c2:	0e 94 00 00 	call	0	; 0x0 <__vectors>
    27c6:	62 cd       	rjmp	.-1340   	; 0x228c <main+0x340>
SendRequest():
D:\projects\arduino\figaro\OnlineGasDetector_FIGARO/SIM800L.ino:44
      for (int attempt = 0; attempt < 3; attempt++) {
        if (SendSMS(smsText, String(fixedAlertPhone))) {
          FixedSmsSent = true;
          break;
        }
        Serial.println(F("Retry fixed SMS..."));
    27c8:	60 ec       	ldi	r22, 0xC0	; 192
    27ca:	72 e0       	ldi	r23, 0x02	; 2
    27cc:	81 e4       	ldi	r24, 0x41	; 65
    27ce:	94 e0       	ldi	r25, 0x04	; 4
    27d0:	0e 94 88 06 	call	0xd10	; 0xd10 <Print::println(__FlashStringHelper const*)>
D:\projects\arduino\figaro\OnlineGasDetector_FIGARO/SIM800L.ino:45
        if (attempt == 0) {
    27d4:	a1 14       	cp	r10, r1
    27d6:	b1 04       	cpc	r11, r1
    27d8:	89 f4       	brne	.+34     	; 0x27fc <main+0x8b0>
D:\projects\arduino\figaro\OnlineGasDetector_FIGARO/SIM800L.ino:47
          // Первая попытка: просто сбрасываем буфер и переинициализируем
          delay(2000);
    27da:	60 ed       	ldi	r22, 0xD0	; 208
    27dc:	77 e0       	ldi	r23, 0x07	; 7
    27de:	80 e0       	ldi	r24, 0x00	; 0
    27e0:	90 e0       	ldi	r25, 0x00	; 0
    27e2:	0e 94 b9 02 	call	0x572	; 0x572 <delay>
D:\projects\arduino\figaro\OnlineGasDetector_FIGARO/SIM800L.ino:48
          while (SIM800L.available()) SIM800L.read();
    27e6:	84 ee       	ldi	r24, 0xE4	; 228
    27e8:	94 e0       	ldi	r25, 0x04	; 4
    27ea:	0e 94 b0 04 	call	0x960	; 0x960 <SoftwareSerial::available()>
    27ee:	89 2b       	or	r24, r25
    27f0:	c1 f0       	breq	.+48     	; 0x2822 <main+0x8d6>
    27f2:	84 ee       	ldi	r24, 0xE4	; 228
    27f4:	94 e0       	ldi	r25, 0x04	; 4
    27f6:	0e 94 c6 04 	call	0x98c	; 0x98c <SoftwareSerial::read()>
    27fa:	f5 cf       	rjmp	.-22     	; 0x27e6 <main+0x89a>
D:\projects\arduino\figaro\OnlineGasDetector_FIGARO/SIM800L.ino:51
        } else {
          // Вторая попытка: полный рестарт модуля
          RestartGsmModule();
    27fc:	0e 94 1c 05 	call	0xa38	; 0xa38 <RestartGsmModule()>
D:\projects\arduino\figaro\OnlineGasDetector_FIGARO/SIM800L.ino:52
          delay(5000);
    2800:	68 e8       	ldi	r22, 0x88	; 136
    2802:	73 e1       	ldi	r23, 0x13	; 19
    2804:	80 e0       	ldi	r24, 0x00	; 0
    2806:	90 e0       	ldi	r25, 0x00	; 0
    2808:	0e 94 b9 02 	call	0x572	; 0x572 <delay>
D:\projects\arduino\figaro\OnlineGasDetector_FIGARO/SIM800L.ino:53
          while (SIM800L.available()) SIM800L.read();
    280c:	84 ee       	ldi	r24, 0xE4	; 228
    280e:	94 e0       	ldi	r25, 0x04	; 4
    2810:	0e 94 b0 04 	call	0x960	; 0x960 <SoftwareSerial::available()>
    2814:	89 2b       	or	r24, r25
    2816:	29 f0       	breq	.+10     	; 0x2822 <main+0x8d6>
    2818:	84 ee       	ldi	r24, 0xE4	; 228
    281a:	94 e0       	ldi	r25, 0x04	; 4
    281c:	0e 94 c6 04 	call	0x98c	; 0x98c <SoftwareSerial::read()>
    2820:	f5 cf       	rjmp	.-22     	; 0x280c <main+0x8c0>
D:\projects\arduino\figaro\OnlineGasDetector_FIGARO/SIM800L.ino:55
        }
        InitSmsMode();
    2822:	0e 94 9f 0b 	call	0x173e	; 0x173e <InitSmsMode()>
D:\projects\arduino\figaro\OnlineGasDetector_FIGARO/SIM800L.ino:39
    String smsText = String(smsTextBuf);

    // Шаг 1: SMS фиксированному номеру (с повторными попытками)
    if (!FixedSmsSent) {
      InitSmsMode();
      for (int attempt = 0; attempt < 3; attempt++) {
    2826:	9f ef       	ldi	r25, 0xFF	; 255
    2828:	a9 1a       	sub	r10, r25
    282a:	b9 0a       	sbc	r11, r25
    282c:	e3 e0       	ldi	r30, 0x03	; 3
    282e:	ae 16       	cp	r10, r30
    2830:	b1 04       	cpc	r11, r1
    2832:	09 f0       	breq	.+2      	; 0x2836 <main+0x8ea>
    2834:	1c cf       	rjmp	.-456    	; 0x266e <main+0x722>
    2836:	37 cf       	rjmp	.-402    	; 0x26a6 <main+0x75a>
D:\projects\arduino\figaro\OnlineGasDetector_FIGARO/SIM800L.ino:62
      if (!FixedSmsSent) {
        // Все попытки исчерпаны — попробуем в следующем цикле
        DeactivateGsmModulePower();
        return;
      }
      delay(2000);
    2838:	60 ed       	ldi	r22, 0xD0	; 208
    283a:	77 e0       	ldi	r23, 0x07	; 7
    283c:	80 e0       	ldi	r24, 0x00	; 0
    283e:	90 e0       	ldi	r25, 0x00	; 0
    2840:	0e 94 b9 02 	call	0x572	; 0x572 <delay>
prepareSIM800LForSendRequest():
D:\projects\arduino\figaro\OnlineGasDetector_FIGARO/SIM800L.ino:328
  return response.length() > 0 && response.indexOf(F("ERROR")) == -1;
}

bool prepareSIM800LForSendRequest(bool isTestMode) {
  // Настройка GPRS bearer
  if (!isAtResponseOk(sendAtCommand(F("AT+SAPBR=3,1,\"CONTYPE\",\"GPRS\""), true))) return false;
    2844:	67 e2       	ldi	r22, 0x27	; 39
    2846:	72 e0       	ldi	r23, 0x02	; 2
    2848:	c7 01       	movw	r24, r14
    284a:	0e 94 43 08 	call	0x1086	; 0x1086 <String::String(__FlashStringHelper const*)>
    284e:	b7 01       	movw	r22, r14
    2850:	c8 01       	movw	r24, r16
    2852:	0e 94 2c 0a 	call	0x1458	; 0x1458 <sendAtCommand(String, bool) [clone .constprop.7]>
    2856:	c8 01       	movw	r24, r16
    2858:	0e 94 54 0a 	call	0x14a8	; 0x14a8 <isAtResponseOk(String)>
    285c:	b8 2e       	mov	r11, r24
    285e:	c8 01       	movw	r24, r16
    2860:	0e 94 23 07 	call	0xe46	; 0xe46 <String::~String()>
    2864:	c7 01       	movw	r24, r14
    2866:	0e 94 23 07 	call	0xe46	; 0xe46 <String::~String()>
    286a:	bb 20       	and	r11, r11
    286c:	09 f4       	brne	.+2      	; 0x2870 <main+0x924>
    286e:	f1 c0       	rjmp	.+482    	; 0x2a52 <main+0xb06>
D:\projects\arduino\figaro\OnlineGasDetector_FIGARO/SIM800L.ino:331
  // APN — без этого bearer не откроется после перезагрузки модуля
  char apnCmd[50];
  snprintf(apnCmd, sizeof(apnCmd), "AT+SAPBR=3,1,\"APN\",\"%s\"", apn);
    2870:	3f 92       	push	r3
    2872:	2f 92       	push	r2
    2874:	86 e3       	ldi	r24, 0x36	; 54
    2876:	93 e0       	ldi	r25, 0x03	; 3
    2878:	9f 93       	push	r25
    287a:	8f 93       	push	r24
    287c:	1f 92       	push	r1
    287e:	82 e3       	ldi	r24, 0x32	; 50
    2880:	8f 93       	push	r24
    2882:	ff 92       	push	r15
    2884:	ef 92       	push	r14
    2886:	0e 94 3b 21 	call	0x4276	; 0x4276 <snprintf>
D:\projects\arduino\figaro\OnlineGasDetector_FIGARO/SIM800L.ino:332
  if (!isAtResponseOk(sendAtCommand(String(apnCmd), true))) return false;
    288a:	b7 01       	movw	r22, r14
    288c:	c8 01       	movw	r24, r16
    288e:	0e 94 ba 07 	call	0xf74	; 0xf74 <String::String(char const*)>
    2892:	b8 01       	movw	r22, r16
    2894:	ce 01       	movw	r24, r28
    2896:	8b 51       	subi	r24, 0x1B	; 27
    2898:	9f 4f       	sbci	r25, 0xFF	; 255
    289a:	0e 94 2c 0a 	call	0x1458	; 0x1458 <sendAtCommand(String, bool) [clone .constprop.7]>
    289e:	ce 01       	movw	r24, r28
    28a0:	8b 51       	subi	r24, 0x1B	; 27
    28a2:	9f 4f       	sbci	r25, 0xFF	; 255
    28a4:	0e 94 54 0a 	call	0x14a8	; 0x14a8 <isAtResponseOk(String)>
    28a8:	b8 2e       	mov	r11, r24
    28aa:	ce 01       	movw	r24, r28
    28ac:	8b 51       	subi	r24, 0x1B	; 27
    28ae:	9f 4f       	sbci	r25, 0xFF	; 255
    28b0:	0e 94 23 07 	call	0xe46	; 0xe46 <String::~String()>
    28b4:	c8 01       	movw	r24, r16
    28b6:	0e 94 23 07 	call	0xe46	; 0xe46 <String::~String()>
    28ba:	0f b6       	in	r0, 0x3f	; 63
    28bc:	f8 94       	cli
    28be:	de bf       	out	0x3e, r29	; 62
    28c0:	0f be       	out	0x3f, r0	; 63
    28c2:	cd bf       	out	0x3d, r28	; 61
    28c4:	bb 20       	and	r11, r11
    28c6:	09 f4       	brne	.+2      	; 0x28ca <main+0x97e>
    28c8:	c4 c0       	rjmp	.+392    	; 0x2a52 <main+0xb06>
D:\projects\arduino\figaro\OnlineGasDetector_FIGARO/SIM800L.ino:335

  // Открытие bearer с таймаутом 30 сек (вместо 100 по умолчанию)
  Serial.println(F("--------"));
    28ca:	6e e1       	ldi	r22, 0x1E	; 30
    28cc:	72 e0       	ldi	r23, 0x02	; 2
    28ce:	81 e4       	ldi	r24, 0x41	; 65
    28d0:	94 e0       	ldi	r25, 0x04	; 4
    28d2:	0e 94 88 06 	call	0xd10	; 0xd10 <Print::println(__FlashStringHelper const*)>
D:\projects\arduino\figaro\OnlineGasDetector_FIGARO/SIM800L.ino:336
  Serial.println(F("AT+SAPBR=1,1"));
    28d6:	61 e1       	ldi	r22, 0x11	; 17
    28d8:	72 e0       	ldi	r23, 0x02	; 2
    28da:	81 e4       	ldi	r24, 0x41	; 65
    28dc:	94 e0       	ldi	r25, 0x04	; 4
    28de:	0e 94 88 06 	call	0xd10	; 0xd10 <Print::println(__FlashStringHelper const*)>
D:\projects\arduino\figaro\OnlineGasDetector_FIGARO/SIM800L.ino:337
  SIM800L.println(F("AT+SAPBR=1,1"));
    28e2:	64 e0       	ldi	r22, 0x04	; 4
    28e4:	72 e0       	ldi	r23, 0x02	; 2
    28e6:	84 ee       	ldi	r24, 0xE4	; 228
    28e8:	94 e0       	ldi	r25, 0x04	; 4
    28ea:	0e 94 88 06 	call	0xd10	; 0xd10 <Print::println(__FlashStringHelper const*)>
D:\projects\arduino\figaro\OnlineGasDetector_FIGARO/SIM800L.ino:338
  String sapbrResp = "";
    28ee:	6d e4       	ldi	r22, 0x4D	; 77
    28f0:	71 e0       	ldi	r23, 0x01	; 1
    28f2:	ce 01       	movw	r24, r28
    28f4:	8f 50       	subi	r24, 0x0F	; 15
    28f6:	9f 4f       	sbci	r25, 0xFF	; 255
    28f8:	0e 94 ba 07 	call	0xf74	; 0xf74 <String::String(char const*)>
    28fc:	38 e7       	ldi	r19, 0x78	; 120
    28fe:	a3 2e       	mov	r10, r19
    2900:	b1 2c       	mov	r11, r1
D:\projects\arduino\figaro\OnlineGasDetector_FIGARO/SIM800L.ino:340
  for (int w = 0; w < 120; w++) { // 120 × 250ms = 30 сек
    delay(250);
    2902:	6a ef       	ldi	r22, 0xFA	; 250
    2904:	70 e0       	ldi	r23, 0x00	; 0
    2906:	80 e0       	ldi	r24, 0x00	; 0
    2908:	90 e0       	ldi	r25, 0x00	; 0
    290a:	0e 94 b9 02 	call	0x572	; 0x572 <delay>
D:\projects\arduino\figaro\OnlineGasDetector_FIGARO/SIM800L.ino:341
    if (SIM800L.available()) {
    290e:	84 ee       	ldi	r24, 0xE4	; 228
    2910:	94 e0       	ldi	r25, 0x04	; 4
    2912:	0e 94 b0 04 	call	0x960	; 0x960 <SoftwareSerial::available()>
    2916:	89 2b       	or	r24, r25
    2918:	09 f4       	brne	.+2      	; 0x291c <main+0x9d0>
    291a:	c8 c0       	rjmp	.+400    	; 0x2aac <main+0xb60>
D:\projects\arduino\figaro\OnlineGasDetector_FIGARO/SIM800L.ino:342
      sapbrResp = SIM800L.readString();
    291c:	c8 01       	movw	r24, r16
    291e:	0e 94 cb 07 	call	0xf96	; 0xf96 <Stream::readString() [clone .constprop.10]>
operator=():
C:\Users\luci\AppData\Local\Arduino15\packages\MiniCore\hardware\avr\3.1.1\cores\MCUdude_corefiles/WString.cpp:228
}

#if __cplusplus >= 201103L || defined(__GXX_EXPERIMENTAL_CXX0X__)
String & String::operator = (String &&rval)
{
  if (this != &rval) move(rval);
    2922:	b8 01       	movw	r22, r16
    2924:	ce 01       	movw	r24, r28
    2926:	8f 50       	subi	r24, 0x0F	; 15
    2928:	9f 4f       	sbci	r25, 0xFF	; 255
    292a:	0e 94 d8 06 	call	0xdb0	; 0xdb0 <String::move(String&)>
prepareSIM800LForSendRequest():
D:\projects\arduino\figaro\OnlineGasDetector_FIGARO/SIM800L.ino:342
    292e:	c8 01       	movw	r24, r16
    2930:	0e 94 23 07 	call	0xe46	; 0xe46 <String::~String()>
D:\projects\arduino\figaro\OnlineGasDetector_FIGARO/SIM800L.ino:343
      Serial.println(sapbrResp);
    2934:	be 01       	movw	r22, r28
    2936:	6f 50       	subi	r22, 0x0F	; 15
    2938:	7f 4f       	sbci	r23, 0xFF	; 255
    293a:	81 e4       	ldi	r24, 0x41	; 65
    293c:	94 e0       	ldi	r25, 0x04	; 4
    293e:	0e 94 6b 06 	call	0xcd6	; 0xcd6 <Print::println(String const&)>
D:\projects\arduino\figaro\OnlineGasDetector_FIGARO/SIM800L.ino:347
      break;
    }
  }
  if (!isAtResponseOk(sapbrResp)) return false;
    2942:	be 01       	movw	r22, r28
    2944:	6f 50       	subi	r22, 0x0F	; 15
    2946:	7f 4f       	sbci	r23, 0xFF	; 255
    2948:	c8 01       	movw	r24, r16
    294a:	0e 94 a0 07 	call	0xf40	; 0xf40 <String::String(String const&)>
    294e:	c8 01       	movw	r24, r16
    2950:	0e 94 54 0a 	call	0x14a8	; 0x14a8 <isAtResponseOk(String)>
    2954:	b8 2e       	mov	r11, r24
    2956:	c8 01       	movw	r24, r16
    2958:	0e 94 23 07 	call	0xe46	; 0xe46 <String::~String()>
    295c:	bb 20       	and	r11, r11
    295e:	09 f4       	brne	.+2      	; 0x2962 <main+0xa16>
    2960:	71 c0       	rjmp	.+226    	; 0x2a44 <main+0xaf8>
D:\projects\arduino\figaro\OnlineGasDetector_FIGARO/SIM800L.ino:350

  // Закрываем предыдущую HTTP сессию если зависла
  sendAtCommand(F("AT+HTTPTERM"), true);
    2962:	68 ef       	ldi	r22, 0xF8	; 248
    2964:	71 e0       	ldi	r23, 0x01	; 1
    2966:	c8 01       	movw	r24, r16
    2968:	0e 94 43 08 	call	0x1086	; 0x1086 <String::String(__FlashStringHelper const*)>
    296c:	b8 01       	movw	r22, r16
    296e:	ce 01       	movw	r24, r28
    2970:	8b 51       	subi	r24, 0x1B	; 27
    2972:	9f 4f       	sbci	r25, 0xFF	; 255
    2974:	0e 94 2c 0a 	call	0x1458	; 0x1458 <sendAtCommand(String, bool) [clone .constprop.7]>
    2978:	ce 01       	movw	r24, r28
    297a:	8b 51       	subi	r24, 0x1B	; 27
    297c:	9f 4f       	sbci	r25, 0xFF	; 255
    297e:	0e 94 23 07 	call	0xe46	; 0xe46 <String::~String()>
    2982:	c8 01       	movw	r24, r16
    2984:	0e 94 23 07 	call	0xe46	; 0xe46 <String::~String()>
D:\projects\arduino\figaro\OnlineGasDetector_FIGARO/SIM800L.ino:351
  if (!isAtResponseOk(sendAtCommand(F("AT+HTTPINIT"), true))) {
    2988:	6c ee       	ldi	r22, 0xEC	; 236
    298a:	71 e0       	ldi	r23, 0x01	; 1
    298c:	c8 01       	movw	r24, r16
    298e:	0e 94 43 08 	call	0x1086	; 0x1086 <String::String(__FlashStringHelper const*)>
    2992:	b8 01       	movw	r22, r16
    2994:	ce 01       	movw	r24, r28
    2996:	8b 51       	subi	r24, 0x1B	; 27
    2998:	9f 4f       	sbci	r25, 0xFF	; 255
    299a:	0e 94 2c 0a 	call	0x1458	; 0x1458 <sendAtCommand(String, bool) [clone .constprop.7]>
    299e:	ce 01       	movw	r24, r28
    29a0:	8b 51       	subi	r24, 0x1B	; 27
    29a2:	9f 4f       	sbci	r25, 0xFF	; 255
    29a4:	0e 94 54 0a 	call	0x14a8	; 0x14a8 <isAtResponseOk(String)>
    29a8:	b8 2e       	mov	r11, r24
    29aa:	ce 01       	movw	r24, r28
    29ac:	8b 51       	subi	r24, 0x1B	; 27
    29ae:	9f 4f       	sbci	r25, 0xFF	; 255
    29b0:	0e 94 23 07 	call	0xe46	; 0xe46 <String::~String()>
    29b4:	c8 01       	movw	r24, r16
    29b6:	0e 94 23 07 	call	0xe46	; 0xe46 <String::~String()>
D:\projects\arduino\figaro\OnlineGasDetector_FIGARO/SIM800L.ino:352
    sendAtCommand(F("AT+SAPBR=0,1"), true); // закрываем bearer
    29ba:	6f ed       	ldi	r22, 0xDF	; 223
    29bc:	71 e0       	ldi	r23, 0x01	; 1
D:\projects\arduino\figaro\OnlineGasDetector_FIGARO/SIM800L.ino:351
  }
  if (!isAtResponseOk(sapbrResp)) return false;

  // Закрываем предыдущую HTTP сессию если зависла
  sendAtCommand(F("AT+HTTPTERM"), true);
  if (!isAtResponseOk(sendAtCommand(F("AT+HTTPINIT"), true))) {
    29be:	bb 20       	and	r11, r11
    29c0:	81 f1       	breq	.+96     	; 0x2a22 <main+0xad6>
D:\projects\arduino\figaro\OnlineGasDetector_FIGARO/SIM800L.ino:355
    sendAtCommand(F("AT+SAPBR=0,1"), true); // закрываем bearer
    return false;
  }
  if (!isAtResponseOk(sendAtCommand(F("AT+HTTPPARA=\"CID\",1"), true))) {
    29c2:	6b ec       	ldi	r22, 0xCB	; 203
    29c4:	71 e0       	ldi	r23, 0x01	; 1
    29c6:	c8 01       	movw	r24, r16
    29c8:	0e 94 43 08 	call	0x1086	; 0x1086 <String::String(__FlashStringHelper const*)>
    29cc:	b8 01       	movw	r22, r16
    29ce:	ce 01       	movw	r24, r28
    29d0:	8b 51       	subi	r24, 0x1B	; 27
    29d2:	9f 4f       	sbci	r25, 0xFF	; 255
    29d4:	0e 94 2c 0a 	call	0x1458	; 0x1458 <sendAtCommand(String, bool) [clone .constprop.7]>
    29d8:	ce 01       	movw	r24, r28
    29da:	8b 51       	subi	r24, 0x1B	; 27
    29dc:	9f 4f       	sbci	r25, 0xFF	; 255
    29de:	0e 94 54 0a 	call	0x14a8	; 0x14a8 <isAtResponseOk(String)>
    29e2:	b8 2e       	mov	r11, r24
    29e4:	ce 01       	movw	r24, r28
    29e6:	8b 51       	subi	r24, 0x1B	; 27
    29e8:	9f 4f       	sbci	r25, 0xFF	; 255
    29ea:	0e 94 23 07 	call	0xe46	; 0xe46 <String::~String()>
    29ee:	c8 01       	movw	r24, r16
    29f0:	0e 94 23 07 	call	0xe46	; 0xe46 <String::~String()>
    29f4:	b1 10       	cpse	r11, r1
    29f6:	60 c0       	rjmp	.+192    	; 0x2ab8 <main+0xb6c>
D:\projects\arduino\figaro\OnlineGasDetector_FIGARO/SIM800L.ino:356
    sendAtCommand(F("AT+HTTPTERM"), true);
    29f8:	6f eb       	ldi	r22, 0xBF	; 191
    29fa:	71 e0       	ldi	r23, 0x01	; 1
    29fc:	c8 01       	movw	r24, r16
    29fe:	0e 94 43 08 	call	0x1086	; 0x1086 <String::String(__FlashStringHelper const*)>
    2a02:	b8 01       	movw	r22, r16
    2a04:	ce 01       	movw	r24, r28
    2a06:	8b 51       	subi	r24, 0x1B	; 27
    2a08:	9f 4f       	sbci	r25, 0xFF	; 255
    2a0a:	0e 94 2c 0a 	call	0x1458	; 0x1458 <sendAtCommand(String, bool) [clone .constprop.7]>
    2a0e:	ce 01       	movw	r24, r28
    2a10:	8b 51       	subi	r24, 0x1B	; 27
    2a12:	9f 4f       	sbci	r25, 0xFF	; 255
    2a14:	0e 94 23 07 	call	0xe46	; 0xe46 <String::~String()>
    2a18:	c8 01       	movw	r24, r16
    2a1a:	0e 94 23 07 	call	0xe46	; 0xe46 <String::~String()>
D:\projects\arduino\figaro\OnlineGasDetector_FIGARO/SIM800L.ino:357
    sendAtCommand(F("AT+SAPBR=0,1"), true);
    2a1e:	62 eb       	ldi	r22, 0xB2	; 178
    2a20:	71 e0       	ldi	r23, 0x01	; 1
    2a22:	c8 01       	movw	r24, r16
    2a24:	0e 94 43 08 	call	0x1086	; 0x1086 <String::String(__FlashStringHelper const*)>
    2a28:	b8 01       	movw	r22, r16
    2a2a:	ce 01       	movw	r24, r28
    2a2c:	8b 51       	subi	r24, 0x1B	; 27
    2a2e:	9f 4f       	sbci	r25, 0xFF	; 255
    2a30:	0e 94 2c 0a 	call	0x1458	; 0x1458 <sendAtCommand(String, bool) [clone .constprop.7]>
    2a34:	ce 01       	movw	r24, r28
    2a36:	8b 51       	subi	r24, 0x1B	; 27
    2a38:	9f 4f       	sbci	r25, 0xFF	; 255
    2a3a:	0e 94 23 07 	call	0xe46	; 0xe46 <String::~String()>
    2a3e:	c8 01       	movw	r24, r16
D:\projects\arduino\figaro\OnlineGasDetector_FIGARO/SIM800L.ino:368
  snprintf(urlCmd, sizeof(urlCmd),
    "AT+HTTPPARA=\"URL\",\"%s:%d/msg/add?device_id=%s&message_type=%c&ppm=%d\"",
    server.c_str(), port, deviceId.c_str(), msgType, (int)COConcentration);
  if (!isAtResponseOk(sendAtCommand(String(urlCmd), true))) {
    sendAtCommand(F("AT+HTTPTERM"), true);
    sendAtCommand(F("AT+SAPBR=0,1"), true);
    2a40:	0e 94 23 07 	call	0xe46	; 0xe46 <String::~String()>
D:\projects\arduino\figaro\OnlineGasDetector_FIGARO/SIM800L.ino:338

  // Открытие bearer с таймаутом 30 сек (вместо 100 по умолчанию)
  Serial.println(F("--------"));
  Serial.println(F("AT+SAPBR=1,1"));
  SIM800L.println(F("AT+SAPBR=1,1"));
  String sapbrResp = "";
    2a44:	ce 01       	movw	r24, r28
    2a46:	8f 50       	subi	r24, 0x0F	; 15
    2a48:	9f 4f       	sbci	r25, 0xFF	; 255
    2a4a:	0e 94 23 07 	call	0xe46	; 0xe46 <String::~String()>
SendRequestToServer():
D:\projects\arduino\figaro\OnlineGasDetector_FIGARO/SIM800L.ino:301
  if (signalLevel == 99) return 0;
  return signalLevel;
}

String SendRequestToServer(bool isTestMode) {
  if (!prepareSIM800LForSendRequest(isTestMode)) {
    2a4e:	b1 10       	cpse	r11, r1
    2a50:	b8 c0       	rjmp	.+368    	; 0x2bc2 <main+0xc76>
D:\projects\arduino\figaro\OnlineGasDetector_FIGARO/SIM800L.ino:303
    // prepareSIM800LForSendRequest сам закрывает GPRS/HTTP при ошибке
    return "";
    2a52:	6d e4       	ldi	r22, 0x4D	; 77
    2a54:	71 e0       	ldi	r23, 0x01	; 1
    2a56:	ce 01       	movw	r24, r28
    2a58:	8d 5f       	subi	r24, 0xFD	; 253
    2a5a:	9e 4f       	sbci	r25, 0xFE	; 254
    2a5c:	0e 94 ba 07 	call	0xf74	; 0xf74 <String::String(char const*)>
SendRequest():
D:\projects\arduino\figaro\OnlineGasDetector_FIGARO/SIM800L.ino:67
      delay(2000);
    }

    // Шаг 2: HTTP запрос на сервер (внутри открывается и закрывается GPRS)
    String ServerResponse = SendRequestToServer(isTestMode);
    Serial.println(ServerResponse);
    2a60:	be 01       	movw	r22, r28
    2a62:	6d 5f       	subi	r22, 0xFD	; 253
    2a64:	7e 4f       	sbci	r23, 0xFE	; 254
    2a66:	81 e4       	ldi	r24, 0x41	; 65
    2a68:	94 e0       	ldi	r25, 0x04	; 4
    2a6a:	0e 94 6b 06 	call	0xcd6	; 0xcd6 <Print::println(String const&)>
equals():
C:\Users\luci\AppData\Local\Arduino15\packages\MiniCore\hardware\avr\3.1.1\cores\MCUdude_corefiles/WString.cpp:452
  return (len == s2.len && compareTo(s2) == 0);
}

unsigned char String::equals(const char *cstr) const
{
  if (len == 0) return (cstr == NULL || *cstr == 0);
    2a6e:	c9 5f       	subi	r28, 0xF9	; 249
    2a70:	de 4f       	sbci	r29, 0xFE	; 254
    2a72:	88 81       	ld	r24, Y
    2a74:	99 81       	ldd	r25, Y+1	; 0x01
    2a76:	c7 50       	subi	r28, 0x07	; 7
    2a78:	d1 40       	sbci	r29, 0x01	; 1
    2a7a:	89 2b       	or	r24, r25
    2a7c:	49 f0       	breq	.+18     	; 0x2a90 <main+0xb44>
C:\Users\luci\AppData\Local\Arduino15\packages\MiniCore\hardware\avr\3.1.1\cores\MCUdude_corefiles/WString.cpp:454
  if (cstr == NULL) return buffer[0] == 0;
  return strcmp(buffer, cstr) == 0;
    2a7e:	cd 5f       	subi	r28, 0xFD	; 253
    2a80:	de 4f       	sbci	r29, 0xFE	; 254
    2a82:	e8 81       	ld	r30, Y
    2a84:	f9 81       	ldd	r31, Y+1	; 0x01
    2a86:	c3 50       	subi	r28, 0x03	; 3
    2a88:	d1 40       	sbci	r29, 0x01	; 1
SendRequest():
D:\projects\arduino\figaro\OnlineGasDetector_FIGARO/SIM800L.ino:68
    if (ServerResponse == "") {
    2a8a:	80 81       	ld	r24, Z
    2a8c:	81 11       	cpse	r24, r1
    2a8e:	60 c1       	rjmp	.+704    	; 0x2d50 <main+0xe04>
D:\projects\arduino\figaro\OnlineGasDetector_FIGARO/SIM800L.ino:69
      Serial.println(F("Failed to send http request"));
    2a90:	64 ea       	ldi	r22, 0xA4	; 164
    2a92:	72 e0       	ldi	r23, 0x02	; 2
    2a94:	81 e4       	ldi	r24, 0x41	; 65
    2a96:	94 e0       	ldi	r25, 0x04	; 4
    2a98:	0e 94 88 06 	call	0xd10	; 0xd10 <Print::println(__FlashStringHelper const*)>
D:\projects\arduino\figaro\OnlineGasDetector_FIGARO/SIM800L.ino:71
      // FixedSmsSent остаётся true — в следующем цикле начнём сразу с HTTP
      DeactivateGsmModulePower();
    2a9c:	0e 94 2a 05 	call	0xa54	; 0xa54 <DeactivateGsmModulePower()>
D:\projects\arduino\figaro\OnlineGasDetector_FIGARO/SIM800L.ino:66
      }
      delay(2000);
    }

    // Шаг 2: HTTP запрос на сервер (внутри открывается и закрывается GPRS)
    String ServerResponse = SendRequestToServer(isTestMode);
    2aa0:	ce 01       	movw	r24, r28
    2aa2:	8d 5f       	subi	r24, 0xFD	; 253
    2aa4:	9e 4f       	sbci	r25, 0xFE	; 254
    2aa6:	0e 94 23 07 	call	0xe46	; 0xe46 <String::~String()>
    2aaa:	03 ce       	rjmp	.-1018   	; 0x26b2 <main+0x766>
    2aac:	91 e0       	ldi	r25, 0x01	; 1
    2aae:	a9 1a       	sub	r10, r25
    2ab0:	b1 08       	sbc	r11, r1
prepareSIM800LForSendRequest():
D:\projects\arduino\figaro\OnlineGasDetector_FIGARO/SIM800L.ino:339
  // Открытие bearer с таймаутом 30 сек (вместо 100 по умолчанию)
  Serial.println(F("--------"));
  Serial.println(F("AT+SAPBR=1,1"));
  SIM800L.println(F("AT+SAPBR=1,1"));
  String sapbrResp = "";
  for (int w = 0; w < 120; w++) { // 120 × 250ms = 30 сек
    2ab2:	09 f0       	breq	.+2      	; 0x2ab6 <main+0xb6a>
    2ab4:	26 cf       	rjmp	.-436    	; 0x2902 <main+0x9b6>
    2ab6:	45 cf       	rjmp	.-374    	; 0x2942 <main+0x9f6>
main():
D:\projects\arduino\figaro\OnlineGasDetector_FIGARO/SIM800L.ino:362
    sendAtCommand(F("AT+SAPBR=0,1"), true);
    return false;
  }

  char urlCmd[128];
  char msgType = isTestMode ? '3' : '2';
    2ab8:	23 e3       	ldi	r18, 0x33	; 51
    2aba:	b2 2e       	mov	r11, r18
prepareSIM800LForSendRequest():
    2abc:	91 10       	cpse	r9, r1
    2abe:	02 c0       	rjmp	.+4      	; 0x2ac4 <main+0xb78>
main():
    2ac0:	92 e3       	ldi	r25, 0x32	; 50
    2ac2:	b9 2e       	mov	r11, r25
prepareSIM800LForSendRequest():
D:\projects\arduino\figaro\OnlineGasDetector_FIGARO/SIM800L.ino:363
  snprintf(urlCmd, sizeof(urlCmd),
    2ac4:	60 91 18 04 	lds	r22, 0x0418	; 0x800418 <COConcentration>
    2ac8:	70 91 19 04 	lds	r23, 0x0419	; 0x800419 <COConcentration+0x1>
    2acc:	80 91 1a 04 	lds	r24, 0x041A	; 0x80041a <COConcentration+0x2>
    2ad0:	90 91 1b 04 	lds	r25, 0x041B	; 0x80041b <COConcentration+0x3>
    2ad4:	0e 94 b5 1e 	call	0x3d6a	; 0x3d6a <__fixsfsi>
    2ad8:	7f 93       	push	r23
    2ada:	6f 93       	push	r22
    2adc:	1f 92       	push	r1
    2ade:	bf 92       	push	r11
    2ae0:	80 91 04 05 	lds	r24, 0x0504	; 0x800504 <deviceId+0x1>
    2ae4:	8f 93       	push	r24
    2ae6:	80 91 03 05 	lds	r24, 0x0503	; 0x800503 <deviceId>
    2aea:	8f 93       	push	r24
    2aec:	8f e1       	ldi	r24, 0x1F	; 31
    2aee:	8f 93       	push	r24
    2af0:	80 e9       	ldi	r24, 0x90	; 144
    2af2:	8f 93       	push	r24
    2af4:	80 91 df 04 	lds	r24, 0x04DF	; 0x8004df <server+0x1>
    2af8:	8f 93       	push	r24
    2afa:	80 91 de 04 	lds	r24, 0x04DE	; 0x8004de <server>
    2afe:	8f 93       	push	r24
    2b00:	8e e4       	ldi	r24, 0x4E	; 78
    2b02:	93 e0       	ldi	r25, 0x03	; 3
    2b04:	9f 93       	push	r25
    2b06:	8f 93       	push	r24
    2b08:	1f 92       	push	r1
    2b0a:	80 e8       	ldi	r24, 0x80	; 128
    2b0c:	8f 93       	push	r24
    2b0e:	1f 93       	push	r17
    2b10:	0f 93       	push	r16
    2b12:	0e 94 3b 21 	call	0x4276	; 0x4276 <snprintf>
D:\projects\arduino\figaro\OnlineGasDetector_FIGARO/SIM800L.ino:366
    "AT+HTTPPARA=\"URL\",\"%s:%d/msg/add?device_id=%s&message_type=%c&ppm=%d\"",
    server.c_str(), port, deviceId.c_str(), msgType, (int)COConcentration);
  if (!isAtResponseOk(sendAtCommand(String(urlCmd), true))) {
    2b16:	b8 01       	movw	r22, r16
    2b18:	ce 01       	movw	r24, r28
    2b1a:	8b 51       	subi	r24, 0x1B	; 27
    2b1c:	9f 4f       	sbci	r25, 0xFF	; 255
    2b1e:	0e 94 ba 07 	call	0xf74	; 0xf74 <String::String(char const*)>
    2b22:	be 01       	movw	r22, r28
    2b24:	6b 51       	subi	r22, 0x1B	; 27
    2b26:	7f 4f       	sbci	r23, 0xFF	; 255
    2b28:	ce 01       	movw	r24, r28
    2b2a:	85 51       	subi	r24, 0x15	; 21
    2b2c:	9f 4f       	sbci	r25, 0xFF	; 255
    2b2e:	0e 94 2c 0a 	call	0x1458	; 0x1458 <sendAtCommand(String, bool) [clone .constprop.7]>
    2b32:	ce 01       	movw	r24, r28
    2b34:	85 51       	subi	r24, 0x15	; 21
    2b36:	9f 4f       	sbci	r25, 0xFF	; 255
    2b38:	0e 94 54 0a 	call	0x14a8	; 0x14a8 <isAtResponseOk(String)>
    2b3c:	b8 2e       	mov	r11, r24
    2b3e:	ce 01       	movw	r24, r28
    2b40:	85 51       	subi	r24, 0x15	; 21
    2b42:	9f 4f       	sbci	r25, 0xFF	; 255
    2b44:	0e 94 23 07 	call	0xe46	; 0xe46 <String::~String()>
    2b48:	ce 01       	movw	r24, r28
    2b4a:	8b 51       	subi	r24, 0x1B	; 27
    2b4c:	9f 4f       	sbci	r25, 0xFF	; 255
    2b4e:	0e 94 23 07 	call	0xe46	; 0xe46 <String::~String()>
    2b52:	0f b6       	in	r0, 0x3f	; 63
    2b54:	f8 94       	cli
    2b56:	de bf       	out	0x3e, r29	; 62
    2b58:	0f be       	out	0x3f, r0	; 63
    2b5a:	cd bf       	out	0x3d, r28	; 61
    2b5c:	b1 10       	cpse	r11, r1
    2b5e:	72 cf       	rjmp	.-284    	; 0x2a44 <main+0xaf8>
D:\projects\arduino\figaro\OnlineGasDetector_FIGARO/SIM800L.ino:367
    sendAtCommand(F("AT+HTTPTERM"), true);
    2b60:	66 ea       	ldi	r22, 0xA6	; 166
    2b62:	71 e0       	ldi	r23, 0x01	; 1
    2b64:	ce 01       	movw	r24, r28
    2b66:	8b 51       	subi	r24, 0x1B	; 27
    2b68:	9f 4f       	sbci	r25, 0xFF	; 255
    2b6a:	0e 94 43 08 	call	0x1086	; 0x1086 <String::String(__FlashStringHelper const*)>
    2b6e:	be 01       	movw	r22, r28
    2b70:	6b 51       	subi	r22, 0x1B	; 27
    2b72:	7f 4f       	sbci	r23, 0xFF	; 255
    2b74:	ce 01       	movw	r24, r28
    2b76:	85 51       	subi	r24, 0x15	; 21
    2b78:	9f 4f       	sbci	r25, 0xFF	; 255
    2b7a:	0e 94 2c 0a 	call	0x1458	; 0x1458 <sendAtCommand(String, bool) [clone .constprop.7]>
    2b7e:	ce 01       	movw	r24, r28
    2b80:	85 51       	subi	r24, 0x15	; 21
    2b82:	9f 4f       	sbci	r25, 0xFF	; 255
    2b84:	0e 94 23 07 	call	0xe46	; 0xe46 <String::~String()>
    2b88:	ce 01       	movw	r24, r28
    2b8a:	8b 51       	subi	r24, 0x1B	; 27
    2b8c:	9f 4f       	sbci	r25, 0xFF	; 255
    2b8e:	0e 94 23 07 	call	0xe46	; 0xe46 <String::~String()>
D:\projects\arduino\figaro\OnlineGasDetector_FIGARO/SIM800L.ino:368
    sendAtCommand(F("AT+SAPBR=0,1"), true);
    2b92:	69 e9       	ldi	r22, 0x99	; 153
    2b94:	71 e0       	ldi	r23, 0x01	; 1
    2b96:	ce 01       	movw	r24, r28
    2b98:	8b 51       	subi	r24, 0x1B	; 27
    2b9a:	9f 4f       	sbci	r25, 0xFF	; 255
    2b9c:	0e 94 43 08 	call	0x1086	; 0x1086 <String::String(__FlashStringHelper const*)>
    2ba0:	be 01       	movw	r22, r28
    2ba2:	6b 51       	subi	r22, 0x1B	; 27
    2ba4:	7f 4f       	sbci	r23, 0xFF	; 255
    2ba6:	ce 01       	movw	r24, r28
    2ba8:	85 51       	subi	r24, 0x15	; 21
    2baa:	9f 4f       	sbci	r25, 0xFF	; 255
    2bac:	0e 94 2c 0a 	call	0x1458	; 0x1458 <sendAtCommand(String, bool) [clone .constprop.7]>
    2bb0:	ce 01       	movw	r24, r28
    2bb2:	85 51       	subi	r24, 0x15	; 21
    2bb4:	9f 4f       	sbci	r25, 0xFF	; 255
    2bb6:	0e 94 23 07 	call	0xe46	; 0xe46 <String::~String()>
    2bba:	ce 01       	movw	r24, r28
    2bbc:	8b 51       	subi	r24, 0x1B	; 27
    2bbe:	9f 4f       	sbci	r25, 0xFF	; 255
    2bc0:	3f cf       	rjmp	.-386    	; 0x2a40 <main+0xaf4>
SendRequestToServer():
D:\projects\arduino\figaro\OnlineGasDetector_FIGARO/SIM800L.ino:305
String SendRequestToServer(bool isTestMode) {
  if (!prepareSIM800LForSendRequest(isTestMode)) {
    // prepareSIM800LForSendRequest сам закрывает GPRS/HTTP при ошибке
    return "";
  }
  String httpInitresult = sendAtCommand(F("AT+HTTPACTION=0"), true);
    2bc2:	6c e8       	ldi	r22, 0x8C	; 140
    2bc4:	72 e0       	ldi	r23, 0x02	; 2
    2bc6:	c8 01       	movw	r24, r16
    2bc8:	0e 94 43 08 	call	0x1086	; 0x1086 <String::String(__FlashStringHelper const*)>
    2bcc:	b8 01       	movw	r22, r16
    2bce:	ce 01       	movw	r24, r28
    2bd0:	85 51       	subi	r24, 0x15	; 21
    2bd2:	9f 4f       	sbci	r25, 0xFF	; 255
    2bd4:	0e 94 2c 0a 	call	0x1458	; 0x1458 <sendAtCommand(String, bool) [clone .constprop.7]>
    2bd8:	c8 01       	movw	r24, r16
    2bda:	0e 94 23 07 	call	0xe46	; 0xe46 <String::~String()>
D:\projects\arduino\figaro\OnlineGasDetector_FIGARO/SIM800L.ino:306
  if (httpInitresult.indexOf(F("OK")) >= 0 && httpInitresult.indexOf(F("DEACT")) == -1) {
    2bde:	69 e8       	ldi	r22, 0x89	; 137
    2be0:	72 e0       	ldi	r23, 0x02	; 2
    2be2:	c8 01       	movw	r24, r16
    2be4:	0e 94 43 08 	call	0x1086	; 0x1086 <String::String(__FlashStringHelper const*)>
    2be8:	b8 01       	movw	r22, r16
    2bea:	ce 01       	movw	r24, r28
    2bec:	85 51       	subi	r24, 0x15	; 21
    2bee:	9f 4f       	sbci	r25, 0xFF	; 255
    2bf0:	0e 94 b8 06 	call	0xd70	; 0xd70 <String::indexOf(String const&) const>
main():
    2bf4:	b1 2c       	mov	r11, r1
SendRequestToServer():
    2bf6:	97 fd       	sbrc	r25, 7
    2bf8:	13 c0       	rjmp	.+38     	; 0x2c20 <main+0xcd4>
    2bfa:	63 e8       	ldi	r22, 0x83	; 131
    2bfc:	72 e0       	ldi	r23, 0x02	; 2
    2bfe:	c7 01       	movw	r24, r14
    2c00:	0e 94 43 08 	call	0x1086	; 0x1086 <String::String(__FlashStringHelper const*)>
    2c04:	b7 01       	movw	r22, r14
    2c06:	ce 01       	movw	r24, r28
    2c08:	85 51       	subi	r24, 0x15	; 21
    2c0a:	9f 4f       	sbci	r25, 0xFF	; 255
    2c0c:	0e 94 b8 06 	call	0xd70	; 0xd70 <String::indexOf(String const&) const>
    2c10:	bb 24       	eor	r11, r11
    2c12:	b3 94       	inc	r11
    2c14:	01 96       	adiw	r24, 0x01	; 1
    2c16:	09 f0       	breq	.+2      	; 0x2c1a <main+0xcce>
    2c18:	b1 2c       	mov	r11, r1
    2c1a:	c7 01       	movw	r24, r14
    2c1c:	0e 94 23 07 	call	0xe46	; 0xe46 <String::~String()>
    2c20:	c8 01       	movw	r24, r16
    2c22:	0e 94 23 07 	call	0xe46	; 0xe46 <String::~String()>
    2c26:	bb 20       	and	r11, r11
    2c28:	09 f4       	brne	.+2      	; 0x2c2c <main+0xce0>
    2c2a:	6c c0       	rjmp	.+216    	; 0x2d04 <main+0xdb8>
D:\projects\arduino\figaro\OnlineGasDetector_FIGARO/SIM800L.ino:307
    if (waitAtAnswer().indexOf("200,") >= 0) {
    2c2c:	c8 01       	movw	r24, r16
    2c2e:	0e 94 71 08 	call	0x10e2	; 0x10e2 <waitAtAnswer()>
    2c32:	64 e9       	ldi	r22, 0x94	; 148
    2c34:	73 e0       	ldi	r23, 0x03	; 3
    2c36:	c7 01       	movw	r24, r14
    2c38:	0e 94 ba 07 	call	0xf74	; 0xf74 <String::String(char const*)>
    2c3c:	b7 01       	movw	r22, r14
    2c3e:	c8 01       	movw	r24, r16
    2c40:	0e 94 b8 06 	call	0xd70	; 0xd70 <String::indexOf(String const&) const>
    2c44:	5c 01       	movw	r10, r24
    2c46:	c7 01       	movw	r24, r14
    2c48:	0e 94 23 07 	call	0xe46	; 0xe46 <String::~String()>
    2c4c:	c8 01       	movw	r24, r16
    2c4e:	0e 94 23 07 	call	0xe46	; 0xe46 <String::~String()>
    2c52:	b7 fc       	sbrc	r11, 7
    2c54:	57 c0       	rjmp	.+174    	; 0x2d04 <main+0xdb8>
D:\projects\arduino\figaro\OnlineGasDetector_FIGARO/SIM800L.ino:308
      delay(500); // дать модулю время подготовить данные для чтения
    2c56:	64 ef       	ldi	r22, 0xF4	; 244
    2c58:	71 e0       	ldi	r23, 0x01	; 1
    2c5a:	80 e0       	ldi	r24, 0x00	; 0
    2c5c:	90 e0       	ldi	r25, 0x00	; 0
    2c5e:	0e 94 b9 02 	call	0x572	; 0x572 <delay>
D:\projects\arduino\figaro\OnlineGasDetector_FIGARO/SIM800L.ino:309
      String serverResponse = sendAtCommand(F("AT+HTTPREAD"), true);
    2c62:	67 e7       	ldi	r22, 0x77	; 119
    2c64:	72 e0       	ldi	r23, 0x02	; 2
    2c66:	c8 01       	movw	r24, r16
    2c68:	0e 94 43 08 	call	0x1086	; 0x1086 <String::String(__FlashStringHelper const*)>
    2c6c:	b8 01       	movw	r22, r16
    2c6e:	ce 01       	movw	r24, r28
    2c70:	8b 51       	subi	r24, 0x1B	; 27
    2c72:	9f 4f       	sbci	r25, 0xFF	; 255
    2c74:	0e 94 2c 0a 	call	0x1458	; 0x1458 <sendAtCommand(String, bool) [clone .constprop.7]>
    2c78:	c8 01       	movw	r24, r16
    2c7a:	0e 94 23 07 	call	0xe46	; 0xe46 <String::~String()>
D:\projects\arduino\figaro\OnlineGasDetector_FIGARO/SIM800L.ino:310
      sendAtCommand(F("AT+HTTPTERM"), true);
    2c7e:	6b e6       	ldi	r22, 0x6B	; 107
    2c80:	72 e0       	ldi	r23, 0x02	; 2
    2c82:	c7 01       	movw	r24, r14
    2c84:	0e 94 43 08 	call	0x1086	; 0x1086 <String::String(__FlashStringHelper const*)>
    2c88:	b7 01       	movw	r22, r14
    2c8a:	c8 01       	movw	r24, r16
    2c8c:	0e 94 2c 0a 	call	0x1458	; 0x1458 <sendAtCommand(String, bool) [clone .constprop.7]>
    2c90:	c8 01       	movw	r24, r16
    2c92:	0e 94 23 07 	call	0xe46	; 0xe46 <String::~String()>
    2c96:	c7 01       	movw	r24, r14
    2c98:	0e 94 23 07 	call	0xe46	; 0xe46 <String::~String()>
D:\projects\arduino\figaro\OnlineGasDetector_FIGARO/SIM800L.ino:311
      sendAtCommand(F("AT+SAPBR=0,1"), true);
    2c9c:	6e e5       	ldi	r22, 0x5E	; 94
    2c9e:	72 e0       	ldi	r23, 0x02	; 2
    2ca0:	c7 01       	movw	r24, r14
    2ca2:	0e 94 43 08 	call	0x1086	; 0x1086 <String::String(__FlashStringHelper const*)>
    2ca6:	b7 01       	movw	r22, r14
    2ca8:	c8 01       	movw	r24, r16
    2caa:	0e 94 2c 0a 	call	0x1458	; 0x1458 <sendAtCommand(String, bool) [clone .constprop.7]>
    2cae:	c8 01       	movw	r24, r16
    2cb0:	0e 94 23 07 	call	0xe46	; 0xe46 <String::~String()>
    2cb4:	c7 01       	movw	r24, r14
    2cb6:	0e 94 23 07 	call	0xe46	; 0xe46 <String::~String()>
_ZN6String4initEv():
C:\Users\luci\AppData\Local\Arduino15\packages\MiniCore\hardware\avr\3.1.1\cores\MCUdude_corefiles/WString.cpp:134
/*  Memory Management                        */
/*********************************************/

inline void String::init(void)
{
  buffer = NULL;
    2cba:	cd 5f       	subi	r28, 0xFD	; 253
    2cbc:	de 4f       	sbci	r29, 0xFE	; 254
    2cbe:	19 82       	std	Y+1, r1	; 0x01
    2cc0:	18 82       	st	Y, r1
    2cc2:	c3 50       	subi	r28, 0x03	; 3
    2cc4:	d1 40       	sbci	r29, 0x01	; 1
C:\Users\luci\AppData\Local\Arduino15\packages\MiniCore\hardware\avr\3.1.1\cores\MCUdude_corefiles/WString.cpp:135
  capacity = 0;
    2cc6:	cb 5f       	subi	r28, 0xFB	; 251
    2cc8:	de 4f       	sbci	r29, 0xFE	; 254
    2cca:	19 82       	std	Y+1, r1	; 0x01
    2ccc:	18 82       	st	Y, r1
    2cce:	c5 50       	subi	r28, 0x05	; 5
    2cd0:	d1 40       	sbci	r29, 0x01	; 1
C:\Users\luci\AppData\Local\Arduino15\packages\MiniCore\hardware\avr\3.1.1\cores\MCUdude_corefiles/WString.cpp:136
  len = 0;
    2cd2:	c9 5f       	subi	r28, 0xF9	; 249
    2cd4:	de 4f       	sbci	r29, 0xFE	; 254
    2cd6:	19 82       	std	Y+1, r1	; 0x01
    2cd8:	18 82       	st	Y, r1
    2cda:	c7 50       	subi	r28, 0x07	; 7
    2cdc:	d1 40       	sbci	r29, 0x01	; 1
__base_ctor ():
C:\Users\luci\AppData\Local\Arduino15\packages\MiniCore\hardware\avr\3.1.1\cores\MCUdude_corefiles/WString.cpp:50

#if __cplusplus >= 201103L || defined(__GXX_EXPERIMENTAL_CXX0X__)
String::String(String &&rval)
{
  init();
  move(rval);
    2cde:	be 01       	movw	r22, r28
    2ce0:	6b 51       	subi	r22, 0x1B	; 27
    2ce2:	7f 4f       	sbci	r23, 0xFF	; 255
    2ce4:	ce 01       	movw	r24, r28
    2ce6:	8d 5f       	subi	r24, 0xFD	; 253
    2ce8:	9e 4f       	sbci	r25, 0xFE	; 254
    2cea:	0e 94 d8 06 	call	0xdb0	; 0xdb0 <String::move(String&)>
SendRequestToServer():
D:\projects\arduino\figaro\OnlineGasDetector_FIGARO/SIM800L.ino:309
  }
  String httpInitresult = sendAtCommand(F("AT+HTTPACTION=0"), true);
  if (httpInitresult.indexOf(F("OK")) >= 0 && httpInitresult.indexOf(F("DEACT")) == -1) {
    if (waitAtAnswer().indexOf("200,") >= 0) {
      delay(500); // дать модулю время подготовить данные для чтения
      String serverResponse = sendAtCommand(F("AT+HTTPREAD"), true);
    2cee:	ce 01       	movw	r24, r28
    2cf0:	8b 51       	subi	r24, 0x1B	; 27
    2cf2:	9f 4f       	sbci	r25, 0xFF	; 255
    2cf4:	0e 94 23 07 	call	0xe46	; 0xe46 <String::~String()>
D:\projects\arduino\figaro\OnlineGasDetector_FIGARO/SIM800L.ino:305
String SendRequestToServer(bool isTestMode) {
  if (!prepareSIM800LForSendRequest(isTestMode)) {
    // prepareSIM800LForSendRequest сам закрывает GPRS/HTTP при ошибке
    return "";
  }
  String httpInitresult = sendAtCommand(F("AT+HTTPACTION=0"), true);
    2cf8:	ce 01       	movw	r24, r28
    2cfa:	85 51       	subi	r24, 0x15	; 21
    2cfc:	9f 4f       	sbci	r25, 0xFF	; 255
    2cfe:	0e 94 23 07 	call	0xe46	; 0xe46 <String::~String()>
    2d02:	ae ce       	rjmp	.-676    	; 0x2a60 <main+0xb14>
D:\projects\arduino\figaro\OnlineGasDetector_FIGARO/SIM800L.ino:316
      sendAtCommand(F("AT+SAPBR=0,1"), true);
      return serverResponse;
    }
  }
  // Закрываем GPRS при любой ошибке — раньше соединение оставалось висеть
  sendAtCommand(F("AT+HTTPTERM"), true);
    2d04:	62 e5       	ldi	r22, 0x52	; 82
    2d06:	72 e0       	ldi	r23, 0x02	; 2
    2d08:	c7 01       	movw	r24, r14
    2d0a:	0e 94 43 08 	call	0x1086	; 0x1086 <String::String(__FlashStringHelper const*)>
    2d0e:	b7 01       	movw	r22, r14
    2d10:	c8 01       	movw	r24, r16
    2d12:	0e 94 2c 0a 	call	0x1458	; 0x1458 <sendAtCommand(String, bool) [clone .constprop.7]>
    2d16:	c8 01       	movw	r24, r16
    2d18:	0e 94 23 07 	call	0xe46	; 0xe46 <String::~String()>
    2d1c:	c7 01       	movw	r24, r14
    2d1e:	0e 94 23 07 	call	0xe46	; 0xe46 <String::~String()>
D:\projects\arduino\figaro\OnlineGasDetector_FIGARO/SIM800L.ino:317
  sendAtCommand(F("AT+SAPBR=0,1"), true);
    2d22:	65 e4       	ldi	r22, 0x45	; 69
    2d24:	72 e0       	ldi	r23, 0x02	; 2
    2d26:	c7 01       	movw	r24, r14
    2d28:	0e 94 43 08 	call	0x1086	; 0x1086 <String::String(__FlashStringHelper const*)>
    2d2c:	b7 01       	movw	r22, r14
    2d2e:	c8 01       	movw	r24, r16
    2d30:	0e 94 2c 0a 	call	0x1458	; 0x1458 <sendAtCommand(String, bool) [clone .constprop.7]>
    2d34:	c8 01       	movw	r24, r16
    2d36:	0e 94 23 07 	call	0xe46	; 0xe46 <String::~String()>
    2d3a:	c7 01       	movw	r24, r14
    2d3c:	0e 94 23 07 	call	0xe46	; 0xe46 <String::~String()>
D:\projects\arduino\figaro\OnlineGasDetector_FIGARO/SIM800L.ino:318
  return "";
    2d40:	6d e4       	ldi	r22, 0x4D	; 77
    2d42:	71 e0       	ldi	r23, 0x01	; 1
    2d44:	ce 01       	movw	r24, r28
    2d46:	8d 5f       	subi	r24, 0xFD	; 253
    2d48:	9e 4f       	sbci	r25, 0xFE	; 254
    2d4a:	0e 94 ba 07 	call	0xf74	; 0xf74 <String::String(char const*)>
    2d4e:	d4 cf       	rjmp	.-88     	; 0x2cf8 <main+0xdac>
SendRequest():
D:\projects\arduino\figaro\OnlineGasDetector_FIGARO/SIM800L.ino:75
      // FixedSmsSent остаётся true — в следующем цикле начнём сразу с HTTP
      DeactivateGsmModulePower();
      return;
    }

    String body = ExtractResponseBody(ServerResponse);
    2d50:	be 01       	movw	r22, r28
    2d52:	6d 5f       	subi	r22, 0xFD	; 253
    2d54:	7e 4f       	sbci	r23, 0xFE	; 254
    2d56:	c7 01       	movw	r24, r14
    2d58:	0e 94 a0 07 	call	0xf40	; 0xf40 <String::String(String const&)>
ExtractResponseBody():
D:\projects\arduino\figaro\OnlineGasDetector_FIGARO/SIM800L.ino:268
}


// Извлекает тело ответа из строки вида "+HTTPREAD: N\r\n<body>\r\nOK"
String ExtractResponseBody(String data) {
  int httpreadIdx = data.indexOf(F("+HTTPREAD:"));
    2d5c:	6e e8       	ldi	r22, 0x8E	; 142
    2d5e:	71 e0       	ldi	r23, 0x01	; 1
    2d60:	c8 01       	movw	r24, r16
    2d62:	0e 94 43 08 	call	0x1086	; 0x1086 <String::String(__FlashStringHelper const*)>
    2d66:	b8 01       	movw	r22, r16
    2d68:	c7 01       	movw	r24, r14
    2d6a:	0e 94 b8 06 	call	0xd70	; 0xd70 <String::indexOf(String const&) const>
    2d6e:	5c 01       	movw	r10, r24
    2d70:	c8 01       	movw	r24, r16
    2d72:	0e 94 23 07 	call	0xe46	; 0xe46 <String::~String()>
D:\projects\arduino\figaro\OnlineGasDetector_FIGARO/SIM800L.ino:269
  if (httpreadIdx == -1) return "";
    2d76:	2f ef       	ldi	r18, 0xFF	; 255
    2d78:	a2 16       	cp	r10, r18
    2d7a:	b2 06       	cpc	r11, r18
    2d7c:	09 f0       	breq	.+2      	; 0x2d80 <main+0xe34>
    2d7e:	5f c0       	rjmp	.+190    	; 0x2e3e <main+0xef2>
    2d80:	6d e4       	ldi	r22, 0x4D	; 77
    2d82:	71 e0       	ldi	r23, 0x01	; 1
    2d84:	ce 01       	movw	r24, r28
    2d86:	83 50       	subi	r24, 0x03	; 3
    2d88:	9f 4f       	sbci	r25, 0xFF	; 255
    2d8a:	0e 94 ba 07 	call	0xf74	; 0xf74 <String::String(char const*)>
SendRequest():
    2d8e:	c7 01       	movw	r24, r14
    2d90:	0e 94 23 07 	call	0xe46	; 0xe46 <String::~String()>
D:\projects\arduino\figaro\OnlineGasDetector_FIGARO/SIM800L.ino:76
      DeactivateGsmModulePower();
      return;
    }

    String body = ExtractResponseBody(ServerResponse);
    if (body.length() > 0 && body.charAt(0) == '1') {
    2d94:	cf 5f       	subi	r28, 0xFF	; 255
    2d96:	de 4f       	sbci	r29, 0xFE	; 254
    2d98:	88 81       	ld	r24, Y
    2d9a:	99 81       	ldd	r25, Y+1	; 0x01
    2d9c:	c1 50       	subi	r28, 0x01	; 1
    2d9e:	d1 40       	sbci	r29, 0x01	; 1
    2da0:	89 2b       	or	r24, r25
    2da2:	09 f4       	brne	.+2      	; 0x2da6 <main+0xe5a>
    2da4:	92 c1       	rjmp	.+804    	; 0x30ca <main+0x117e>
operator[]():
C:\Users\luci\AppData\Local\Arduino15\packages\MiniCore\hardware\avr\3.1.1\cores\MCUdude_corefiles/WString.cpp:534
  return buffer[index];
}

char String::operator[]( unsigned int index ) const
{
  if (index >= len || !buffer) return 0;
    2da6:	c3 50       	subi	r28, 0x03	; 3
    2da8:	df 4f       	sbci	r29, 0xFF	; 255
    2daa:	e8 81       	ld	r30, Y
    2dac:	f9 81       	ldd	r31, Y+1	; 0x01
    2dae:	cd 5f       	subi	r28, 0xFD	; 253
    2db0:	d0 40       	sbci	r29, 0x00	; 0
    2db2:	30 97       	sbiw	r30, 0x00	; 0
    2db4:	09 f4       	brne	.+2      	; 0x2db8 <main+0xe6c>
    2db6:	89 c1       	rjmp	.+786    	; 0x30ca <main+0x117e>
SendRequest():
D:\projects\arduino\figaro\OnlineGasDetector_FIGARO/SIM800L.ino:76
    2db8:	80 81       	ld	r24, Z
    2dba:	81 33       	cpi	r24, 0x31	; 49
    2dbc:	09 f0       	breq	.+2      	; 0x2dc0 <main+0xe74>
    2dbe:	85 c1       	rjmp	.+778    	; 0x30ca <main+0x117e>
D:\projects\arduino\figaro\OnlineGasDetector_FIGARO/SIM800L.ino:77
      Serial.println(F("SUCCESS"));
    2dc0:	6c e9       	ldi	r22, 0x9C	; 156
    2dc2:	72 e0       	ldi	r23, 0x02	; 2
    2dc4:	81 e4       	ldi	r24, 0x41	; 65
    2dc6:	94 e0       	ldi	r25, 0x04	; 4
    2dc8:	0e 94 88 06 	call	0xd10	; 0xd10 <Print::println(__FlashStringHelper const*)>
indexOf():
C:\Users\luci\AppData\Local\Arduino15\packages\MiniCore\hardware\avr\3.1.1\cores\MCUdude_corefiles/WString.cpp:557
/*  Search                                   */
/*********************************************/

int String::indexOf(char c) const
{
  return indexOf(c, 0);
    2dcc:	50 e0       	ldi	r21, 0x00	; 0
    2dce:	40 e0       	ldi	r20, 0x00	; 0
    2dd0:	6c e2       	ldi	r22, 0x2C	; 44
    2dd2:	ce 01       	movw	r24, r28
    2dd4:	83 50       	subi	r24, 0x03	; 3
    2dd6:	9f 4f       	sbci	r25, 0xFF	; 255
    2dd8:	0e 94 bc 06 	call	0xd78	; 0xd78 <String::indexOf(char, unsigned int) const>
SendRequest():
D:\projects\arduino\figaro\OnlineGasDetector_FIGARO/SIM800L.ino:81

      // Шаг 3: SMS владельцам из ответа сервера
      int commaIdx = body.indexOf(',');
      if (commaIdx != -1) {
    2ddc:	8f 3f       	cpi	r24, 0xFF	; 255
    2dde:	98 07       	cpc	r25, r24
    2de0:	09 f4       	brne	.+2      	; 0x2de4 <main+0xe98>
    2de2:	6a c1       	rjmp	.+724    	; 0x30b8 <main+0x116c>
substring():
C:\Users\luci\AppData\Local\Arduino15\packages\MiniCore\hardware\avr\3.1.1\cores\MCUdude_corefiles/WString.h:178
    2de4:	cf 5f       	subi	r28, 0xFF	; 255
    2de6:	de 4f       	sbci	r29, 0xFE	; 254
    2de8:	28 81       	ld	r18, Y
    2dea:	39 81       	ldd	r19, Y+1	; 0x01
    2dec:	c1 50       	subi	r28, 0x01	; 1
    2dee:	d1 40       	sbci	r29, 0x01	; 1
SendRequest():
D:\projects\arduino\figaro\OnlineGasDetector_FIGARO/SIM800L.ino:82
        String phones = body.substring(commaIdx + 1);
    2df0:	ac 01       	movw	r20, r24
    2df2:	4f 5f       	subi	r20, 0xFF	; 255
    2df4:	5f 4f       	sbci	r21, 0xFF	; 255
substring():
C:\Users\luci\AppData\Local\Arduino15\packages\MiniCore\hardware\avr\3.1.1\cores\MCUdude_corefiles/WString.h:178
    2df6:	be 01       	movw	r22, r28
    2df8:	63 50       	subi	r22, 0x03	; 3
    2dfa:	7f 4f       	sbci	r23, 0xFF	; 255
    2dfc:	ce 01       	movw	r24, r28
    2dfe:	89 50       	subi	r24, 0x09	; 9
    2e00:	9f 4f       	sbci	r25, 0xFF	; 255
    2e02:	0e 94 ee 07 	call	0xfdc	; 0xfdc <String::substring(unsigned int, unsigned int) const>
SendRequest():
D:\projects\arduino\figaro\OnlineGasDetector_FIGARO/SIM800L.ino:84
        // GPRS уже закрыт в SendRequestToServer — просто переключаемся на SMS
        SendSMSToOwners(smsText, phones);
    2e06:	be 01       	movw	r22, r28
    2e08:	69 50       	subi	r22, 0x09	; 9
    2e0a:	7f 4f       	sbci	r23, 0xFF	; 255
    2e0c:	ce 01       	movw	r24, r28
    2e0e:	8f 50       	subi	r24, 0x0F	; 15
    2e10:	9f 4f       	sbci	r25, 0xFF	; 255
    2e12:	0e 94 a0 07 	call	0xf40	; 0xf40 <String::String(String const&)>
    2e16:	be 01       	movw	r22, r28
    2e18:	67 5f       	subi	r22, 0xF7	; 247
    2e1a:	7e 4f       	sbci	r23, 0xFE	; 254
    2e1c:	ce 01       	movw	r24, r28
    2e1e:	85 51       	subi	r24, 0x15	; 21
    2e20:	9f 4f       	sbci	r25, 0xFF	; 255
    2e22:	0e 94 a0 07 	call	0xf40	; 0xf40 <String::String(String const&)>
SendSMSToOwners():
D:\projects\arduino\figaro\OnlineGasDetector_FIGARO/SIM800L.ino:164
}

// Отправляет SMS каждому номеру из строки phones (через запятую).
// Каждый номер повторяется до успешной отправки.
void SendSMSToOwners(String smsText, String phones) {
  while (SIM800L.available()) SIM800L.read(); // сбросить остатки от GPRS сессии
    2e26:	84 ee       	ldi	r24, 0xE4	; 228
    2e28:	94 e0       	ldi	r25, 0x04	; 4
    2e2a:	0e 94 b0 04 	call	0x960	; 0x960 <SoftwareSerial::available()>
    2e2e:	89 2b       	or	r24, r25
    2e30:	09 f4       	brne	.+2      	; 0x2e34 <main+0xee8>
    2e32:	5e c0       	rjmp	.+188    	; 0x2ef0 <main+0xfa4>
    2e34:	84 ee       	ldi	r24, 0xE4	; 228
    2e36:	94 e0       	ldi	r25, 0x04	; 4
    2e38:	0e 94 c6 04 	call	0x98c	; 0x98c <SoftwareSerial::read()>
    2e3c:	f4 cf       	rjmp	.-24     	; 0x2e26 <main+0xeda>
ExtractResponseBody():
D:\projects\arduino\figaro\OnlineGasDetector_FIGARO/SIM800L.ino:270

// Извлекает тело ответа из строки вида "+HTTPREAD: N\r\n<body>\r\nOK"
String ExtractResponseBody(String data) {
  int httpreadIdx = data.indexOf(F("+HTTPREAD:"));
  if (httpreadIdx == -1) return "";
  int bodyStart = data.indexOf('\n', httpreadIdx);
    2e3e:	a5 01       	movw	r20, r10
    2e40:	6a e0       	ldi	r22, 0x0A	; 10
    2e42:	c7 01       	movw	r24, r14
    2e44:	0e 94 bc 06 	call	0xd78	; 0xd78 <String::indexOf(char, unsigned int) const>
D:\projects\arduino\figaro\OnlineGasDetector_FIGARO/SIM800L.ino:271
  if (bodyStart == -1) return "";
    2e48:	8f 3f       	cpi	r24, 0xFF	; 255
    2e4a:	98 07       	cpc	r25, r24
    2e4c:	09 f4       	brne	.+2      	; 0x2e50 <main+0xf04>
    2e4e:	98 cf       	rjmp	.-208    	; 0x2d80 <main+0xe34>
D:\projects\arduino\figaro\OnlineGasDetector_FIGARO/SIM800L.ino:272
  bodyStart++;
    2e50:	5c 01       	movw	r10, r24
    2e52:	ff ef       	ldi	r31, 0xFF	; 255
    2e54:	af 1a       	sub	r10, r31
    2e56:	bf 0a       	sbc	r11, r31
D:\projects\arduino\figaro\OnlineGasDetector_FIGARO/SIM800L.ino:273
  int bodyEnd = data.indexOf(F("\r\nOK"), bodyStart);
    2e58:	69 e8       	ldi	r22, 0x89	; 137
    2e5a:	71 e0       	ldi	r23, 0x01	; 1
    2e5c:	c8 01       	movw	r24, r16
    2e5e:	0e 94 43 08 	call	0x1086	; 0x1086 <String::String(__FlashStringHelper const*)>
    2e62:	a5 01       	movw	r20, r10
    2e64:	b8 01       	movw	r22, r16
    2e66:	c7 01       	movw	r24, r14
    2e68:	0e 94 9c 06 	call	0xd38	; 0xd38 <String::indexOf(String const&, unsigned int) const>
    2e6c:	4c 01       	movw	r8, r24
    2e6e:	c8 01       	movw	r24, r16
    2e70:	0e 94 23 07 	call	0xe46	; 0xe46 <String::~String()>
D:\projects\arduino\figaro\OnlineGasDetector_FIGARO/SIM800L.ino:274
  if (bodyEnd == -1) bodyEnd = data.indexOf(F("\nOK"), bodyStart);
    2e74:	2f ef       	ldi	r18, 0xFF	; 255
    2e76:	82 16       	cp	r8, r18
    2e78:	92 06       	cpc	r9, r18
    2e7a:	a9 f4       	brne	.+42     	; 0x2ea6 <main+0xf5a>
    2e7c:	65 e8       	ldi	r22, 0x85	; 133
    2e7e:	71 e0       	ldi	r23, 0x01	; 1
    2e80:	c8 01       	movw	r24, r16
    2e82:	0e 94 43 08 	call	0x1086	; 0x1086 <String::String(__FlashStringHelper const*)>
    2e86:	a5 01       	movw	r20, r10
    2e88:	b8 01       	movw	r22, r16
    2e8a:	c7 01       	movw	r24, r14
    2e8c:	0e 94 9c 06 	call	0xd38	; 0xd38 <String::indexOf(String const&, unsigned int) const>
    2e90:	4c 01       	movw	r8, r24
    2e92:	c8 01       	movw	r24, r16
    2e94:	0e 94 23 07 	call	0xe46	; 0xe46 <String::~String()>
D:\projects\arduino\figaro\OnlineGasDetector_FIGARO/SIM800L.ino:275
  if (bodyEnd == -1) bodyEnd = data.length();
    2e98:	8f ef       	ldi	r24, 0xFF	; 255
    2e9a:	88 16       	cp	r8, r24
    2e9c:	98 06       	cpc	r9, r24
    2e9e:	19 f4       	brne	.+6      	; 0x2ea6 <main+0xf5a>
    2ea0:	f7 01       	movw	r30, r14
    2ea2:	84 80       	ldd	r8, Z+4	; 0x04
    2ea4:	95 80       	ldd	r9, Z+5	; 0x05
D:\projects\arduino\figaro\OnlineGasDetector_FIGARO/SIM800L.ino:276
  String body = data.substring(bodyStart, bodyEnd);
    2ea6:	94 01       	movw	r18, r8
    2ea8:	a5 01       	movw	r20, r10
    2eaa:	b7 01       	movw	r22, r14
    2eac:	c8 01       	movw	r24, r16
    2eae:	0e 94 ee 07 	call	0xfdc	; 0xfdc <String::substring(unsigned int, unsigned int) const>
D:\projects\arduino\figaro\OnlineGasDetector_FIGARO/SIM800L.ino:277
  body.trim();
    2eb2:	c8 01       	movw	r24, r16
    2eb4:	0e 94 a6 05 	call	0xb4c	; 0xb4c <String::trim()>
_ZN6String4initEv():
C:\Users\luci\AppData\Local\Arduino15\packages\MiniCore\hardware\avr\3.1.1\cores\MCUdude_corefiles/WString.cpp:134
/*  Memory Management                        */
/*********************************************/

inline void String::init(void)
{
  buffer = NULL;
    2eb8:	c3 50       	subi	r28, 0x03	; 3
    2eba:	df 4f       	sbci	r29, 0xFF	; 255
    2ebc:	19 82       	std	Y+1, r1	; 0x01
    2ebe:	18 82       	st	Y, r1
    2ec0:	cd 5f       	subi	r28, 0xFD	; 253
    2ec2:	d0 40       	sbci	r29, 0x00	; 0
C:\Users\luci\AppData\Local\Arduino15\packages\MiniCore\hardware\avr\3.1.1\cores\MCUdude_corefiles/WString.cpp:135
  capacity = 0;
    2ec4:	c1 50       	subi	r28, 0x01	; 1
    2ec6:	df 4f       	sbci	r29, 0xFF	; 255
    2ec8:	19 82       	std	Y+1, r1	; 0x01
    2eca:	18 82       	st	Y, r1
    2ecc:	cf 5f       	subi	r28, 0xFF	; 255
    2ece:	d0 40       	sbci	r29, 0x00	; 0
C:\Users\luci\AppData\Local\Arduino15\packages\MiniCore\hardware\avr\3.1.1\cores\MCUdude_corefiles/WString.cpp:136
  len = 0;
    2ed0:	cf 5f       	subi	r28, 0xFF	; 255
    2ed2:	de 4f       	sbci	r29, 0xFE	; 254
    2ed4:	19 82       	std	Y+1, r1	; 0x01
    2ed6:	18 82       	st	Y, r1
    2ed8:	c1 50       	subi	r28, 0x01	; 1
    2eda:	d1 40       	sbci	r29, 0x01	; 1
__base_ctor ():
C:\Users\luci\AppData\Local\Arduino15\packages\MiniCore\hardware\avr\3.1.1\cores\MCUdude_corefiles/WString.cpp:50

#if __cplusplus >= 201103L || defined(__GXX_EXPERIMENTAL_CXX0X__)
String::String(String &&rval)
{
  init();
  move(rval);
    2edc:	b8 01       	movw	r22, r16
    2ede:	ce 01       	movw	r24, r28
    2ee0:	83 50       	subi	r24, 0x03	; 3
    2ee2:	9f 4f       	sbci	r25, 0xFF	; 255
    2ee4:	0e 94 d8 06 	call	0xdb0	; 0xdb0 <String::move(String&)>
ExtractResponseBody():
D:\projects\arduino\figaro\OnlineGasDetector_FIGARO/SIM800L.ino:276
  if (bodyStart == -1) return "";
  bodyStart++;
  int bodyEnd = data.indexOf(F("\r\nOK"), bodyStart);
  if (bodyEnd == -1) bodyEnd = data.indexOf(F("\nOK"), bodyStart);
  if (bodyEnd == -1) bodyEnd = data.length();
  String body = data.substring(bodyStart, bodyEnd);
    2ee8:	c8 01       	movw	r24, r16
    2eea:	0e 94 23 07 	call	0xe46	; 0xe46 <String::~String()>
    2eee:	4f cf       	rjmp	.-354    	; 0x2d8e <main+0xe42>
SendSMSToOwners():
D:\projects\arduino\figaro\OnlineGasDetector_FIGARO/SIM800L.ino:165

// Отправляет SMS каждому номеру из строки phones (через запятую).
// Каждый номер повторяется до успешной отправки.
void SendSMSToOwners(String smsText, String phones) {
  while (SIM800L.available()) SIM800L.read(); // сбросить остатки от GPRS сессии
  InitSmsMode();
    2ef0:	0e 94 9f 0b 	call	0x173e	; 0x173e <InitSmsMode()>
main():
D:\projects\arduino\figaro\OnlineGasDetector_FIGARO/SIM800L.ino:166
  int start = 0;
    2ef4:	b1 2c       	mov	r11, r1
    2ef6:	a1 2c       	mov	r10, r1
SendSMSToOwners():
D:\projects\arduino\figaro\OnlineGasDetector_FIGARO/SIM800L.ino:167
  while (start < (int)phones.length()) {
    2ef8:	cb 50       	subi	r28, 0x0B	; 11
    2efa:	df 4f       	sbci	r29, 0xFF	; 255
    2efc:	88 81       	ld	r24, Y
    2efe:	99 81       	ldd	r25, Y+1	; 0x01
    2f00:	c5 5f       	subi	r28, 0xF5	; 245
    2f02:	d0 40       	sbci	r29, 0x00	; 0
    2f04:	a8 16       	cp	r10, r24
    2f06:	b9 06       	cpc	r11, r25
    2f08:	0c f0       	brlt	.+2      	; 0x2f0c <main+0xfc0>
    2f0a:	c7 c0       	rjmp	.+398    	; 0x309a <main+0x114e>
D:\projects\arduino\figaro\OnlineGasDetector_FIGARO/SIM800L.ino:168
    int commaIdx = phones.indexOf(',', start);
    2f0c:	a5 01       	movw	r20, r10
    2f0e:	6c e2       	ldi	r22, 0x2C	; 44
    2f10:	ce 01       	movw	r24, r28
    2f12:	8f 50       	subi	r24, 0x0F	; 15
    2f14:	9f 4f       	sbci	r25, 0xFF	; 255
    2f16:	0e 94 bc 06 	call	0xd78	; 0xd78 <String::indexOf(char, unsigned int) const>
    2f1a:	4c 01       	movw	r8, r24
D:\projects\arduino\figaro\OnlineGasDetector_FIGARO/SIM800L.ino:169
    String phone;
    2f1c:	6d e4       	ldi	r22, 0x4D	; 77
    2f1e:	71 e0       	ldi	r23, 0x01	; 1
    2f20:	ce 01       	movw	r24, r28
    2f22:	8b 51       	subi	r24, 0x1B	; 27
    2f24:	9f 4f       	sbci	r25, 0xFF	; 255
    2f26:	0e 94 ba 07 	call	0xf74	; 0xf74 <String::String(char const*)>
D:\projects\arduino\figaro\OnlineGasDetector_FIGARO/SIM800L.ino:170
    if (commaIdx == -1) {
    2f2a:	2f ef       	ldi	r18, 0xFF	; 255
    2f2c:	82 16       	cp	r8, r18
    2f2e:	92 06       	cpc	r9, r18
    2f30:	09 f0       	breq	.+2      	; 0x2f34 <main+0xfe8>
    2f32:	66 c0       	rjmp	.+204    	; 0x3000 <main+0x10b4>
substring():
C:\Users\luci\AppData\Local\Arduino15\packages\MiniCore\hardware\avr\3.1.1\cores\MCUdude_corefiles/WString.h:178
    2f34:	cb 50       	subi	r28, 0x0B	; 11
    2f36:	df 4f       	sbci	r29, 0xFF	; 255
    2f38:	28 81       	ld	r18, Y
    2f3a:	39 81       	ldd	r19, Y+1	; 0x01
    2f3c:	c5 5f       	subi	r28, 0xF5	; 245
    2f3e:	d0 40       	sbci	r29, 0x00	; 0
    2f40:	a5 01       	movw	r20, r10
    2f42:	be 01       	movw	r22, r28
    2f44:	6f 50       	subi	r22, 0x0F	; 15
    2f46:	7f 4f       	sbci	r23, 0xFF	; 255
    2f48:	c8 01       	movw	r24, r16
    2f4a:	0e 94 ee 07 	call	0xfdc	; 0xfdc <String::substring(unsigned int, unsigned int) const>
operator=():
C:\Users\luci\AppData\Local\Arduino15\packages\MiniCore\hardware\avr\3.1.1\cores\MCUdude_corefiles/WString.cpp:228
}

#if __cplusplus >= 201103L || defined(__GXX_EXPERIMENTAL_CXX0X__)
String & String::operator = (String &&rval)
{
  if (this != &rval) move(rval);
    2f4e:	b8 01       	movw	r22, r16
    2f50:	ce 01       	movw	r24, r28
    2f52:	8b 51       	subi	r24, 0x1B	; 27
    2f54:	9f 4f       	sbci	r25, 0xFF	; 255
    2f56:	0e 94 d8 06 	call	0xdb0	; 0xdb0 <String::move(String&)>
SendSMSToOwners():
D:\projects\arduino\figaro\OnlineGasDetector_FIGARO/SIM800L.ino:171
      phone = phones.substring(start);
    2f5a:	c8 01       	movw	r24, r16
    2f5c:	0e 94 23 07 	call	0xe46	; 0xe46 <String::~String()>
D:\projects\arduino\figaro\OnlineGasDetector_FIGARO/SIM800L.ino:172
      start = phones.length();
    2f60:	cb 50       	subi	r28, 0x0B	; 11
    2f62:	df 4f       	sbci	r29, 0xFF	; 255
    2f64:	a8 80       	ld	r10, Y
    2f66:	b9 80       	ldd	r11, Y+1	; 0x01
    2f68:	c5 5f       	subi	r28, 0xF5	; 245
    2f6a:	d0 40       	sbci	r29, 0x00	; 0
D:\projects\arduino\figaro\OnlineGasDetector_FIGARO/SIM800L.ino:177
    } else {
      phone = phones.substring(start, commaIdx);
      start = commaIdx + 1;
    }
    phone.trim();
    2f6c:	ce 01       	movw	r24, r28
    2f6e:	8b 51       	subi	r24, 0x1B	; 27
    2f70:	9f 4f       	sbci	r25, 0xFF	; 255
    2f72:	0e 94 a6 05 	call	0xb4c	; 0xb4c <String::trim()>
D:\projects\arduino\figaro\OnlineGasDetector_FIGARO/SIM800L.ino:178
    if (phone.length() > 0) {
    2f76:	c7 51       	subi	r28, 0x17	; 23
    2f78:	df 4f       	sbci	r29, 0xFF	; 255
    2f7a:	88 81       	ld	r24, Y
    2f7c:	99 81       	ldd	r25, Y+1	; 0x01
    2f7e:	c9 5e       	subi	r28, 0xE9	; 233
    2f80:	d0 40       	sbci	r29, 0x00	; 0
    2f82:	89 2b       	or	r24, r25
    2f84:	b9 f1       	breq	.+110    	; 0x2ff4 <main+0x10a8>
main():
D:\projects\arduino\figaro\OnlineGasDetector_FIGARO/SIM800L.ino:180
      bool sent = false;
      for (int attempt = 0; attempt < 3 && !sent; attempt++) {
    2f86:	91 2c       	mov	r9, r1
    2f88:	81 2c       	mov	r8, r1
SendSMSToOwners():
D:\projects\arduino\figaro\OnlineGasDetector_FIGARO/SIM800L.ino:181
        sent = SendSMS(smsText, phone);
    2f8a:	be 01       	movw	r22, r28
    2f8c:	6b 51       	subi	r22, 0x1B	; 27
    2f8e:	7f 4f       	sbci	r23, 0xFF	; 255
    2f90:	c8 01       	movw	r24, r16
    2f92:	0e 94 a0 07 	call	0xf40	; 0xf40 <String::String(String const&)>
    2f96:	be 01       	movw	r22, r28
    2f98:	65 51       	subi	r22, 0x15	; 21
    2f9a:	7f 4f       	sbci	r23, 0xFF	; 255
    2f9c:	c7 01       	movw	r24, r14
    2f9e:	0e 94 a0 07 	call	0xf40	; 0xf40 <String::String(String const&)>
    2fa2:	b8 01       	movw	r22, r16
    2fa4:	c7 01       	movw	r24, r14
    2fa6:	0e 94 84 0a 	call	0x1508	; 0x1508 <SendSMS(String, String)>
    2faa:	78 2e       	mov	r7, r24
    2fac:	c7 01       	movw	r24, r14
    2fae:	0e 94 23 07 	call	0xe46	; 0xe46 <String::~String()>
    2fb2:	c8 01       	movw	r24, r16
    2fb4:	0e 94 23 07 	call	0xe46	; 0xe46 <String::~String()>
D:\projects\arduino\figaro\OnlineGasDetector_FIGARO/SIM800L.ino:182
        if (sent) {
    2fb8:	77 20       	and	r7, r7
    2fba:	c1 f1       	breq	.+112    	; 0x302c <main+0x10e0>
D:\projects\arduino\figaro\OnlineGasDetector_FIGARO/SIM800L.ino:183
          Serial.print(F("SMS sent to "));
    2fbc:	68 e7       	ldi	r22, 0x78	; 120
    2fbe:	71 e0       	ldi	r23, 0x01	; 1
    2fc0:	81 e4       	ldi	r24, 0x41	; 65
    2fc2:	94 e0       	ldi	r25, 0x04	; 4
    2fc4:	0e 94 0a 03 	call	0x614	; 0x614 <Print::print(__FlashStringHelper const*)>
D:\projects\arduino\figaro\OnlineGasDetector_FIGARO/SIM800L.ino:184
          Serial.println(phone);
    2fc8:	be 01       	movw	r22, r28
    2fca:	6b 51       	subi	r22, 0x1B	; 27
    2fcc:	7f 4f       	sbci	r23, 0xFF	; 255
    2fce:	81 e4       	ldi	r24, 0x41	; 65
    2fd0:	94 e0       	ldi	r25, 0x04	; 4
    2fd2:	0e 94 6b 06 	call	0xcd6	; 0xcd6 <Print::println(String const&)>
D:\projects\arduino\figaro\OnlineGasDetector_FIGARO/SIM800L.ino:180
      start = commaIdx + 1;
    }
    phone.trim();
    if (phone.length() > 0) {
      bool sent = false;
      for (int attempt = 0; attempt < 3 && !sent; attempt++) {
    2fd6:	9f ef       	ldi	r25, 0xFF	; 255
    2fd8:	89 1a       	sub	r8, r25
    2fda:	99 0a       	sbc	r9, r25
    2fdc:	e3 e0       	ldi	r30, 0x03	; 3
    2fde:	8e 16       	cp	r8, r30
    2fe0:	91 04       	cpc	r9, r1
    2fe2:	11 f0       	breq	.+4      	; 0x2fe8 <main+0x109c>
    2fe4:	77 20       	and	r7, r7
    2fe6:	89 f2       	breq	.-94     	; 0x2f8a <main+0x103e>
D:\projects\arduino\figaro\OnlineGasDetector_FIGARO/SIM800L.ino:199
            while (SIM800L.available()) SIM800L.read();
          }
          InitSmsMode();
        }
      }
      delay(2000);
    2fe8:	60 ed       	ldi	r22, 0xD0	; 208
    2fea:	77 e0       	ldi	r23, 0x07	; 7
    2fec:	80 e0       	ldi	r24, 0x00	; 0
    2fee:	90 e0       	ldi	r25, 0x00	; 0
    2ff0:	0e 94 b9 02 	call	0x572	; 0x572 <delay>
D:\projects\arduino\figaro\OnlineGasDetector_FIGARO/SIM800L.ino:169
  while (SIM800L.available()) SIM800L.read(); // сбросить остатки от GPRS сессии
  InitSmsMode();
  int start = 0;
  while (start < (int)phones.length()) {
    int commaIdx = phones.indexOf(',', start);
    String phone;
    2ff4:	ce 01       	movw	r24, r28
    2ff6:	8b 51       	subi	r24, 0x1B	; 27
    2ff8:	9f 4f       	sbci	r25, 0xFF	; 255
    2ffa:	0e 94 23 07 	call	0xe46	; 0xe46 <String::~String()>
    2ffe:	7c cf       	rjmp	.-264    	; 0x2ef8 <main+0xfac>
D:\projects\arduino\figaro\OnlineGasDetector_FIGARO/SIM800L.ino:174
    if (commaIdx == -1) {
      phone = phones.substring(start);
      start = phones.length();
    } else {
      phone = phones.substring(start, commaIdx);
    3000:	94 01       	movw	r18, r8
    3002:	a5 01       	movw	r20, r10
    3004:	be 01       	movw	r22, r28
    3006:	6f 50       	subi	r22, 0x0F	; 15
    3008:	7f 4f       	sbci	r23, 0xFF	; 255
    300a:	c8 01       	movw	r24, r16
    300c:	0e 94 ee 07 	call	0xfdc	; 0xfdc <String::substring(unsigned int, unsigned int) const>
operator=():
C:\Users\luci\AppData\Local\Arduino15\packages\MiniCore\hardware\avr\3.1.1\cores\MCUdude_corefiles/WString.cpp:228
    3010:	b8 01       	movw	r22, r16
    3012:	ce 01       	movw	r24, r28
    3014:	8b 51       	subi	r24, 0x1B	; 27
    3016:	9f 4f       	sbci	r25, 0xFF	; 255
    3018:	0e 94 d8 06 	call	0xdb0	; 0xdb0 <String::move(String&)>
SendSMSToOwners():
D:\projects\arduino\figaro\OnlineGasDetector_FIGARO/SIM800L.ino:174
    301c:	c8 01       	movw	r24, r16
    301e:	0e 94 23 07 	call	0xe46	; 0xe46 <String::~String()>
D:\projects\arduino\figaro\OnlineGasDetector_FIGARO/SIM800L.ino:175
      start = commaIdx + 1;
    3022:	54 01       	movw	r10, r8
    3024:	8f ef       	ldi	r24, 0xFF	; 255
    3026:	a8 1a       	sub	r10, r24
    3028:	b8 0a       	sbc	r11, r24
    302a:	a0 cf       	rjmp	.-192    	; 0x2f6c <main+0x1020>
D:\projects\arduino\figaro\OnlineGasDetector_FIGARO/SIM800L.ino:186
        sent = SendSMS(smsText, phone);
        if (sent) {
          Serial.print(F("SMS sent to "));
          Serial.println(phone);
        } else {
          Serial.print(F("Retry SMS to "));
    302c:	6a e6       	ldi	r22, 0x6A	; 106
    302e:	71 e0       	ldi	r23, 0x01	; 1
    3030:	81 e4       	ldi	r24, 0x41	; 65
    3032:	94 e0       	ldi	r25, 0x04	; 4
    3034:	0e 94 0a 03 	call	0x614	; 0x614 <Print::print(__FlashStringHelper const*)>
D:\projects\arduino\figaro\OnlineGasDetector_FIGARO/SIM800L.ino:187
          Serial.println(phone);
    3038:	be 01       	movw	r22, r28
    303a:	6b 51       	subi	r22, 0x1B	; 27
    303c:	7f 4f       	sbci	r23, 0xFF	; 255
    303e:	81 e4       	ldi	r24, 0x41	; 65
    3040:	94 e0       	ldi	r25, 0x04	; 4
    3042:	0e 94 6b 06 	call	0xcd6	; 0xcd6 <Print::println(String const&)>
D:\projects\arduino\figaro\OnlineGasDetector_FIGARO/SIM800L.ino:188
          if (attempt == 0) {
    3046:	81 14       	cp	r8, r1
    3048:	91 04       	cpc	r9, r1
    304a:	89 f4       	brne	.+34     	; 0x306e <main+0x1122>
D:\projects\arduino\figaro\OnlineGasDetector_FIGARO/SIM800L.ino:189
            delay(2000);
    304c:	60 ed       	ldi	r22, 0xD0	; 208
    304e:	77 e0       	ldi	r23, 0x07	; 7
    3050:	80 e0       	ldi	r24, 0x00	; 0
    3052:	90 e0       	ldi	r25, 0x00	; 0
    3054:	0e 94 b9 02 	call	0x572	; 0x572 <delay>
D:\projects\arduino\figaro\OnlineGasDetector_FIGARO/SIM800L.ino:190
            while (SIM800L.available()) SIM800L.read();
    3058:	84 ee       	ldi	r24, 0xE4	; 228
    305a:	94 e0       	ldi	r25, 0x04	; 4
    305c:	0e 94 b0 04 	call	0x960	; 0x960 <SoftwareSerial::available()>
    3060:	89 2b       	or	r24, r25
    3062:	c1 f0       	breq	.+48     	; 0x3094 <main+0x1148>
    3064:	84 ee       	ldi	r24, 0xE4	; 228
    3066:	94 e0       	ldi	r25, 0x04	; 4
    3068:	0e 94 c6 04 	call	0x98c	; 0x98c <SoftwareSerial::read()>
    306c:	f5 cf       	rjmp	.-22     	; 0x3058 <main+0x110c>
D:\projects\arduino\figaro\OnlineGasDetector_FIGARO/SIM800L.ino:192
          } else {
            RestartGsmModule();
    306e:	0e 94 1c 05 	call	0xa38	; 0xa38 <RestartGsmModule()>
D:\projects\arduino\figaro\OnlineGasDetector_FIGARO/SIM800L.ino:193
            delay(5000);
    3072:	68 e8       	ldi	r22, 0x88	; 136
    3074:	73 e1       	ldi	r23, 0x13	; 19
    3076:	80 e0       	ldi	r24, 0x00	; 0
    3078:	90 e0       	ldi	r25, 0x00	; 0
    307a:	0e 94 b9 02 	call	0x572	; 0x572 <delay>
D:\projects\arduino\figaro\OnlineGasDetector_FIGARO/SIM800L.ino:194
            while (SIM800L.available()) SIM800L.read();
    307e:	84 ee       	ldi	r24, 0xE4	; 228
    3080:	94 e0       	ldi	r25, 0x04	; 4
    3082:	0e 94 b0 04 	call	0x960	; 0x960 <SoftwareSerial::available()>
    3086:	89 2b       	or	r24, r25
    3088:	29 f0       	breq	.+10     	; 0x3094 <main+0x1148>
    308a:	84 ee       	ldi	r24, 0xE4	; 228
    308c:	94 e0       	ldi	r25, 0x04	; 4
    308e:	0e 94 c6 04 	call	0x98c	; 0x98c <SoftwareSerial::read()>
    3092:	f5 cf       	rjmp	.-22     	; 0x307e <main+0x1132>
D:\projects\arduino\figaro\OnlineGasDetector_FIGARO/SIM800L.ino:196
          }
          InitSmsMode();
    3094:	0e 94 9f 0b 	call	0x173e	; 0x173e <InitSmsMode()>
    3098:	9e cf       	rjmp	.-196    	; 0x2fd6 <main+0x108a>
SendRequest():
D:\projects\arduino\figaro\OnlineGasDetector_FIGARO/SIM800L.ino:84
      // Шаг 3: SMS владельцам из ответа сервера
      int commaIdx = body.indexOf(',');
      if (commaIdx != -1) {
        String phones = body.substring(commaIdx + 1);
        // GPRS уже закрыт в SendRequestToServer — просто переключаемся на SMS
        SendSMSToOwners(smsText, phones);
    309a:	ce 01       	movw	r24, r28
    309c:	85 51       	subi	r24, 0x15	; 21
    309e:	9f 4f       	sbci	r25, 0xFF	; 255
    30a0:	0e 94 23 07 	call	0xe46	; 0xe46 <String::~String()>
    30a4:	ce 01       	movw	r24, r28
    30a6:	8f 50       	subi	r24, 0x0F	; 15
    30a8:	9f 4f       	sbci	r25, 0xFF	; 255
    30aa:	0e 94 23 07 	call	0xe46	; 0xe46 <String::~String()>
D:\projects\arduino\figaro\OnlineGasDetector_FIGARO/SIM800L.ino:82
      Serial.println(F("SUCCESS"));

      // Шаг 3: SMS владельцам из ответа сервера
      int commaIdx = body.indexOf(',');
      if (commaIdx != -1) {
        String phones = body.substring(commaIdx + 1);
    30ae:	ce 01       	movw	r24, r28
    30b0:	89 50       	subi	r24, 0x09	; 9
    30b2:	9f 4f       	sbci	r25, 0xFF	; 255
    30b4:	0e 94 23 07 	call	0xe46	; 0xe46 <String::~String()>
D:\projects\arduino\figaro\OnlineGasDetector_FIGARO/SIM800L.ino:87
        // GPRS уже закрыт в SendRequestToServer — просто переключаемся на SMS
        SendSMSToOwners(smsText, phones);
      }

      NeedForSendRequest = false;
    30b8:	10 92 1c 04 	sts	0x041C, r1	; 0x80041c <NeedForSendRequest>
D:\projects\arduino\figaro\OnlineGasDetector_FIGARO/SIM800L.ino:88
      FixedSmsSent = false; // сброс для следующего цикла тревоги
    30bc:	10 92 17 04 	sts	0x0417, r1	; 0x800417 <FixedSmsSent>
D:\projects\arduino\figaro\OnlineGasDetector_FIGARO/SIM800L.ino:89
      if (TestAlertIsActive) {
    30c0:	80 91 2f 04 	lds	r24, 0x042F	; 0x80042f <TestAlertIsActive>
    30c4:	81 11       	cpse	r24, r1
D:\projects\arduino\figaro\OnlineGasDetector_FIGARO/SIM800L.ino:90
        TestAlertIsActive = false;
    30c6:	10 92 2f 04 	sts	0x042F, r1	; 0x80042f <TestAlertIsActive>
D:\projects\arduino\figaro\OnlineGasDetector_FIGARO/SIM800L.ino:94
      }
    }

    DeactivateGsmModulePower();
    30ca:	0e 94 2a 05 	call	0xa54	; 0xa54 <DeactivateGsmModulePower()>
D:\projects\arduino\figaro\OnlineGasDetector_FIGARO/SIM800L.ino:75
      // FixedSmsSent остаётся true — в следующем цикле начнём сразу с HTTP
      DeactivateGsmModulePower();
      return;
    }

    String body = ExtractResponseBody(ServerResponse);
    30ce:	ce 01       	movw	r24, r28
    30d0:	83 50       	subi	r24, 0x03	; 3
    30d2:	9f 4f       	sbci	r25, 0xFF	; 255
    30d4:	0e 94 23 07 	call	0xe46	; 0xe46 <String::~String()>
    30d8:	e3 cc       	rjmp	.-1594   	; 0x2aa0 <main+0xb54>
    30da:	60 91 18 04 	lds	r22, 0x0418	; 0x800418 <COConcentration>
    30de:	70 91 19 04 	lds	r23, 0x0419	; 0x800419 <COConcentration+0x1>
    30e2:	80 91 1a 04 	lds	r24, 0x041A	; 0x80041a <COConcentration+0x2>
    30e6:	90 91 1b 04 	lds	r25, 0x041B	; 0x80041b <COConcentration+0x3>
    30ea:	0e 94 b5 1e 	call	0x3d6a	; 0x3d6a <__fixsfsi>
D:\projects\arduino\figaro\OnlineGasDetector_FIGARO/SIM800L.ino:29
      DeactivateGsmModulePower();
      return;
    }

    char smsTextBuf[50];
    if (isTestMode) {
    30ee:	91 10       	cpse	r9, r1
    30f0:	9e ca       	rjmp	.-2756   	; 0x262e <main+0x6e2>
D:\projects\arduino\figaro\OnlineGasDetector_FIGARO/SIM800L.ino:32
      snprintf(smsTextBuf, sizeof(smsTextBuf), "Test alert. CO level: %d ppm", (int)COConcentration);
    } else {
      snprintf(smsTextBuf, sizeof(smsTextBuf), "ALARM! CO detected: %d ppm", (int)COConcentration);
    30f2:	7f 93       	push	r23
    30f4:	6f 93       	push	r22
    30f6:	8b e1       	ldi	r24, 0x1B	; 27
    30f8:	93 e0       	ldi	r25, 0x03	; 3
    30fa:	9d ca       	rjmp	.-2758   	; 0x2636 <main+0x6ea>
SendPing():
D:\projects\arduino\figaro\OnlineGasDetector_FIGARO/SIM800L.ino:120
    DeactivateGsmModulePower();
    return;
  }

  bool ok = true;
  if (!isAtResponseOk(sendAtCommand(F("AT+SAPBR=3,1,\"CONTYPE\",\"GPRS\""), true))) ok = false;
    30fc:	65 e3       	ldi	r22, 0x35	; 53
    30fe:	73 e0       	ldi	r23, 0x03	; 3
    3100:	c8 01       	movw	r24, r16
    3102:	0e 94 43 08 	call	0x1086	; 0x1086 <String::String(__FlashStringHelper const*)>
    3106:	b8 01       	movw	r22, r16
    3108:	c7 01       	movw	r24, r14
    310a:	0e 94 2c 0a 	call	0x1458	; 0x1458 <sendAtCommand(String, bool) [clone .constprop.7]>
    310e:	c7 01       	movw	r24, r14
    3110:	0e 94 54 0a 	call	0x14a8	; 0x14a8 <isAtResponseOk(String)>
    3114:	b8 2e       	mov	r11, r24
    3116:	c7 01       	movw	r24, r14
    3118:	0e 94 23 07 	call	0xe46	; 0xe46 <String::~String()>
    311c:	c8 01       	movw	r24, r16
    311e:	0e 94 23 07 	call	0xe46	; 0xe46 <String::~String()>
    3122:	bb 20       	and	r11, r11
    3124:	d9 f1       	breq	.+118    	; 0x319c <main+0x1250>
D:\projects\arduino\figaro\OnlineGasDetector_FIGARO/SIM800L.ino:123
  if (ok) {
    char apnCmd[50];
    snprintf(apnCmd, sizeof(apnCmd), "AT+SAPBR=3,1,\"APN\",\"%s\"", apn);
    3126:	3f 92       	push	r3
    3128:	2f 92       	push	r2
    312a:	86 e3       	ldi	r24, 0x36	; 54
    312c:	93 e0       	ldi	r25, 0x03	; 3
    312e:	9f 93       	push	r25
    3130:	8f 93       	push	r24
    3132:	1f 92       	push	r1
    3134:	82 e3       	ldi	r24, 0x32	; 50
    3136:	8f 93       	push	r24
    3138:	1f 93       	push	r17
    313a:	0f 93       	push	r16
    313c:	0e 94 3b 21 	call	0x4276	; 0x4276 <snprintf>
D:\projects\arduino\figaro\OnlineGasDetector_FIGARO/SIM800L.ino:124
    if (!isAtResponseOk(sendAtCommand(String(apnCmd), true))) ok = false;
    3140:	b8 01       	movw	r22, r16
    3142:	c7 01       	movw	r24, r14
    3144:	0e 94 ba 07 	call	0xf74	; 0xf74 <String::String(char const*)>
    3148:	b7 01       	movw	r22, r14
    314a:	c6 01       	movw	r24, r12
    314c:	0e 94 2c 0a 	call	0x1458	; 0x1458 <sendAtCommand(String, bool) [clone .constprop.7]>
    3150:	c6 01       	movw	r24, r12
    3152:	0e 94 54 0a 	call	0x14a8	; 0x14a8 <isAtResponseOk(String)>
    3156:	b8 2e       	mov	r11, r24
    3158:	c6 01       	movw	r24, r12
    315a:	0e 94 23 07 	call	0xe46	; 0xe46 <String::~String()>
    315e:	c7 01       	movw	r24, r14
    3160:	0e 94 23 07 	call	0xe46	; 0xe46 <String::~String()>
    3164:	0f b6       	in	r0, 0x3f	; 63
    3166:	f8 94       	cli
    3168:	de bf       	out	0x3e, r29	; 62
    316a:	0f be       	out	0x3f, r0	; 63
    316c:	cd bf       	out	0x3d, r28	; 61
    316e:	bb 20       	and	r11, r11
    3170:	a9 f0       	breq	.+42     	; 0x319c <main+0x1250>
D:\projects\arduino\figaro\OnlineGasDetector_FIGARO/SIM800L.ino:126
  }
  if (ok && !isAtResponseOk(sendAtCommand(F("AT+SAPBR=1,1"), true))) ok = false;
    3172:	68 e2       	ldi	r22, 0x28	; 40
    3174:	73 e0       	ldi	r23, 0x03	; 3
    3176:	c8 01       	movw	r24, r16
    3178:	0e 94 43 08 	call	0x1086	; 0x1086 <String::String(__FlashStringHelper const*)>
    317c:	b8 01       	movw	r22, r16
    317e:	c7 01       	movw	r24, r14
    3180:	0e 94 2c 0a 	call	0x1458	; 0x1458 <sendAtCommand(String, bool) [clone .constprop.7]>
    3184:	c7 01       	movw	r24, r14
    3186:	0e 94 54 0a 	call	0x14a8	; 0x14a8 <isAtResponseOk(String)>
    318a:	b8 2e       	mov	r11, r24
    318c:	c7 01       	movw	r24, r14
    318e:	0e 94 23 07 	call	0xe46	; 0xe46 <String::~String()>
    3192:	c8 01       	movw	r24, r16
    3194:	0e 94 23 07 	call	0xe46	; 0xe46 <String::~String()>
    3198:	b1 10       	cpse	r11, r1
    319a:	1f c0       	rjmp	.+62     	; 0x31da <main+0x128e>
D:\projects\arduino\figaro\OnlineGasDetector_FIGARO/SIM800L.ino:142
      sendAtCommand(F("AT+HTTPACTION=0"), true);
      waitAtAnswer();
    }
  }

  sendAtCommand(F("AT+HTTPTERM"), true);
    319c:	60 ee       	ldi	r22, 0xE0	; 224
    319e:	72 e0       	ldi	r23, 0x02	; 2
    31a0:	c8 01       	movw	r24, r16
    31a2:	0e 94 43 08 	call	0x1086	; 0x1086 <String::String(__FlashStringHelper const*)>
    31a6:	b8 01       	movw	r22, r16
    31a8:	c7 01       	movw	r24, r14
    31aa:	0e 94 2c 0a 	call	0x1458	; 0x1458 <sendAtCommand(String, bool) [clone .constprop.7]>
    31ae:	c7 01       	movw	r24, r14
    31b0:	0e 94 23 07 	call	0xe46	; 0xe46 <String::~String()>
    31b4:	c8 01       	movw	r24, r16
    31b6:	0e 94 23 07 	call	0xe46	; 0xe46 <String::~String()>
D:\projects\arduino\figaro\OnlineGasDetector_FIGARO/SIM800L.ino:143
  sendAtCommand(F("AT+SAPBR=0,1"), true);
    31ba:	63 ed       	ldi	r22, 0xD3	; 211
    31bc:	72 e0       	ldi	r23, 0x02	; 2
    31be:	c8 01       	movw	r24, r16
    31c0:	0e 94 43 08 	call	0x1086	; 0x1086 <String::String(__FlashStringHelper const*)>
    31c4:	b8 01       	movw	r22, r16
    31c6:	c7 01       	movw	r24, r14
    31c8:	0e 94 2c 0a 	call	0x1458	; 0x1458 <sendAtCommand(String, bool) [clone .constprop.7]>
    31cc:	c7 01       	movw	r24, r14
    31ce:	0e 94 23 07 	call	0xe46	; 0xe46 <String::~String()>
    31d2:	c8 01       	movw	r24, r16
    31d4:	0e 94 23 07 	call	0xe46	; 0xe46 <String::~String()>
    31d8:	a4 ca       	rjmp	.-2744   	; 0x2722 <main+0x7d6>
D:\projects\arduino\figaro\OnlineGasDetector_FIGARO/SIM800L.ino:127
    char apnCmd[50];
    snprintf(apnCmd, sizeof(apnCmd), "AT+SAPBR=3,1,\"APN\",\"%s\"", apn);
    if (!isAtResponseOk(sendAtCommand(String(apnCmd), true))) ok = false;
  }
  if (ok && !isAtResponseOk(sendAtCommand(F("AT+SAPBR=1,1"), true))) ok = false;
  if (ok) sendAtCommand(F("AT+HTTPTERM"), true); // закрыть зависшую сессию если есть
    31da:	6c e1       	ldi	r22, 0x1C	; 28
    31dc:	73 e0       	ldi	r23, 0x03	; 3
    31de:	c8 01       	movw	r24, r16
    31e0:	0e 94 43 08 	call	0x1086	; 0x1086 <String::String(__FlashStringHelper const*)>
    31e4:	b8 01       	movw	r22, r16
    31e6:	c7 01       	movw	r24, r14
    31e8:	0e 94 2c 0a 	call	0x1458	; 0x1458 <sendAtCommand(String, bool) [clone .constprop.7]>
    31ec:	c7 01       	movw	r24, r14
    31ee:	0e 94 23 07 	call	0xe46	; 0xe46 <String::~String()>
    31f2:	c8 01       	movw	r24, r16
    31f4:	0e 94 23 07 	call	0xe46	; 0xe46 <String::~String()>
D:\projects\arduino\figaro\OnlineGasDetector_FIGARO/SIM800L.ino:128
  if (ok && !isAtResponseOk(sendAtCommand(F("AT+HTTPINIT"), true))) ok = false;
    31f8:	60 e1       	ldi	r22, 0x10	; 16
    31fa:	73 e0       	ldi	r23, 0x03	; 3
    31fc:	c8 01       	movw	r24, r16
    31fe:	0e 94 43 08 	call	0x1086	; 0x1086 <String::String(__FlashStringHelper const*)>
    3202:	b8 01       	movw	r22, r16
    3204:	c7 01       	movw	r24, r14
    3206:	0e 94 2c 0a 	call	0x1458	; 0x1458 <sendAtCommand(String, bool) [clone .constprop.7]>
    320a:	c7 01       	movw	r24, r14
    320c:	0e 94 54 0a 	call	0x14a8	; 0x14a8 <isAtResponseOk(String)>
    3210:	b8 2e       	mov	r11, r24
    3212:	c7 01       	movw	r24, r14
    3214:	0e 94 23 07 	call	0xe46	; 0xe46 <String::~String()>
    3218:	c8 01       	movw	r24, r16
    321a:	0e 94 23 07 	call	0xe46	; 0xe46 <String::~String()>
    321e:	bb 20       	and	r11, r11
    3220:	09 f4       	brne	.+2      	; 0x3224 <main+0x12d8>
    3222:	bc cf       	rjmp	.-136    	; 0x319c <main+0x1250>
D:\projects\arduino\figaro\OnlineGasDetector_FIGARO/SIM800L.ino:129
  if (ok && !isAtResponseOk(sendAtCommand(F("AT+HTTPPARA=\"CID\",1"), true))) ok = false;
    3224:	6c ef       	ldi	r22, 0xFC	; 252
    3226:	72 e0       	ldi	r23, 0x02	; 2
    3228:	c8 01       	movw	r24, r16
    322a:	0e 94 43 08 	call	0x1086	; 0x1086 <String::String(__FlashStringHelper const*)>
    322e:	b8 01       	movw	r22, r16
    3230:	c7 01       	movw	r24, r14
    3232:	0e 94 2c 0a 	call	0x1458	; 0x1458 <sendAtCommand(String, bool) [clone .constprop.7]>
    3236:	c7 01       	movw	r24, r14
    3238:	0e 94 54 0a 	call	0x14a8	; 0x14a8 <isAtResponseOk(String)>
    323c:	b8 2e       	mov	r11, r24
    323e:	c7 01       	movw	r24, r14
    3240:	0e 94 23 07 	call	0xe46	; 0xe46 <String::~String()>
    3244:	c8 01       	movw	r24, r16
    3246:	0e 94 23 07 	call	0xe46	; 0xe46 <String::~String()>
    324a:	bb 20       	and	r11, r11
    324c:	09 f4       	brne	.+2      	; 0x3250 <main+0x1304>
    324e:	a6 cf       	rjmp	.-180    	; 0x319c <main+0x1250>
D:\projects\arduino\figaro\OnlineGasDetector_FIGARO/SIM800L.ino:133

  if (ok) {
    char urlCmd[80];
    snprintf(urlCmd, sizeof(urlCmd),
    3250:	80 91 04 05 	lds	r24, 0x0504	; 0x800504 <deviceId+0x1>
    3254:	8f 93       	push	r24
    3256:	80 91 03 05 	lds	r24, 0x0503	; 0x800503 <deviceId>
    325a:	8f 93       	push	r24
    325c:	8f e1       	ldi	r24, 0x1F	; 31
    325e:	8f 93       	push	r24
    3260:	80 e9       	ldi	r24, 0x90	; 144
    3262:	8f 93       	push	r24
    3264:	80 91 df 04 	lds	r24, 0x04DF	; 0x8004df <server+0x1>
    3268:	8f 93       	push	r24
    326a:	80 91 de 04 	lds	r24, 0x04DE	; 0x8004de <server>
    326e:	8f 93       	push	r24
    3270:	89 e9       	ldi	r24, 0x99	; 153
    3272:	93 e0       	ldi	r25, 0x03	; 3
    3274:	9f 93       	push	r25
    3276:	8f 93       	push	r24
    3278:	1f 92       	push	r1
    327a:	80 e5       	ldi	r24, 0x50	; 80
    327c:	8f 93       	push	r24
    327e:	1f 93       	push	r17
    3280:	0f 93       	push	r16
    3282:	0e 94 3b 21 	call	0x4276	; 0x4276 <snprintf>
D:\projects\arduino\figaro\OnlineGasDetector_FIGARO/SIM800L.ino:136
      "AT+HTTPPARA=\"URL\",\"%s:%d/dev/ping?device_id=%s\"",
      server.c_str(), port, deviceId.c_str());
    if (isAtResponseOk(sendAtCommand(String(urlCmd), true))) {
    3286:	b8 01       	movw	r22, r16
    3288:	c7 01       	movw	r24, r14
    328a:	0e 94 ba 07 	call	0xf74	; 0xf74 <String::String(char const*)>
    328e:	b7 01       	movw	r22, r14
    3290:	c6 01       	movw	r24, r12
    3292:	0e 94 2c 0a 	call	0x1458	; 0x1458 <sendAtCommand(String, bool) [clone .constprop.7]>
    3296:	c6 01       	movw	r24, r12
    3298:	0e 94 54 0a 	call	0x14a8	; 0x14a8 <isAtResponseOk(String)>
    329c:	b8 2e       	mov	r11, r24
    329e:	c6 01       	movw	r24, r12
    32a0:	0e 94 23 07 	call	0xe46	; 0xe46 <String::~String()>
    32a4:	c7 01       	movw	r24, r14
    32a6:	0e 94 23 07 	call	0xe46	; 0xe46 <String::~String()>
    32aa:	0f b6       	in	r0, 0x3f	; 63
    32ac:	f8 94       	cli
    32ae:	de bf       	out	0x3e, r29	; 62
    32b0:	0f be       	out	0x3f, r0	; 63
    32b2:	cd bf       	out	0x3d, r28	; 61
    32b4:	bb 20       	and	r11, r11
    32b6:	09 f4       	brne	.+2      	; 0x32ba <main+0x136e>
    32b8:	71 cf       	rjmp	.-286    	; 0x319c <main+0x1250>
D:\projects\arduino\figaro\OnlineGasDetector_FIGARO/SIM800L.ino:137
      sendAtCommand(F("AT+HTTPACTION=0"), true);
    32ba:	6c ee       	ldi	r22, 0xEC	; 236
    32bc:	72 e0       	ldi	r23, 0x02	; 2
    32be:	c7 01       	movw	r24, r14
    32c0:	0e 94 43 08 	call	0x1086	; 0x1086 <String::String(__FlashStringHelper const*)>
    32c4:	b7 01       	movw	r22, r14
    32c6:	c6 01       	movw	r24, r12
    32c8:	0e 94 2c 0a 	call	0x1458	; 0x1458 <sendAtCommand(String, bool) [clone .constprop.7]>
    32cc:	c6 01       	movw	r24, r12
    32ce:	0e 94 23 07 	call	0xe46	; 0xe46 <String::~String()>
    32d2:	c7 01       	movw	r24, r14
    32d4:	0e 94 23 07 	call	0xe46	; 0xe46 <String::~String()>
D:\projects\arduino\figaro\OnlineGasDetector_FIGARO/SIM800L.ino:138
      waitAtAnswer();
    32d8:	c7 01       	movw	r24, r14
    32da:	0e 94 71 08 	call	0x10e2	; 0x10e2 <waitAtAnswer()>
    32de:	c7 01       	movw	r24, r14
    32e0:	0e 94 23 07 	call	0xe46	; 0xe46 <String::~String()>
    32e4:	5b cf       	rjmp	.-330    	; 0x319c <main+0x1250>

000032e6 <_GLOBAL__sub_D_SendRequestLastTickTime>:
__static_initialization_and_destruction_0():
D:\projects\arduino\figaro\OnlineGasDetector_FIGARO/SIM800L.ino:7
const char apn[] = "internet";
const char user[] = "";
const char pass[] = "";
const char fixedAlertPhone[] = "+998990074787";
// const String server = "45.138.159.216";
const String server = "109.199.107.195";
    32e6:	8e ed       	ldi	r24, 0xDE	; 222
    32e8:	94 e0       	ldi	r25, 0x04	; 4
    32ea:	0e 94 23 07 	call	0xe46	; 0xe46 <String::~String()>
__base_dtor ():
C:\Users\luci\AppData\Local\Arduino15\packages\MiniCore\hardware\avr\3.1.1\libraries\SoftwareSerial\src/SoftwareSerial.cpp:274
}

//
// Destructor
//
SoftwareSerial::~SoftwareSerial()
    32ee:	8d e3       	ldi	r24, 0x3D	; 61
    32f0:	91 e0       	ldi	r25, 0x01	; 1
    32f2:	90 93 e5 04 	sts	0x04E5, r25	; 0x8004e5 <SIM800L+0x1>
    32f6:	80 93 e4 04 	sts	0x04E4, r24	; 0x8004e4 <SIM800L>
stopListening():
C:\Users\luci\AppData\Local\Arduino15\packages\MiniCore\hardware\avr\3.1.1\libraries\SoftwareSerial\src/SoftwareSerial.cpp:113
}

// Stop listening. Returns true if we were actually listening.
bool SoftwareSerial::stopListening()
{
  if (active_object == this)
    32fa:	80 91 10 04 	lds	r24, 0x0410	; 0x800410 <SoftwareSerial::active_object>
    32fe:	90 91 11 04 	lds	r25, 0x0411	; 0x800411 <SoftwareSerial::active_object+0x1>
    3302:	84 5e       	subi	r24, 0xE4	; 228
    3304:	94 40       	sbci	r25, 0x04	; 4
    3306:	71 f4       	brne	.+28     	; 0x3324 <_GLOBAL__sub_D_SendRequestLastTickTime+0x3e>
_ZN14SoftwareSerial11setRxIntMskEb():
C:\Users\luci\AppData\Local\Arduino15\packages\MiniCore\hardware\avr\3.1.1\libraries\SoftwareSerial\src/SoftwareSerial.cpp:442
void SoftwareSerial::setRxIntMsk(bool enable)
{
    if (enable)
      *_pcint_maskreg |= _pcint_maskvalue;
    else
      *_pcint_maskreg &= ~_pcint_maskvalue;
    3308:	e0 91 f7 04 	lds	r30, 0x04F7	; 0x8004f7 <SIM800L+0x13>
    330c:	f0 91 f8 04 	lds	r31, 0x04F8	; 0x8004f8 <SIM800L+0x14>
    3310:	90 81       	ld	r25, Z
    3312:	80 91 f9 04 	lds	r24, 0x04F9	; 0x8004f9 <SIM800L+0x15>
    3316:	80 95       	com	r24
    3318:	89 23       	and	r24, r25
    331a:	80 83       	st	Z, r24
stopListening():
C:\Users\luci\AppData\Local\Arduino15\packages\MiniCore\hardware\avr\3.1.1\libraries\SoftwareSerial\src/SoftwareSerial.cpp:116
bool SoftwareSerial::stopListening()
{
  if (active_object == this)
  {
    setRxIntMsk(false);
    active_object = NULL;
    331c:	10 92 11 04 	sts	0x0411, r1	; 0x800411 <SoftwareSerial::active_object+0x1>
    3320:	10 92 10 04 	sts	0x0410, r1	; 0x800410 <SoftwareSerial::active_object>
__static_initialization_and_destruction_0():
D:\projects\arduino\figaro\OnlineGasDetector_FIGARO/OnlineGasDetector_FIGARO.ino:76
bool Preparing = true;                // Выводим значения в гравик //FORTEST

float COConcentration = 0;  // Концентрация Угарного газа
#pragma endregion

String deviceId = "25";
    3324:	83 e0       	ldi	r24, 0x03	; 3
    3326:	95 e0       	ldi	r25, 0x05	; 5
    3328:	0c 94 23 07 	jmp	0xe46	; 0xe46 <String::~String()>

0000332c <atol>:
atol():
    332c:	1f 93       	push	r17
    332e:	fc 01       	movw	r30, r24
    3330:	99 27       	eor	r25, r25
    3332:	88 27       	eor	r24, r24
    3334:	bc 01       	movw	r22, r24
    3336:	e8 94       	clt
    3338:	11 91       	ld	r17, Z+
    333a:	10 32       	cpi	r17, 0x20	; 32
    333c:	e9 f3       	breq	.-6      	; 0x3338 <atol+0xc>
    333e:	19 30       	cpi	r17, 0x09	; 9
    3340:	10 f0       	brcs	.+4      	; 0x3346 <atol+0x1a>
    3342:	1e 30       	cpi	r17, 0x0E	; 14
    3344:	c8 f3       	brcs	.-14     	; 0x3338 <atol+0xc>
    3346:	1b 32       	cpi	r17, 0x2B	; 43
    3348:	51 f0       	breq	.+20     	; 0x335e <atol+0x32>
    334a:	1d 32       	cpi	r17, 0x2D	; 45
    334c:	49 f4       	brne	.+18     	; 0x3360 <atol+0x34>
    334e:	68 94       	set
    3350:	06 c0       	rjmp	.+12     	; 0x335e <atol+0x32>
    3352:	0e 94 cd 19 	call	0x339a	; 0x339a <__mulsi_const_10>
    3356:	61 0f       	add	r22, r17
    3358:	71 1d       	adc	r23, r1
    335a:	81 1d       	adc	r24, r1
    335c:	91 1d       	adc	r25, r1
    335e:	11 91       	ld	r17, Z+
    3360:	10 53       	subi	r17, 0x30	; 48
    3362:	1a 30       	cpi	r17, 0x0A	; 10
    3364:	b0 f3       	brcs	.-20     	; 0x3352 <atol+0x26>
    3366:	3e f4       	brtc	.+14     	; 0x3376 <atol+0x4a>
    3368:	90 95       	com	r25
    336a:	80 95       	com	r24
    336c:	70 95       	com	r23
    336e:	61 95       	neg	r22
    3370:	7f 4f       	sbci	r23, 0xFF	; 255
    3372:	8f 4f       	sbci	r24, 0xFF	; 255
    3374:	9f 4f       	sbci	r25, 0xFF	; 255
    3376:	1f 91       	pop	r17
    3378:	08 95       	ret

0000337a <strcpy_P>:
strcpy_P():
    337a:	fb 01       	movw	r30, r22
    337c:	dc 01       	movw	r26, r24
    337e:	05 90       	lpm	r0, Z+
    3380:	0d 92       	st	X+, r0
    3382:	00 20       	and	r0, r0
    3384:	e1 f7       	brne	.-8      	; 0x337e <strcpy_P+0x4>
    3386:	08 95       	ret

00003388 <__strlen_P>:
__strlen_P():
    3388:	fc 01       	movw	r30, r24
    338a:	05 90       	lpm	r0, Z+
    338c:	00 20       	and	r0, r0
    338e:	e9 f7       	brne	.-6      	; 0x338a <__strlen_P+0x2>
    3390:	80 95       	com	r24
    3392:	90 95       	com	r25
    3394:	8e 0f       	add	r24, r30
    3396:	9f 1f       	adc	r25, r31
    3398:	08 95       	ret

0000339a <__mulsi_const_10>:
__mulsi_const_10():
    339a:	59 2f       	mov	r21, r25
    339c:	48 2f       	mov	r20, r24
    339e:	37 2f       	mov	r19, r23
    33a0:	26 2f       	mov	r18, r22
    33a2:	66 0f       	add	r22, r22
    33a4:	77 1f       	adc	r23, r23
    33a6:	88 1f       	adc	r24, r24
    33a8:	99 1f       	adc	r25, r25
    33aa:	66 0f       	add	r22, r22
    33ac:	77 1f       	adc	r23, r23
    33ae:	88 1f       	adc	r24, r24
    33b0:	99 1f       	adc	r25, r25
    33b2:	62 0f       	add	r22, r18
    33b4:	73 1f       	adc	r23, r19
    33b6:	84 1f       	adc	r24, r20
    33b8:	95 1f       	adc	r25, r21
    33ba:	66 0f       	add	r22, r22
    33bc:	77 1f       	adc	r23, r23
    33be:	88 1f       	adc	r24, r24
    33c0:	99 1f       	adc	r25, r25
    33c2:	08 95       	ret

000033c4 <vfprintf>:
vfprintf():
    33c4:	ab e0       	ldi	r26, 0x0B	; 11
    33c6:	b0 e0       	ldi	r27, 0x00	; 0
    33c8:	e8 ee       	ldi	r30, 0xE8	; 232
    33ca:	f9 e1       	ldi	r31, 0x19	; 25
    33cc:	0c 94 90 1d 	jmp	0x3b20	; 0x3b20 <__prologue_saves__>
    33d0:	7c 01       	movw	r14, r24
    33d2:	3b 01       	movw	r6, r22
    33d4:	8a 01       	movw	r16, r20
    33d6:	fc 01       	movw	r30, r24
    33d8:	17 82       	std	Z+7, r1	; 0x07
    33da:	16 82       	std	Z+6, r1	; 0x06
    33dc:	83 81       	ldd	r24, Z+3	; 0x03
    33de:	81 ff       	sbrs	r24, 1
    33e0:	c8 c1       	rjmp	.+912    	; 0x3772 <vfprintf+0x3ae>
    33e2:	ce 01       	movw	r24, r28
    33e4:	01 96       	adiw	r24, 0x01	; 1
    33e6:	5c 01       	movw	r10, r24
    33e8:	f7 01       	movw	r30, r14
    33ea:	93 81       	ldd	r25, Z+3	; 0x03
    33ec:	f3 01       	movw	r30, r6
    33ee:	93 fd       	sbrc	r25, 3
    33f0:	85 91       	lpm	r24, Z+
    33f2:	93 ff       	sbrs	r25, 3
    33f4:	81 91       	ld	r24, Z+
    33f6:	3f 01       	movw	r6, r30
    33f8:	88 23       	and	r24, r24
    33fa:	09 f4       	brne	.+2      	; 0x33fe <vfprintf+0x3a>
    33fc:	53 c1       	rjmp	.+678    	; 0x36a4 <vfprintf+0x2e0>
    33fe:	85 32       	cpi	r24, 0x25	; 37
    3400:	39 f4       	brne	.+14     	; 0x3410 <vfprintf+0x4c>
    3402:	93 fd       	sbrc	r25, 3
    3404:	85 91       	lpm	r24, Z+
    3406:	93 ff       	sbrs	r25, 3
    3408:	81 91       	ld	r24, Z+
    340a:	3f 01       	movw	r6, r30
    340c:	85 32       	cpi	r24, 0x25	; 37
    340e:	29 f4       	brne	.+10     	; 0x341a <vfprintf+0x56>
    3410:	b7 01       	movw	r22, r14
    3412:	90 e0       	ldi	r25, 0x00	; 0
    3414:	0e 94 db 1b 	call	0x37b6	; 0x37b6 <fputc>
    3418:	e7 cf       	rjmp	.-50     	; 0x33e8 <vfprintf+0x24>
    341a:	91 2c       	mov	r9, r1
    341c:	21 2c       	mov	r2, r1
    341e:	31 2c       	mov	r3, r1
    3420:	ff e1       	ldi	r31, 0x1F	; 31
    3422:	f3 15       	cp	r31, r3
    3424:	38 f0       	brcs	.+14     	; 0x3434 <vfprintf+0x70>
    3426:	8b 32       	cpi	r24, 0x2B	; 43
    3428:	11 f1       	breq	.+68     	; 0x346e <vfprintf+0xaa>
    342a:	90 f4       	brcc	.+36     	; 0x3450 <vfprintf+0x8c>
    342c:	80 32       	cpi	r24, 0x20	; 32
    342e:	09 f1       	breq	.+66     	; 0x3472 <vfprintf+0xae>
    3430:	83 32       	cpi	r24, 0x23	; 35
    3432:	29 f1       	breq	.+74     	; 0x347e <vfprintf+0xba>
    3434:	37 fc       	sbrc	r3, 7
    3436:	3c c0       	rjmp	.+120    	; 0x34b0 <vfprintf+0xec>
    3438:	20 ed       	ldi	r18, 0xD0	; 208
    343a:	28 0f       	add	r18, r24
    343c:	2a 30       	cpi	r18, 0x0A	; 10
    343e:	50 f5       	brcc	.+84     	; 0x3494 <vfprintf+0xd0>
    3440:	36 fe       	sbrs	r3, 6
    3442:	20 c0       	rjmp	.+64     	; 0x3484 <vfprintf+0xc0>
    3444:	8a e0       	ldi	r24, 0x0A	; 10
    3446:	98 9e       	mul	r9, r24
    3448:	20 0d       	add	r18, r0
    344a:	11 24       	eor	r1, r1
    344c:	92 2e       	mov	r9, r18
    344e:	06 c0       	rjmp	.+12     	; 0x345c <vfprintf+0x98>
    3450:	8d 32       	cpi	r24, 0x2D	; 45
    3452:	91 f0       	breq	.+36     	; 0x3478 <vfprintf+0xb4>
    3454:	80 33       	cpi	r24, 0x30	; 48
    3456:	71 f7       	brne	.-36     	; 0x3434 <vfprintf+0x70>
    3458:	68 94       	set
    345a:	30 f8       	bld	r3, 0
    345c:	f3 01       	movw	r30, r6
    345e:	93 fd       	sbrc	r25, 3
    3460:	85 91       	lpm	r24, Z+
    3462:	93 ff       	sbrs	r25, 3
    3464:	81 91       	ld	r24, Z+
    3466:	3f 01       	movw	r6, r30
    3468:	81 11       	cpse	r24, r1
    346a:	da cf       	rjmp	.-76     	; 0x3420 <vfprintf+0x5c>
    346c:	21 c0       	rjmp	.+66     	; 0x34b0 <vfprintf+0xec>
    346e:	68 94       	set
    3470:	31 f8       	bld	r3, 1
    3472:	68 94       	set
    3474:	32 f8       	bld	r3, 2
    3476:	f2 cf       	rjmp	.-28     	; 0x345c <vfprintf+0x98>
    3478:	68 94       	set
    347a:	33 f8       	bld	r3, 3
    347c:	ef cf       	rjmp	.-34     	; 0x345c <vfprintf+0x98>
    347e:	68 94       	set
    3480:	34 f8       	bld	r3, 4
    3482:	ec cf       	rjmp	.-40     	; 0x345c <vfprintf+0x98>
    3484:	ea e0       	ldi	r30, 0x0A	; 10
    3486:	2e 9e       	mul	r2, r30
    3488:	20 0d       	add	r18, r0
    348a:	11 24       	eor	r1, r1
    348c:	22 2e       	mov	r2, r18
    348e:	68 94       	set
    3490:	35 f8       	bld	r3, 5
    3492:	e4 cf       	rjmp	.-56     	; 0x345c <vfprintf+0x98>
    3494:	8e 32       	cpi	r24, 0x2E	; 46
    3496:	29 f4       	brne	.+10     	; 0x34a2 <vfprintf+0xde>
    3498:	36 fc       	sbrc	r3, 6
    349a:	04 c1       	rjmp	.+520    	; 0x36a4 <vfprintf+0x2e0>
    349c:	68 94       	set
    349e:	36 f8       	bld	r3, 6
    34a0:	dd cf       	rjmp	.-70     	; 0x345c <vfprintf+0x98>
    34a2:	8c 36       	cpi	r24, 0x6C	; 108
    34a4:	19 f4       	brne	.+6      	; 0x34ac <vfprintf+0xe8>
    34a6:	68 94       	set
    34a8:	37 f8       	bld	r3, 7
    34aa:	d8 cf       	rjmp	.-80     	; 0x345c <vfprintf+0x98>
    34ac:	88 36       	cpi	r24, 0x68	; 104
    34ae:	b1 f2       	breq	.-84     	; 0x345c <vfprintf+0x98>
    34b0:	98 2f       	mov	r25, r24
    34b2:	9f 7d       	andi	r25, 0xDF	; 223
    34b4:	95 54       	subi	r25, 0x45	; 69
    34b6:	93 30       	cpi	r25, 0x03	; 3
    34b8:	e0 f0       	brcs	.+56     	; 0x34f2 <vfprintf+0x12e>
    34ba:	83 36       	cpi	r24, 0x63	; 99
    34bc:	a1 f1       	breq	.+104    	; 0x3526 <vfprintf+0x162>
    34be:	83 37       	cpi	r24, 0x73	; 115
    34c0:	c1 f1       	breq	.+112    	; 0x3532 <vfprintf+0x16e>
    34c2:	83 35       	cpi	r24, 0x53	; 83
    34c4:	09 f0       	breq	.+2      	; 0x34c8 <vfprintf+0x104>
    34c6:	63 c0       	rjmp	.+198    	; 0x358e <vfprintf+0x1ca>
    34c8:	28 01       	movw	r4, r16
    34ca:	f2 e0       	ldi	r31, 0x02	; 2
    34cc:	4f 0e       	add	r4, r31
    34ce:	51 1c       	adc	r5, r1
    34d0:	f8 01       	movw	r30, r16
    34d2:	c0 80       	ld	r12, Z
    34d4:	d1 80       	ldd	r13, Z+1	; 0x01
    34d6:	69 2d       	mov	r22, r9
    34d8:	70 e0       	ldi	r23, 0x00	; 0
    34da:	36 fc       	sbrc	r3, 6
    34dc:	02 c0       	rjmp	.+4      	; 0x34e2 <vfprintf+0x11e>
    34de:	6f ef       	ldi	r22, 0xFF	; 255
    34e0:	7f ef       	ldi	r23, 0xFF	; 255
    34e2:	c6 01       	movw	r24, r12
    34e4:	0e 94 c5 1b 	call	0x378a	; 0x378a <strnlen_P>
    34e8:	4c 01       	movw	r8, r24
    34ea:	68 94       	set
    34ec:	37 f8       	bld	r3, 7
    34ee:	82 01       	movw	r16, r4
    34f0:	0a c0       	rjmp	.+20     	; 0x3506 <vfprintf+0x142>
    34f2:	0c 5f       	subi	r16, 0xFC	; 252
    34f4:	1f 4f       	sbci	r17, 0xFF	; 255
    34f6:	ff e3       	ldi	r31, 0x3F	; 63
    34f8:	f9 83       	std	Y+1, r31	; 0x01
    34fa:	88 24       	eor	r8, r8
    34fc:	83 94       	inc	r8
    34fe:	91 2c       	mov	r9, r1
    3500:	65 01       	movw	r12, r10
    3502:	e8 94       	clt
    3504:	37 f8       	bld	r3, 7
    3506:	33 fe       	sbrs	r3, 3
    3508:	2d c0       	rjmp	.+90     	; 0x3564 <vfprintf+0x1a0>
    350a:	52 2c       	mov	r5, r2
    350c:	81 14       	cp	r8, r1
    350e:	91 04       	cpc	r9, r1
    3510:	71 f5       	brne	.+92     	; 0x356e <vfprintf+0x1aa>
    3512:	55 20       	and	r5, r5
    3514:	09 f4       	brne	.+2      	; 0x3518 <vfprintf+0x154>
    3516:	68 cf       	rjmp	.-304    	; 0x33e8 <vfprintf+0x24>
    3518:	b7 01       	movw	r22, r14
    351a:	80 e2       	ldi	r24, 0x20	; 32
    351c:	90 e0       	ldi	r25, 0x00	; 0
    351e:	0e 94 db 1b 	call	0x37b6	; 0x37b6 <fputc>
    3522:	5a 94       	dec	r5
    3524:	f6 cf       	rjmp	.-20     	; 0x3512 <vfprintf+0x14e>
    3526:	f8 01       	movw	r30, r16
    3528:	80 81       	ld	r24, Z
    352a:	89 83       	std	Y+1, r24	; 0x01
    352c:	0e 5f       	subi	r16, 0xFE	; 254
    352e:	1f 4f       	sbci	r17, 0xFF	; 255
    3530:	e4 cf       	rjmp	.-56     	; 0x34fa <vfprintf+0x136>
    3532:	28 01       	movw	r4, r16
    3534:	f2 e0       	ldi	r31, 0x02	; 2
    3536:	4f 0e       	add	r4, r31
    3538:	51 1c       	adc	r5, r1
    353a:	f8 01       	movw	r30, r16
    353c:	c0 80       	ld	r12, Z
    353e:	d1 80       	ldd	r13, Z+1	; 0x01
    3540:	69 2d       	mov	r22, r9
    3542:	70 e0       	ldi	r23, 0x00	; 0
    3544:	36 fc       	sbrc	r3, 6
    3546:	02 c0       	rjmp	.+4      	; 0x354c <vfprintf+0x188>
    3548:	6f ef       	ldi	r22, 0xFF	; 255
    354a:	7f ef       	ldi	r23, 0xFF	; 255
    354c:	c6 01       	movw	r24, r12
    354e:	0e 94 d0 1b 	call	0x37a0	; 0x37a0 <strnlen>
    3552:	4c 01       	movw	r8, r24
    3554:	82 01       	movw	r16, r4
    3556:	d5 cf       	rjmp	.-86     	; 0x3502 <vfprintf+0x13e>
    3558:	b7 01       	movw	r22, r14
    355a:	80 e2       	ldi	r24, 0x20	; 32
    355c:	90 e0       	ldi	r25, 0x00	; 0
    355e:	0e 94 db 1b 	call	0x37b6	; 0x37b6 <fputc>
    3562:	2a 94       	dec	r2
    3564:	28 14       	cp	r2, r8
    3566:	19 04       	cpc	r1, r9
    3568:	09 f0       	breq	.+2      	; 0x356c <vfprintf+0x1a8>
    356a:	b0 f7       	brcc	.-20     	; 0x3558 <vfprintf+0x194>
    356c:	ce cf       	rjmp	.-100    	; 0x350a <vfprintf+0x146>
    356e:	f6 01       	movw	r30, r12
    3570:	37 fc       	sbrc	r3, 7
    3572:	85 91       	lpm	r24, Z+
    3574:	37 fe       	sbrs	r3, 7
    3576:	81 91       	ld	r24, Z+
    3578:	6f 01       	movw	r12, r30
    357a:	b7 01       	movw	r22, r14
    357c:	90 e0       	ldi	r25, 0x00	; 0
    357e:	0e 94 db 1b 	call	0x37b6	; 0x37b6 <fputc>
    3582:	51 10       	cpse	r5, r1
    3584:	5a 94       	dec	r5
    3586:	f1 e0       	ldi	r31, 0x01	; 1
    3588:	8f 1a       	sub	r8, r31
    358a:	91 08       	sbc	r9, r1
    358c:	bf cf       	rjmp	.-130    	; 0x350c <vfprintf+0x148>
    358e:	84 36       	cpi	r24, 0x64	; 100
    3590:	19 f0       	breq	.+6      	; 0x3598 <vfprintf+0x1d4>
    3592:	89 36       	cpi	r24, 0x69	; 105
    3594:	09 f0       	breq	.+2      	; 0x3598 <vfprintf+0x1d4>
    3596:	77 c0       	rjmp	.+238    	; 0x3686 <vfprintf+0x2c2>
    3598:	f8 01       	movw	r30, r16
    359a:	37 fe       	sbrs	r3, 7
    359c:	6b c0       	rjmp	.+214    	; 0x3674 <vfprintf+0x2b0>
    359e:	60 81       	ld	r22, Z
    35a0:	71 81       	ldd	r23, Z+1	; 0x01
    35a2:	82 81       	ldd	r24, Z+2	; 0x02
    35a4:	93 81       	ldd	r25, Z+3	; 0x03
    35a6:	0c 5f       	subi	r16, 0xFC	; 252
    35a8:	1f 4f       	sbci	r17, 0xFF	; 255
    35aa:	f3 2d       	mov	r31, r3
    35ac:	ff 76       	andi	r31, 0x6F	; 111
    35ae:	3f 2e       	mov	r3, r31
    35b0:	97 ff       	sbrs	r25, 7
    35b2:	09 c0       	rjmp	.+18     	; 0x35c6 <vfprintf+0x202>
    35b4:	90 95       	com	r25
    35b6:	80 95       	com	r24
    35b8:	70 95       	com	r23
    35ba:	61 95       	neg	r22
    35bc:	7f 4f       	sbci	r23, 0xFF	; 255
    35be:	8f 4f       	sbci	r24, 0xFF	; 255
    35c0:	9f 4f       	sbci	r25, 0xFF	; 255
    35c2:	68 94       	set
    35c4:	37 f8       	bld	r3, 7
    35c6:	2a e0       	ldi	r18, 0x0A	; 10
    35c8:	30 e0       	ldi	r19, 0x00	; 0
    35ca:	a5 01       	movw	r20, r10
    35cc:	0e 94 0b 1c 	call	0x3816	; 0x3816 <__ultoa_invert>
    35d0:	c8 2e       	mov	r12, r24
    35d2:	ca 18       	sub	r12, r10
    35d4:	8c 2c       	mov	r8, r12
    35d6:	43 2c       	mov	r4, r3
    35d8:	36 fe       	sbrs	r3, 6
    35da:	0c c0       	rjmp	.+24     	; 0x35f4 <vfprintf+0x230>
    35dc:	e8 94       	clt
    35de:	40 f8       	bld	r4, 0
    35e0:	c9 14       	cp	r12, r9
    35e2:	40 f4       	brcc	.+16     	; 0x35f4 <vfprintf+0x230>
    35e4:	34 fe       	sbrs	r3, 4
    35e6:	05 c0       	rjmp	.+10     	; 0x35f2 <vfprintf+0x22e>
    35e8:	32 fc       	sbrc	r3, 2
    35ea:	03 c0       	rjmp	.+6      	; 0x35f2 <vfprintf+0x22e>
    35ec:	f3 2d       	mov	r31, r3
    35ee:	fe 7e       	andi	r31, 0xEE	; 238
    35f0:	4f 2e       	mov	r4, r31
    35f2:	89 2c       	mov	r8, r9
    35f4:	44 fe       	sbrs	r4, 4
    35f6:	95 c0       	rjmp	.+298    	; 0x3722 <vfprintf+0x35e>
    35f8:	fe 01       	movw	r30, r28
    35fa:	ec 0d       	add	r30, r12
    35fc:	f1 1d       	adc	r31, r1
    35fe:	80 81       	ld	r24, Z
    3600:	80 33       	cpi	r24, 0x30	; 48
    3602:	09 f0       	breq	.+2      	; 0x3606 <vfprintf+0x242>
    3604:	87 c0       	rjmp	.+270    	; 0x3714 <vfprintf+0x350>
    3606:	24 2d       	mov	r18, r4
    3608:	29 7e       	andi	r18, 0xE9	; 233
    360a:	42 2e       	mov	r4, r18
    360c:	84 2d       	mov	r24, r4
    360e:	88 70       	andi	r24, 0x08	; 8
    3610:	58 2e       	mov	r5, r24
    3612:	43 fc       	sbrc	r4, 3
    3614:	95 c0       	rjmp	.+298    	; 0x3740 <vfprintf+0x37c>
    3616:	40 fe       	sbrs	r4, 0
    3618:	8f c0       	rjmp	.+286    	; 0x3738 <vfprintf+0x374>
    361a:	9c 2c       	mov	r9, r12
    361c:	82 14       	cp	r8, r2
    361e:	18 f4       	brcc	.+6      	; 0x3626 <vfprintf+0x262>
    3620:	2c 0c       	add	r2, r12
    3622:	92 2c       	mov	r9, r2
    3624:	98 18       	sub	r9, r8
    3626:	44 fe       	sbrs	r4, 4
    3628:	91 c0       	rjmp	.+290    	; 0x374c <vfprintf+0x388>
    362a:	b7 01       	movw	r22, r14
    362c:	80 e3       	ldi	r24, 0x30	; 48
    362e:	90 e0       	ldi	r25, 0x00	; 0
    3630:	0e 94 db 1b 	call	0x37b6	; 0x37b6 <fputc>
    3634:	42 fe       	sbrs	r4, 2
    3636:	09 c0       	rjmp	.+18     	; 0x364a <vfprintf+0x286>
    3638:	88 e7       	ldi	r24, 0x78	; 120
    363a:	90 e0       	ldi	r25, 0x00	; 0
    363c:	41 fe       	sbrs	r4, 1
    363e:	02 c0       	rjmp	.+4      	; 0x3644 <vfprintf+0x280>
    3640:	88 e5       	ldi	r24, 0x58	; 88
    3642:	90 e0       	ldi	r25, 0x00	; 0
    3644:	b7 01       	movw	r22, r14
    3646:	0e 94 db 1b 	call	0x37b6	; 0x37b6 <fputc>
    364a:	c9 14       	cp	r12, r9
    364c:	08 f4       	brcc	.+2      	; 0x3650 <vfprintf+0x28c>
    364e:	8a c0       	rjmp	.+276    	; 0x3764 <vfprintf+0x3a0>
    3650:	ca 94       	dec	r12
    3652:	d1 2c       	mov	r13, r1
    3654:	9f ef       	ldi	r25, 0xFF	; 255
    3656:	c9 1a       	sub	r12, r25
    3658:	d9 0a       	sbc	r13, r25
    365a:	ca 0c       	add	r12, r10
    365c:	db 1c       	adc	r13, r11
    365e:	f6 01       	movw	r30, r12
    3660:	82 91       	ld	r24, -Z
    3662:	6f 01       	movw	r12, r30
    3664:	b7 01       	movw	r22, r14
    3666:	90 e0       	ldi	r25, 0x00	; 0
    3668:	0e 94 db 1b 	call	0x37b6	; 0x37b6 <fputc>
    366c:	ac 14       	cp	r10, r12
    366e:	bd 04       	cpc	r11, r13
    3670:	b1 f7       	brne	.-20     	; 0x365e <vfprintf+0x29a>
    3672:	4f cf       	rjmp	.-354    	; 0x3512 <vfprintf+0x14e>
    3674:	60 81       	ld	r22, Z
    3676:	71 81       	ldd	r23, Z+1	; 0x01
    3678:	07 2e       	mov	r0, r23
    367a:	00 0c       	add	r0, r0
    367c:	88 0b       	sbc	r24, r24
    367e:	99 0b       	sbc	r25, r25
    3680:	0e 5f       	subi	r16, 0xFE	; 254
    3682:	1f 4f       	sbci	r17, 0xFF	; 255
    3684:	92 cf       	rjmp	.-220    	; 0x35aa <vfprintf+0x1e6>
    3686:	d3 2c       	mov	r13, r3
    3688:	e8 94       	clt
    368a:	d4 f8       	bld	r13, 4
    368c:	2a e0       	ldi	r18, 0x0A	; 10
    368e:	30 e0       	ldi	r19, 0x00	; 0
    3690:	85 37       	cpi	r24, 0x75	; 117
    3692:	39 f1       	breq	.+78     	; 0x36e2 <vfprintf+0x31e>
    3694:	23 2d       	mov	r18, r3
    3696:	29 7f       	andi	r18, 0xF9	; 249
    3698:	d2 2e       	mov	r13, r18
    369a:	8f 36       	cpi	r24, 0x6F	; 111
    369c:	01 f1       	breq	.+64     	; 0x36de <vfprintf+0x31a>
    369e:	48 f4       	brcc	.+18     	; 0x36b2 <vfprintf+0x2ee>
    36a0:	88 35       	cpi	r24, 0x58	; 88
    36a2:	a9 f0       	breq	.+42     	; 0x36ce <vfprintf+0x30a>
    36a4:	f7 01       	movw	r30, r14
    36a6:	86 81       	ldd	r24, Z+6	; 0x06
    36a8:	97 81       	ldd	r25, Z+7	; 0x07
    36aa:	2b 96       	adiw	r28, 0x0b	; 11
    36ac:	e2 e1       	ldi	r30, 0x12	; 18
    36ae:	0c 94 ac 1d 	jmp	0x3b58	; 0x3b58 <__epilogue_restores__>
    36b2:	80 37       	cpi	r24, 0x70	; 112
    36b4:	49 f0       	breq	.+18     	; 0x36c8 <vfprintf+0x304>
    36b6:	88 37       	cpi	r24, 0x78	; 120
    36b8:	a9 f7       	brne	.-22     	; 0x36a4 <vfprintf+0x2e0>
    36ba:	d4 fe       	sbrs	r13, 4
    36bc:	02 c0       	rjmp	.+4      	; 0x36c2 <vfprintf+0x2fe>
    36be:	68 94       	set
    36c0:	d2 f8       	bld	r13, 2
    36c2:	20 e1       	ldi	r18, 0x10	; 16
    36c4:	30 e0       	ldi	r19, 0x00	; 0
    36c6:	0d c0       	rjmp	.+26     	; 0x36e2 <vfprintf+0x31e>
    36c8:	68 94       	set
    36ca:	d4 f8       	bld	r13, 4
    36cc:	f6 cf       	rjmp	.-20     	; 0x36ba <vfprintf+0x2f6>
    36ce:	34 fe       	sbrs	r3, 4
    36d0:	03 c0       	rjmp	.+6      	; 0x36d8 <vfprintf+0x314>
    36d2:	82 2f       	mov	r24, r18
    36d4:	86 60       	ori	r24, 0x06	; 6
    36d6:	d8 2e       	mov	r13, r24
    36d8:	20 e1       	ldi	r18, 0x10	; 16
    36da:	32 e0       	ldi	r19, 0x02	; 2
    36dc:	02 c0       	rjmp	.+4      	; 0x36e2 <vfprintf+0x31e>
    36de:	28 e0       	ldi	r18, 0x08	; 8
    36e0:	30 e0       	ldi	r19, 0x00	; 0
    36e2:	f8 01       	movw	r30, r16
    36e4:	d7 fe       	sbrs	r13, 7
    36e6:	0f c0       	rjmp	.+30     	; 0x3706 <vfprintf+0x342>
    36e8:	60 81       	ld	r22, Z
    36ea:	71 81       	ldd	r23, Z+1	; 0x01
    36ec:	82 81       	ldd	r24, Z+2	; 0x02
    36ee:	93 81       	ldd	r25, Z+3	; 0x03
    36f0:	0c 5f       	subi	r16, 0xFC	; 252
    36f2:	1f 4f       	sbci	r17, 0xFF	; 255
    36f4:	a5 01       	movw	r20, r10
    36f6:	0e 94 0b 1c 	call	0x3816	; 0x3816 <__ultoa_invert>
    36fa:	c8 2e       	mov	r12, r24
    36fc:	ca 18       	sub	r12, r10
    36fe:	3d 2c       	mov	r3, r13
    3700:	e8 94       	clt
    3702:	37 f8       	bld	r3, 7
    3704:	67 cf       	rjmp	.-306    	; 0x35d4 <vfprintf+0x210>
    3706:	60 81       	ld	r22, Z
    3708:	71 81       	ldd	r23, Z+1	; 0x01
    370a:	90 e0       	ldi	r25, 0x00	; 0
    370c:	80 e0       	ldi	r24, 0x00	; 0
    370e:	0e 5f       	subi	r16, 0xFE	; 254
    3710:	1f 4f       	sbci	r17, 0xFF	; 255
    3712:	f0 cf       	rjmp	.-32     	; 0x36f4 <vfprintf+0x330>
    3714:	42 fc       	sbrc	r4, 2
    3716:	02 c0       	rjmp	.+4      	; 0x371c <vfprintf+0x358>
    3718:	83 94       	inc	r8
    371a:	78 cf       	rjmp	.-272    	; 0x360c <vfprintf+0x248>
    371c:	83 94       	inc	r8
    371e:	83 94       	inc	r8
    3720:	75 cf       	rjmp	.-278    	; 0x360c <vfprintf+0x248>
    3722:	84 2d       	mov	r24, r4
    3724:	86 78       	andi	r24, 0x86	; 134
    3726:	09 f4       	brne	.+2      	; 0x372a <vfprintf+0x366>
    3728:	71 cf       	rjmp	.-286    	; 0x360c <vfprintf+0x248>
    372a:	f6 cf       	rjmp	.-20     	; 0x3718 <vfprintf+0x354>
    372c:	b7 01       	movw	r22, r14
    372e:	80 e2       	ldi	r24, 0x20	; 32
    3730:	90 e0       	ldi	r25, 0x00	; 0
    3732:	0e 94 db 1b 	call	0x37b6	; 0x37b6 <fputc>
    3736:	83 94       	inc	r8
    3738:	82 14       	cp	r8, r2
    373a:	c0 f3       	brcs	.-16     	; 0x372c <vfprintf+0x368>
    373c:	51 2c       	mov	r5, r1
    373e:	73 cf       	rjmp	.-282    	; 0x3626 <vfprintf+0x262>
    3740:	52 2c       	mov	r5, r2
    3742:	58 18       	sub	r5, r8
    3744:	82 14       	cp	r8, r2
    3746:	08 f4       	brcc	.+2      	; 0x374a <vfprintf+0x386>
    3748:	6e cf       	rjmp	.-292    	; 0x3626 <vfprintf+0x262>
    374a:	f8 cf       	rjmp	.-16     	; 0x373c <vfprintf+0x378>
    374c:	84 2d       	mov	r24, r4
    374e:	86 78       	andi	r24, 0x86	; 134
    3750:	09 f4       	brne	.+2      	; 0x3754 <vfprintf+0x390>
    3752:	7b cf       	rjmp	.-266    	; 0x364a <vfprintf+0x286>
    3754:	8b e2       	ldi	r24, 0x2B	; 43
    3756:	41 fe       	sbrs	r4, 1
    3758:	80 e2       	ldi	r24, 0x20	; 32
    375a:	47 fc       	sbrc	r4, 7
    375c:	8d e2       	ldi	r24, 0x2D	; 45
    375e:	b7 01       	movw	r22, r14
    3760:	90 e0       	ldi	r25, 0x00	; 0
    3762:	71 cf       	rjmp	.-286    	; 0x3646 <vfprintf+0x282>
    3764:	b7 01       	movw	r22, r14
    3766:	80 e3       	ldi	r24, 0x30	; 48
    3768:	90 e0       	ldi	r25, 0x00	; 0
    376a:	0e 94 db 1b 	call	0x37b6	; 0x37b6 <fputc>
    376e:	9a 94       	dec	r9
    3770:	6c cf       	rjmp	.-296    	; 0x364a <vfprintf+0x286>
    3772:	8f ef       	ldi	r24, 0xFF	; 255
    3774:	9f ef       	ldi	r25, 0xFF	; 255
    3776:	99 cf       	rjmp	.-206    	; 0x36aa <vfprintf+0x2e6>

00003778 <isspace>:
isspace():
    3778:	91 11       	cpse	r25, r1
    377a:	0c 94 3c 1d 	jmp	0x3a78	; 0x3a78 <__ctype_isfalse>
    377e:	80 32       	cpi	r24, 0x20	; 32
    3780:	19 f0       	breq	.+6      	; 0x3788 <isspace+0x10>
    3782:	89 50       	subi	r24, 0x09	; 9
    3784:	85 50       	subi	r24, 0x05	; 5
    3786:	c8 f7       	brcc	.-14     	; 0x377a <isspace+0x2>
    3788:	08 95       	ret

0000378a <strnlen_P>:
strnlen_P():
    378a:	fc 01       	movw	r30, r24
    378c:	05 90       	lpm	r0, Z+
    378e:	61 50       	subi	r22, 0x01	; 1
    3790:	70 40       	sbci	r23, 0x00	; 0
    3792:	01 10       	cpse	r0, r1
    3794:	d8 f7       	brcc	.-10     	; 0x378c <strnlen_P+0x2>
    3796:	80 95       	com	r24
    3798:	90 95       	com	r25
    379a:	8e 0f       	add	r24, r30
    379c:	9f 1f       	adc	r25, r31
    379e:	08 95       	ret

000037a0 <strnlen>:
strnlen():
    37a0:	fc 01       	movw	r30, r24
    37a2:	61 50       	subi	r22, 0x01	; 1
    37a4:	70 40       	sbci	r23, 0x00	; 0
    37a6:	01 90       	ld	r0, Z+
    37a8:	01 10       	cpse	r0, r1
    37aa:	d8 f7       	brcc	.-10     	; 0x37a2 <strnlen+0x2>
    37ac:	80 95       	com	r24
    37ae:	90 95       	com	r25
    37b0:	8e 0f       	add	r24, r30
    37b2:	9f 1f       	adc	r25, r31
    37b4:	08 95       	ret

000037b6 <fputc>:
fputc():
    37b6:	0f 93       	push	r16
    37b8:	1f 93       	push	r17
    37ba:	cf 93       	push	r28
    37bc:	df 93       	push	r29
    37be:	18 2f       	mov	r17, r24
    37c0:	09 2f       	mov	r16, r25
    37c2:	eb 01       	movw	r28, r22
    37c4:	8b 81       	ldd	r24, Y+3	; 0x03
    37c6:	81 fd       	sbrc	r24, 1
    37c8:	09 c0       	rjmp	.+18     	; 0x37dc <fputc+0x26>
    37ca:	1f ef       	ldi	r17, 0xFF	; 255
    37cc:	0f ef       	ldi	r16, 0xFF	; 255
    37ce:	81 2f       	mov	r24, r17
    37d0:	90 2f       	mov	r25, r16
    37d2:	df 91       	pop	r29
    37d4:	cf 91       	pop	r28
    37d6:	1f 91       	pop	r17
    37d8:	0f 91       	pop	r16
    37da:	08 95       	ret
    37dc:	82 ff       	sbrs	r24, 2
    37de:	14 c0       	rjmp	.+40     	; 0x3808 <fputc+0x52>
    37e0:	2e 81       	ldd	r18, Y+6	; 0x06
    37e2:	3f 81       	ldd	r19, Y+7	; 0x07
    37e4:	8c 81       	ldd	r24, Y+4	; 0x04
    37e6:	9d 81       	ldd	r25, Y+5	; 0x05
    37e8:	28 17       	cp	r18, r24
    37ea:	39 07       	cpc	r19, r25
    37ec:	3c f4       	brge	.+14     	; 0x37fc <fputc+0x46>
    37ee:	e8 81       	ld	r30, Y
    37f0:	f9 81       	ldd	r31, Y+1	; 0x01
    37f2:	cf 01       	movw	r24, r30
    37f4:	01 96       	adiw	r24, 0x01	; 1
    37f6:	99 83       	std	Y+1, r25	; 0x01
    37f8:	88 83       	st	Y, r24
    37fa:	10 83       	st	Z, r17
    37fc:	8e 81       	ldd	r24, Y+6	; 0x06
    37fe:	9f 81       	ldd	r25, Y+7	; 0x07
    3800:	01 96       	adiw	r24, 0x01	; 1
    3802:	9f 83       	std	Y+7, r25	; 0x07
    3804:	8e 83       	std	Y+6, r24	; 0x06
    3806:	e3 cf       	rjmp	.-58     	; 0x37ce <fputc+0x18>
    3808:	e8 85       	ldd	r30, Y+8	; 0x08
    380a:	f9 85       	ldd	r31, Y+9	; 0x09
    380c:	81 2f       	mov	r24, r17
    380e:	09 95       	icall
    3810:	89 2b       	or	r24, r25
    3812:	a1 f3       	breq	.-24     	; 0x37fc <fputc+0x46>
    3814:	da cf       	rjmp	.-76     	; 0x37ca <fputc+0x14>

00003816 <__ultoa_invert>:
__ultoa_invert():
    3816:	fa 01       	movw	r30, r20
    3818:	aa 27       	eor	r26, r26
    381a:	28 30       	cpi	r18, 0x08	; 8
    381c:	51 f1       	breq	.+84     	; 0x3872 <__ultoa_invert+0x5c>
    381e:	20 31       	cpi	r18, 0x10	; 16
    3820:	81 f1       	breq	.+96     	; 0x3882 <__ultoa_invert+0x6c>
    3822:	e8 94       	clt
    3824:	6f 93       	push	r22
    3826:	6e 7f       	andi	r22, 0xFE	; 254
    3828:	6e 5f       	subi	r22, 0xFE	; 254
    382a:	7f 4f       	sbci	r23, 0xFF	; 255
    382c:	8f 4f       	sbci	r24, 0xFF	; 255
    382e:	9f 4f       	sbci	r25, 0xFF	; 255
    3830:	af 4f       	sbci	r26, 0xFF	; 255
    3832:	b1 e0       	ldi	r27, 0x01	; 1
    3834:	3e d0       	rcall	.+124    	; 0x38b2 <__ultoa_invert+0x9c>
    3836:	b4 e0       	ldi	r27, 0x04	; 4
    3838:	3c d0       	rcall	.+120    	; 0x38b2 <__ultoa_invert+0x9c>
    383a:	67 0f       	add	r22, r23
    383c:	78 1f       	adc	r23, r24
    383e:	89 1f       	adc	r24, r25
    3840:	9a 1f       	adc	r25, r26
    3842:	a1 1d       	adc	r26, r1
    3844:	68 0f       	add	r22, r24
    3846:	79 1f       	adc	r23, r25
    3848:	8a 1f       	adc	r24, r26
    384a:	91 1d       	adc	r25, r1
    384c:	a1 1d       	adc	r26, r1
    384e:	6a 0f       	add	r22, r26
    3850:	71 1d       	adc	r23, r1
    3852:	81 1d       	adc	r24, r1
    3854:	91 1d       	adc	r25, r1
    3856:	a1 1d       	adc	r26, r1
    3858:	20 d0       	rcall	.+64     	; 0x389a <__ultoa_invert+0x84>
    385a:	09 f4       	brne	.+2      	; 0x385e <__ultoa_invert+0x48>
    385c:	68 94       	set
    385e:	3f 91       	pop	r19
    3860:	2a e0       	ldi	r18, 0x0A	; 10
    3862:	26 9f       	mul	r18, r22
    3864:	11 24       	eor	r1, r1
    3866:	30 19       	sub	r19, r0
    3868:	30 5d       	subi	r19, 0xD0	; 208
    386a:	31 93       	st	Z+, r19
    386c:	de f6       	brtc	.-74     	; 0x3824 <__ultoa_invert+0xe>
    386e:	cf 01       	movw	r24, r30
    3870:	08 95       	ret
    3872:	46 2f       	mov	r20, r22
    3874:	47 70       	andi	r20, 0x07	; 7
    3876:	40 5d       	subi	r20, 0xD0	; 208
    3878:	41 93       	st	Z+, r20
    387a:	b3 e0       	ldi	r27, 0x03	; 3
    387c:	0f d0       	rcall	.+30     	; 0x389c <__ultoa_invert+0x86>
    387e:	c9 f7       	brne	.-14     	; 0x3872 <__ultoa_invert+0x5c>
    3880:	f6 cf       	rjmp	.-20     	; 0x386e <__ultoa_invert+0x58>
    3882:	46 2f       	mov	r20, r22
    3884:	4f 70       	andi	r20, 0x0F	; 15
    3886:	40 5d       	subi	r20, 0xD0	; 208
    3888:	4a 33       	cpi	r20, 0x3A	; 58
    388a:	18 f0       	brcs	.+6      	; 0x3892 <__ultoa_invert+0x7c>
    388c:	49 5d       	subi	r20, 0xD9	; 217
    388e:	31 fd       	sbrc	r19, 1
    3890:	40 52       	subi	r20, 0x20	; 32
    3892:	41 93       	st	Z+, r20
    3894:	02 d0       	rcall	.+4      	; 0x389a <__ultoa_invert+0x84>
    3896:	a9 f7       	brne	.-22     	; 0x3882 <__ultoa_invert+0x6c>
    3898:	ea cf       	rjmp	.-44     	; 0x386e <__ultoa_invert+0x58>
    389a:	b4 e0       	ldi	r27, 0x04	; 4
    389c:	a6 95       	lsr	r26
    389e:	97 95       	ror	r25
    38a0:	87 95       	ror	r24
    38a2:	77 95       	ror	r23
    38a4:	67 95       	ror	r22
    38a6:	ba 95       	dec	r27
    38a8:	c9 f7       	brne	.-14     	; 0x389c <__ultoa_invert+0x86>
    38aa:	00 97       	sbiw	r24, 0x00	; 0
    38ac:	61 05       	cpc	r22, r1
    38ae:	71 05       	cpc	r23, r1
    38b0:	08 95       	ret
    38b2:	9b 01       	movw	r18, r22
    38b4:	ac 01       	movw	r20, r24
    38b6:	0a 2e       	mov	r0, r26
    38b8:	06 94       	lsr	r0
    38ba:	57 95       	ror	r21
    38bc:	47 95       	ror	r20
    38be:	37 95       	ror	r19
    38c0:	27 95       	ror	r18
    38c2:	ba 95       	dec	r27
    38c4:	c9 f7       	brne	.-14     	; 0x38b8 <__ultoa_invert+0xa2>
    38c6:	62 0f       	add	r22, r18
    38c8:	73 1f       	adc	r23, r19
    38ca:	84 1f       	adc	r24, r20
    38cc:	95 1f       	adc	r25, r21
    38ce:	a0 1d       	adc	r26, r0
    38d0:	08 95       	ret

000038d2 <__cmpsf2>:
__cmpsf2():
    38d2:	0e 94 ab 1c 	call	0x3956	; 0x3956 <__fp_cmp>
    38d6:	08 f4       	brcc	.+2      	; 0x38da <__cmpsf2+0x8>
    38d8:	81 e0       	ldi	r24, 0x01	; 1
    38da:	08 95       	ret

000038dc <__floatunsisf>:
__floatunsisf():
    38dc:	e8 94       	clt
    38de:	09 c0       	rjmp	.+18     	; 0x38f2 <__floatsisf+0x12>

000038e0 <__floatsisf>:
    38e0:	97 fb       	bst	r25, 7
    38e2:	3e f4       	brtc	.+14     	; 0x38f2 <__floatsisf+0x12>
    38e4:	90 95       	com	r25
    38e6:	80 95       	com	r24
    38e8:	70 95       	com	r23
    38ea:	61 95       	neg	r22
    38ec:	7f 4f       	sbci	r23, 0xFF	; 255
    38ee:	8f 4f       	sbci	r24, 0xFF	; 255
    38f0:	9f 4f       	sbci	r25, 0xFF	; 255
    38f2:	99 23       	and	r25, r25
    38f4:	a9 f0       	breq	.+42     	; 0x3920 <__floatsisf+0x40>
    38f6:	f9 2f       	mov	r31, r25
    38f8:	96 e9       	ldi	r25, 0x96	; 150
    38fa:	bb 27       	eor	r27, r27
    38fc:	93 95       	inc	r25
    38fe:	f6 95       	lsr	r31
    3900:	87 95       	ror	r24
    3902:	77 95       	ror	r23
    3904:	67 95       	ror	r22
    3906:	b7 95       	ror	r27
    3908:	f1 11       	cpse	r31, r1
    390a:	f8 cf       	rjmp	.-16     	; 0x38fc <__floatsisf+0x1c>
    390c:	fa f4       	brpl	.+62     	; 0x394c <__floatsisf+0x6c>
    390e:	bb 0f       	add	r27, r27
    3910:	11 f4       	brne	.+4      	; 0x3916 <__floatsisf+0x36>
    3912:	60 ff       	sbrs	r22, 0
    3914:	1b c0       	rjmp	.+54     	; 0x394c <__floatsisf+0x6c>
    3916:	6f 5f       	subi	r22, 0xFF	; 255
    3918:	7f 4f       	sbci	r23, 0xFF	; 255
    391a:	8f 4f       	sbci	r24, 0xFF	; 255
    391c:	9f 4f       	sbci	r25, 0xFF	; 255
    391e:	16 c0       	rjmp	.+44     	; 0x394c <__floatsisf+0x6c>
    3920:	88 23       	and	r24, r24
    3922:	11 f0       	breq	.+4      	; 0x3928 <__floatsisf+0x48>
    3924:	96 e9       	ldi	r25, 0x96	; 150
    3926:	11 c0       	rjmp	.+34     	; 0x394a <__floatsisf+0x6a>
    3928:	77 23       	and	r23, r23
    392a:	21 f0       	breq	.+8      	; 0x3934 <__floatsisf+0x54>
    392c:	9e e8       	ldi	r25, 0x8E	; 142
    392e:	87 2f       	mov	r24, r23
    3930:	76 2f       	mov	r23, r22
    3932:	05 c0       	rjmp	.+10     	; 0x393e <__floatsisf+0x5e>
    3934:	66 23       	and	r22, r22
    3936:	71 f0       	breq	.+28     	; 0x3954 <__floatsisf+0x74>
    3938:	96 e8       	ldi	r25, 0x86	; 134
    393a:	86 2f       	mov	r24, r22
    393c:	70 e0       	ldi	r23, 0x00	; 0
    393e:	60 e0       	ldi	r22, 0x00	; 0
    3940:	2a f0       	brmi	.+10     	; 0x394c <__floatsisf+0x6c>
    3942:	9a 95       	dec	r25
    3944:	66 0f       	add	r22, r22
    3946:	77 1f       	adc	r23, r23
    3948:	88 1f       	adc	r24, r24
    394a:	da f7       	brpl	.-10     	; 0x3942 <__floatsisf+0x62>
    394c:	88 0f       	add	r24, r24
    394e:	96 95       	lsr	r25
    3950:	87 95       	ror	r24
    3952:	97 f9       	bld	r25, 7
    3954:	08 95       	ret

00003956 <__fp_cmp>:
__fp_cmp():
    3956:	99 0f       	add	r25, r25
    3958:	00 08       	sbc	r0, r0
    395a:	55 0f       	add	r21, r21
    395c:	aa 0b       	sbc	r26, r26
    395e:	e0 e8       	ldi	r30, 0x80	; 128
    3960:	fe ef       	ldi	r31, 0xFE	; 254
    3962:	16 16       	cp	r1, r22
    3964:	17 06       	cpc	r1, r23
    3966:	e8 07       	cpc	r30, r24
    3968:	f9 07       	cpc	r31, r25
    396a:	c0 f0       	brcs	.+48     	; 0x399c <__fp_cmp+0x46>
    396c:	12 16       	cp	r1, r18
    396e:	13 06       	cpc	r1, r19
    3970:	e4 07       	cpc	r30, r20
    3972:	f5 07       	cpc	r31, r21
    3974:	98 f0       	brcs	.+38     	; 0x399c <__fp_cmp+0x46>
    3976:	62 1b       	sub	r22, r18
    3978:	73 0b       	sbc	r23, r19
    397a:	84 0b       	sbc	r24, r20
    397c:	95 0b       	sbc	r25, r21
    397e:	39 f4       	brne	.+14     	; 0x398e <__fp_cmp+0x38>
    3980:	0a 26       	eor	r0, r26
    3982:	61 f0       	breq	.+24     	; 0x399c <__fp_cmp+0x46>
    3984:	23 2b       	or	r18, r19
    3986:	24 2b       	or	r18, r20
    3988:	25 2b       	or	r18, r21
    398a:	21 f4       	brne	.+8      	; 0x3994 <__fp_cmp+0x3e>
    398c:	08 95       	ret
    398e:	0a 26       	eor	r0, r26
    3990:	09 f4       	brne	.+2      	; 0x3994 <__fp_cmp+0x3e>
    3992:	a1 40       	sbci	r26, 0x01	; 1
    3994:	a6 95       	lsr	r26
    3996:	8f ef       	ldi	r24, 0xFF	; 255
    3998:	81 1d       	adc	r24, r1
    399a:	81 1d       	adc	r24, r1
    399c:	08 95       	ret

0000399e <__mulsf3>:
__mulsf3():
    399e:	0e 94 e2 1c 	call	0x39c4	; 0x39c4 <__mulsf3x>
    39a2:	0c 94 56 1d 	jmp	0x3aac	; 0x3aac <__fp_round>
    39a6:	0e 94 48 1d 	call	0x3a90	; 0x3a90 <__fp_pscA>
    39aa:	38 f0       	brcs	.+14     	; 0x39ba <__mulsf3+0x1c>
    39ac:	0e 94 4f 1d 	call	0x3a9e	; 0x3a9e <__fp_pscB>
    39b0:	20 f0       	brcs	.+8      	; 0x39ba <__mulsf3+0x1c>
    39b2:	95 23       	and	r25, r21
    39b4:	11 f0       	breq	.+4      	; 0x39ba <__mulsf3+0x1c>
    39b6:	0c 94 3f 1d 	jmp	0x3a7e	; 0x3a7e <__fp_inf>
    39ba:	0c 94 45 1d 	jmp	0x3a8a	; 0x3a8a <__fp_nan>
    39be:	11 24       	eor	r1, r1
    39c0:	0c 94 8a 1d 	jmp	0x3b14	; 0x3b14 <__fp_szero>

000039c4 <__mulsf3x>:
__mulsf3x():
    39c4:	0e 94 67 1d 	call	0x3ace	; 0x3ace <__fp_split3>
    39c8:	70 f3       	brcs	.-36     	; 0x39a6 <__mulsf3+0x8>

000039ca <__mulsf3_pse>:
    39ca:	95 9f       	mul	r25, r21
    39cc:	c1 f3       	breq	.-16     	; 0x39be <__mulsf3+0x20>
    39ce:	95 0f       	add	r25, r21
    39d0:	50 e0       	ldi	r21, 0x00	; 0
    39d2:	55 1f       	adc	r21, r21
    39d4:	62 9f       	mul	r22, r18
    39d6:	f0 01       	movw	r30, r0
    39d8:	72 9f       	mul	r23, r18
    39da:	bb 27       	eor	r27, r27
    39dc:	f0 0d       	add	r31, r0
    39de:	b1 1d       	adc	r27, r1
    39e0:	63 9f       	mul	r22, r19
    39e2:	aa 27       	eor	r26, r26
    39e4:	f0 0d       	add	r31, r0
    39e6:	b1 1d       	adc	r27, r1
    39e8:	aa 1f       	adc	r26, r26
    39ea:	64 9f       	mul	r22, r20
    39ec:	66 27       	eor	r22, r22
    39ee:	b0 0d       	add	r27, r0
    39f0:	a1 1d       	adc	r26, r1
    39f2:	66 1f       	adc	r22, r22
    39f4:	82 9f       	mul	r24, r18
    39f6:	22 27       	eor	r18, r18
    39f8:	b0 0d       	add	r27, r0
    39fa:	a1 1d       	adc	r26, r1
    39fc:	62 1f       	adc	r22, r18
    39fe:	73 9f       	mul	r23, r19
    3a00:	b0 0d       	add	r27, r0
    3a02:	a1 1d       	adc	r26, r1
    3a04:	62 1f       	adc	r22, r18
    3a06:	83 9f       	mul	r24, r19
    3a08:	a0 0d       	add	r26, r0
    3a0a:	61 1d       	adc	r22, r1
    3a0c:	22 1f       	adc	r18, r18
    3a0e:	74 9f       	mul	r23, r20
    3a10:	33 27       	eor	r19, r19
    3a12:	a0 0d       	add	r26, r0
    3a14:	61 1d       	adc	r22, r1
    3a16:	23 1f       	adc	r18, r19
    3a18:	84 9f       	mul	r24, r20
    3a1a:	60 0d       	add	r22, r0
    3a1c:	21 1d       	adc	r18, r1
    3a1e:	82 2f       	mov	r24, r18
    3a20:	76 2f       	mov	r23, r22
    3a22:	6a 2f       	mov	r22, r26
    3a24:	11 24       	eor	r1, r1
    3a26:	9f 57       	subi	r25, 0x7F	; 127
    3a28:	50 40       	sbci	r21, 0x00	; 0
    3a2a:	9a f0       	brmi	.+38     	; 0x3a52 <__mulsf3_pse+0x88>
    3a2c:	f1 f0       	breq	.+60     	; 0x3a6a <__mulsf3_pse+0xa0>
    3a2e:	88 23       	and	r24, r24
    3a30:	4a f0       	brmi	.+18     	; 0x3a44 <__mulsf3_pse+0x7a>
    3a32:	ee 0f       	add	r30, r30
    3a34:	ff 1f       	adc	r31, r31
    3a36:	bb 1f       	adc	r27, r27
    3a38:	66 1f       	adc	r22, r22
    3a3a:	77 1f       	adc	r23, r23
    3a3c:	88 1f       	adc	r24, r24
    3a3e:	91 50       	subi	r25, 0x01	; 1
    3a40:	50 40       	sbci	r21, 0x00	; 0
    3a42:	a9 f7       	brne	.-22     	; 0x3a2e <__mulsf3_pse+0x64>
    3a44:	9e 3f       	cpi	r25, 0xFE	; 254
    3a46:	51 05       	cpc	r21, r1
    3a48:	80 f0       	brcs	.+32     	; 0x3a6a <__mulsf3_pse+0xa0>
    3a4a:	0c 94 3f 1d 	jmp	0x3a7e	; 0x3a7e <__fp_inf>
    3a4e:	0c 94 8a 1d 	jmp	0x3b14	; 0x3b14 <__fp_szero>
    3a52:	5f 3f       	cpi	r21, 0xFF	; 255
    3a54:	e4 f3       	brlt	.-8      	; 0x3a4e <__mulsf3_pse+0x84>
    3a56:	98 3e       	cpi	r25, 0xE8	; 232
    3a58:	d4 f3       	brlt	.-12     	; 0x3a4e <__mulsf3_pse+0x84>
    3a5a:	86 95       	lsr	r24
    3a5c:	77 95       	ror	r23
    3a5e:	67 95       	ror	r22
    3a60:	b7 95       	ror	r27
    3a62:	f7 95       	ror	r31
    3a64:	e7 95       	ror	r30
    3a66:	9f 5f       	subi	r25, 0xFF	; 255
    3a68:	c1 f7       	brne	.-16     	; 0x3a5a <__mulsf3_pse+0x90>
    3a6a:	fe 2b       	or	r31, r30
    3a6c:	88 0f       	add	r24, r24
    3a6e:	91 1d       	adc	r25, r1
    3a70:	96 95       	lsr	r25
    3a72:	87 95       	ror	r24
    3a74:	97 f9       	bld	r25, 7
    3a76:	08 95       	ret

00003a78 <__ctype_isfalse>:
    3a78:	99 27       	eor	r25, r25
    3a7a:	88 27       	eor	r24, r24

00003a7c <__ctype_istrue>:
    3a7c:	08 95       	ret

00003a7e <__fp_inf>:
    3a7e:	97 f9       	bld	r25, 7
    3a80:	9f 67       	ori	r25, 0x7F	; 127
    3a82:	80 e8       	ldi	r24, 0x80	; 128
    3a84:	70 e0       	ldi	r23, 0x00	; 0
    3a86:	60 e0       	ldi	r22, 0x00	; 0
    3a88:	08 95       	ret

00003a8a <__fp_nan>:
    3a8a:	9f ef       	ldi	r25, 0xFF	; 255
    3a8c:	80 ec       	ldi	r24, 0xC0	; 192
    3a8e:	08 95       	ret

00003a90 <__fp_pscA>:
    3a90:	00 24       	eor	r0, r0
    3a92:	0a 94       	dec	r0
    3a94:	16 16       	cp	r1, r22
__fp_pscA():
    3a96:	17 06       	cpc	r1, r23
    3a98:	18 06       	cpc	r1, r24
    3a9a:	09 06       	cpc	r0, r25
    3a9c:	08 95       	ret

00003a9e <__fp_pscB>:
__fp_pscB():
    3a9e:	00 24       	eor	r0, r0
    3aa0:	0a 94       	dec	r0
    3aa2:	12 16       	cp	r1, r18
    3aa4:	13 06       	cpc	r1, r19
    3aa6:	14 06       	cpc	r1, r20
    3aa8:	05 06       	cpc	r0, r21
    3aaa:	08 95       	ret

00003aac <__fp_round>:
__fp_round():
    3aac:	09 2e       	mov	r0, r25
    3aae:	03 94       	inc	r0
    3ab0:	00 0c       	add	r0, r0
    3ab2:	11 f4       	brne	.+4      	; 0x3ab8 <__fp_round+0xc>
    3ab4:	88 23       	and	r24, r24
    3ab6:	52 f0       	brmi	.+20     	; 0x3acc <__fp_round+0x20>
    3ab8:	bb 0f       	add	r27, r27
    3aba:	40 f4       	brcc	.+16     	; 0x3acc <__fp_round+0x20>
    3abc:	bf 2b       	or	r27, r31
    3abe:	11 f4       	brne	.+4      	; 0x3ac4 <__fp_round+0x18>
    3ac0:	60 ff       	sbrs	r22, 0
    3ac2:	04 c0       	rjmp	.+8      	; 0x3acc <__fp_round+0x20>
    3ac4:	6f 5f       	subi	r22, 0xFF	; 255
    3ac6:	7f 4f       	sbci	r23, 0xFF	; 255
    3ac8:	8f 4f       	sbci	r24, 0xFF	; 255
    3aca:	9f 4f       	sbci	r25, 0xFF	; 255
    3acc:	08 95       	ret

00003ace <__fp_split3>:
__fp_split3():
    3ace:	57 fd       	sbrc	r21, 7
    3ad0:	90 58       	subi	r25, 0x80	; 128
    3ad2:	44 0f       	add	r20, r20
    3ad4:	55 1f       	adc	r21, r21
    3ad6:	59 f0       	breq	.+22     	; 0x3aee <__fp_splitA+0x10>
    3ad8:	5f 3f       	cpi	r21, 0xFF	; 255
    3ada:	71 f0       	breq	.+28     	; 0x3af8 <__fp_splitA+0x1a>
    3adc:	47 95       	ror	r20

00003ade <__fp_splitA>:
    3ade:	88 0f       	add	r24, r24
    3ae0:	97 fb       	bst	r25, 7
    3ae2:	99 1f       	adc	r25, r25
    3ae4:	61 f0       	breq	.+24     	; 0x3afe <__fp_splitA+0x20>
    3ae6:	9f 3f       	cpi	r25, 0xFF	; 255
    3ae8:	79 f0       	breq	.+30     	; 0x3b08 <__fp_splitA+0x2a>
    3aea:	87 95       	ror	r24
    3aec:	08 95       	ret
    3aee:	12 16       	cp	r1, r18
    3af0:	13 06       	cpc	r1, r19
    3af2:	14 06       	cpc	r1, r20
    3af4:	55 1f       	adc	r21, r21
    3af6:	f2 cf       	rjmp	.-28     	; 0x3adc <__fp_split3+0xe>
    3af8:	46 95       	lsr	r20
    3afa:	f1 df       	rcall	.-30     	; 0x3ade <__fp_splitA>
    3afc:	08 c0       	rjmp	.+16     	; 0x3b0e <__fp_splitA+0x30>
    3afe:	16 16       	cp	r1, r22
    3b00:	17 06       	cpc	r1, r23
    3b02:	18 06       	cpc	r1, r24
    3b04:	99 1f       	adc	r25, r25
    3b06:	f1 cf       	rjmp	.-30     	; 0x3aea <__fp_splitA+0xc>
    3b08:	86 95       	lsr	r24
    3b0a:	71 05       	cpc	r23, r1
    3b0c:	61 05       	cpc	r22, r1
    3b0e:	08 94       	sec
    3b10:	08 95       	ret

00003b12 <__fp_zero>:
__fp_zero():
    3b12:	e8 94       	clt

00003b14 <__fp_szero>:
    3b14:	bb 27       	eor	r27, r27
    3b16:	66 27       	eor	r22, r22
    3b18:	77 27       	eor	r23, r23
    3b1a:	cb 01       	movw	r24, r22
    3b1c:	97 f9       	bld	r25, 7
    3b1e:	08 95       	ret

00003b20 <__prologue_saves__>:
__prologue_saves__():
/home/jenkins-mingw32/workspace/avr-gcc-staging/label/Ubuntu14.04x64-mingw32/gcc-build/avr/avr5/libgcc/../../../../gcc/libgcc/config/avr/lib1funcs.S:2169
    3b20:	2f 92       	push	r2
/home/jenkins-mingw32/workspace/avr-gcc-staging/label/Ubuntu14.04x64-mingw32/gcc-build/avr/avr5/libgcc/../../../../gcc/libgcc/config/avr/lib1funcs.S:2170
    3b22:	3f 92       	push	r3
/home/jenkins-mingw32/workspace/avr-gcc-staging/label/Ubuntu14.04x64-mingw32/gcc-build/avr/avr5/libgcc/../../../../gcc/libgcc/config/avr/lib1funcs.S:2171
    3b24:	4f 92       	push	r4
/home/jenkins-mingw32/workspace/avr-gcc-staging/label/Ubuntu14.04x64-mingw32/gcc-build/avr/avr5/libgcc/../../../../gcc/libgcc/config/avr/lib1funcs.S:2172
    3b26:	5f 92       	push	r5
/home/jenkins-mingw32/workspace/avr-gcc-staging/label/Ubuntu14.04x64-mingw32/gcc-build/avr/avr5/libgcc/../../../../gcc/libgcc/config/avr/lib1funcs.S:2173
    3b28:	6f 92       	push	r6
/home/jenkins-mingw32/workspace/avr-gcc-staging/label/Ubuntu14.04x64-mingw32/gcc-build/avr/avr5/libgcc/../../../../gcc/libgcc/config/avr/lib1funcs.S:2174
    3b2a:	7f 92       	push	r7
/home/jenkins-mingw32/workspace/avr-gcc-staging/label/Ubuntu14.04x64-mingw32/gcc-build/avr/avr5/libgcc/../../../../gcc/libgcc/config/avr/lib1funcs.S:2175
    3b2c:	8f 92       	push	r8
/home/jenkins-mingw32/workspace/avr-gcc-staging/label/Ubuntu14.04x64-mingw32/gcc-build/avr/avr5/libgcc/../../../../gcc/libgcc/config/avr/lib1funcs.S:2176
    3b2e:	9f 92       	push	r9
/home/jenkins-mingw32/workspace/avr-gcc-staging/label/Ubuntu14.04x64-mingw32/gcc-build/avr/avr5/libgcc/../../../../gcc/libgcc/config/avr/lib1funcs.S:2177
    3b30:	af 92       	push	r10
/home/jenkins-mingw32/workspace/avr-gcc-staging/label/Ubuntu14.04x64-mingw32/gcc-build/avr/avr5/libgcc/../../../../gcc/libgcc/config/avr/lib1funcs.S:2178
    3b32:	bf 92       	push	r11
/home/jenkins-mingw32/workspace/avr-gcc-staging/label/Ubuntu14.04x64-mingw32/gcc-build/avr/avr5/libgcc/../../../../gcc/libgcc/config/avr/lib1funcs.S:2179
    3b34:	cf 92       	push	r12
/home/jenkins-mingw32/workspace/avr-gcc-staging/label/Ubuntu14.04x64-mingw32/gcc-build/avr/avr5/libgcc/../../../../gcc/libgcc/config/avr/lib1funcs.S:2180
    3b36:	df 92       	push	r13
/home/jenkins-mingw32/workspace/avr-gcc-staging/label/Ubuntu14.04x64-mingw32/gcc-build/avr/avr5/libgcc/../../../../gcc/libgcc/config/avr/lib1funcs.S:2181
    3b38:	ef 92       	push	r14
/home/jenkins-mingw32/workspace/avr-gcc-staging/label/Ubuntu14.04x64-mingw32/gcc-build/avr/avr5/libgcc/../../../../gcc/libgcc/config/avr/lib1funcs.S:2182
    3b3a:	ff 92       	push	r15
/home/jenkins-mingw32/workspace/avr-gcc-staging/label/Ubuntu14.04x64-mingw32/gcc-build/avr/avr5/libgcc/../../../../gcc/libgcc/config/avr/lib1funcs.S:2183
    3b3c:	0f 93       	push	r16
/home/jenkins-mingw32/workspace/avr-gcc-staging/label/Ubuntu14.04x64-mingw32/gcc-build/avr/avr5/libgcc/../../../../gcc/libgcc/config/avr/lib1funcs.S:2184
    3b3e:	1f 93       	push	r17
/home/jenkins-mingw32/workspace/avr-gcc-staging/label/Ubuntu14.04x64-mingw32/gcc-build/avr/avr5/libgcc/../../../../gcc/libgcc/config/avr/lib1funcs.S:2185
    3b40:	cf 93       	push	r28
/home/jenkins-mingw32/workspace/avr-gcc-staging/label/Ubuntu14.04x64-mingw32/gcc-build/avr/avr5/libgcc/../../../../gcc/libgcc/config/avr/lib1funcs.S:2186
    3b42:	df 93       	push	r29
/home/jenkins-mingw32/workspace/avr-gcc-staging/label/Ubuntu14.04x64-mingw32/gcc-build/avr/avr5/libgcc/../../../../gcc/libgcc/config/avr/lib1funcs.S:2200
    3b44:	cd b7       	in	r28, 0x3d	; 61
/home/jenkins-mingw32/workspace/avr-gcc-staging/label/Ubuntu14.04x64-mingw32/gcc-build/avr/avr5/libgcc/../../../../gcc/libgcc/config/avr/lib1funcs.S:2201
    3b46:	de b7       	in	r29, 0x3e	; 62
/home/jenkins-mingw32/workspace/avr-gcc-staging/label/Ubuntu14.04x64-mingw32/gcc-build/avr/avr5/libgcc/../../../../gcc/libgcc/config/avr/lib1funcs.S:2202
    3b48:	ca 1b       	sub	r28, r26
/home/jenkins-mingw32/workspace/avr-gcc-staging/label/Ubuntu14.04x64-mingw32/gcc-build/avr/avr5/libgcc/../../../../gcc/libgcc/config/avr/lib1funcs.S:2203
    3b4a:	db 0b       	sbc	r29, r27
/home/jenkins-mingw32/workspace/avr-gcc-staging/label/Ubuntu14.04x64-mingw32/gcc-build/avr/avr5/libgcc/../../../../gcc/libgcc/config/avr/lib1funcs.S:2204
    3b4c:	0f b6       	in	r0, 0x3f	; 63
/home/jenkins-mingw32/workspace/avr-gcc-staging/label/Ubuntu14.04x64-mingw32/gcc-build/avr/avr5/libgcc/../../../../gcc/libgcc/config/avr/lib1funcs.S:2205
    3b4e:	f8 94       	cli
/home/jenkins-mingw32/workspace/avr-gcc-staging/label/Ubuntu14.04x64-mingw32/gcc-build/avr/avr5/libgcc/../../../../gcc/libgcc/config/avr/lib1funcs.S:2206
    3b50:	de bf       	out	0x3e, r29	; 62
/home/jenkins-mingw32/workspace/avr-gcc-staging/label/Ubuntu14.04x64-mingw32/gcc-build/avr/avr5/libgcc/../../../../gcc/libgcc/config/avr/lib1funcs.S:2207
    3b52:	0f be       	out	0x3f, r0	; 63
/home/jenkins-mingw32/workspace/avr-gcc-staging/label/Ubuntu14.04x64-mingw32/gcc-build/avr/avr5/libgcc/../../../../gcc/libgcc/config/avr/lib1funcs.S:2208
    3b54:	cd bf       	out	0x3d, r28	; 61
/home/jenkins-mingw32/workspace/avr-gcc-staging/label/Ubuntu14.04x64-mingw32/gcc-build/avr/avr5/libgcc/../../../../gcc/libgcc/config/avr/lib1funcs.S:2211
    3b56:	09 94       	ijmp

00003b58 <__epilogue_restores__>:
__epilogue_restores__():
/home/jenkins-mingw32/workspace/avr-gcc-staging/label/Ubuntu14.04x64-mingw32/gcc-build/avr/avr5/libgcc/../../../../gcc/libgcc/config/avr/lib1funcs.S:2222
    3b58:	2a 88       	ldd	r2, Y+18	; 0x12
/home/jenkins-mingw32/workspace/avr-gcc-staging/label/Ubuntu14.04x64-mingw32/gcc-build/avr/avr5/libgcc/../../../../gcc/libgcc/config/avr/lib1funcs.S:2223
    3b5a:	39 88       	ldd	r3, Y+17	; 0x11
/home/jenkins-mingw32/workspace/avr-gcc-staging/label/Ubuntu14.04x64-mingw32/gcc-build/avr/avr5/libgcc/../../../../gcc/libgcc/config/avr/lib1funcs.S:2224
    3b5c:	48 88       	ldd	r4, Y+16	; 0x10
/home/jenkins-mingw32/workspace/avr-gcc-staging/label/Ubuntu14.04x64-mingw32/gcc-build/avr/avr5/libgcc/../../../../gcc/libgcc/config/avr/lib1funcs.S:2225
    3b5e:	5f 84       	ldd	r5, Y+15	; 0x0f
/home/jenkins-mingw32/workspace/avr-gcc-staging/label/Ubuntu14.04x64-mingw32/gcc-build/avr/avr5/libgcc/../../../../gcc/libgcc/config/avr/lib1funcs.S:2226
    3b60:	6e 84       	ldd	r6, Y+14	; 0x0e
/home/jenkins-mingw32/workspace/avr-gcc-staging/label/Ubuntu14.04x64-mingw32/gcc-build/avr/avr5/libgcc/../../../../gcc/libgcc/config/avr/lib1funcs.S:2227
    3b62:	7d 84       	ldd	r7, Y+13	; 0x0d
/home/jenkins-mingw32/workspace/avr-gcc-staging/label/Ubuntu14.04x64-mingw32/gcc-build/avr/avr5/libgcc/../../../../gcc/libgcc/config/avr/lib1funcs.S:2228
    3b64:	8c 84       	ldd	r8, Y+12	; 0x0c
/home/jenkins-mingw32/workspace/avr-gcc-staging/label/Ubuntu14.04x64-mingw32/gcc-build/avr/avr5/libgcc/../../../../gcc/libgcc/config/avr/lib1funcs.S:2229
    3b66:	9b 84       	ldd	r9, Y+11	; 0x0b
/home/jenkins-mingw32/workspace/avr-gcc-staging/label/Ubuntu14.04x64-mingw32/gcc-build/avr/avr5/libgcc/../../../../gcc/libgcc/config/avr/lib1funcs.S:2230
    3b68:	aa 84       	ldd	r10, Y+10	; 0x0a
/home/jenkins-mingw32/workspace/avr-gcc-staging/label/Ubuntu14.04x64-mingw32/gcc-build/avr/avr5/libgcc/../../../../gcc/libgcc/config/avr/lib1funcs.S:2231
    3b6a:	b9 84       	ldd	r11, Y+9	; 0x09
/home/jenkins-mingw32/workspace/avr-gcc-staging/label/Ubuntu14.04x64-mingw32/gcc-build/avr/avr5/libgcc/../../../../gcc/libgcc/config/avr/lib1funcs.S:2232
    3b6c:	c8 84       	ldd	r12, Y+8	; 0x08
/home/jenkins-mingw32/workspace/avr-gcc-staging/label/Ubuntu14.04x64-mingw32/gcc-build/avr/avr5/libgcc/../../../../gcc/libgcc/config/avr/lib1funcs.S:2233
    3b6e:	df 80       	ldd	r13, Y+7	; 0x07
/home/jenkins-mingw32/workspace/avr-gcc-staging/label/Ubuntu14.04x64-mingw32/gcc-build/avr/avr5/libgcc/../../../../gcc/libgcc/config/avr/lib1funcs.S:2234
    3b70:	ee 80       	ldd	r14, Y+6	; 0x06
/home/jenkins-mingw32/workspace/avr-gcc-staging/label/Ubuntu14.04x64-mingw32/gcc-build/avr/avr5/libgcc/../../../../gcc/libgcc/config/avr/lib1funcs.S:2235
    3b72:	fd 80       	ldd	r15, Y+5	; 0x05
/home/jenkins-mingw32/workspace/avr-gcc-staging/label/Ubuntu14.04x64-mingw32/gcc-build/avr/avr5/libgcc/../../../../gcc/libgcc/config/avr/lib1funcs.S:2236
    3b74:	0c 81       	ldd	r16, Y+4	; 0x04
/home/jenkins-mingw32/workspace/avr-gcc-staging/label/Ubuntu14.04x64-mingw32/gcc-build/avr/avr5/libgcc/../../../../gcc/libgcc/config/avr/lib1funcs.S:2237
    3b76:	1b 81       	ldd	r17, Y+3	; 0x03
/home/jenkins-mingw32/workspace/avr-gcc-staging/label/Ubuntu14.04x64-mingw32/gcc-build/avr/avr5/libgcc/../../../../gcc/libgcc/config/avr/lib1funcs.S:2238
    3b78:	aa 81       	ldd	r26, Y+2	; 0x02
/home/jenkins-mingw32/workspace/avr-gcc-staging/label/Ubuntu14.04x64-mingw32/gcc-build/avr/avr5/libgcc/../../../../gcc/libgcc/config/avr/lib1funcs.S:2252
    3b7a:	b9 81       	ldd	r27, Y+1	; 0x01
/home/jenkins-mingw32/workspace/avr-gcc-staging/label/Ubuntu14.04x64-mingw32/gcc-build/avr/avr5/libgcc/../../../../gcc/libgcc/config/avr/lib1funcs.S:2253
    3b7c:	ce 0f       	add	r28, r30
/home/jenkins-mingw32/workspace/avr-gcc-staging/label/Ubuntu14.04x64-mingw32/gcc-build/avr/avr5/libgcc/../../../../gcc/libgcc/config/avr/lib1funcs.S:2254
    3b7e:	d1 1d       	adc	r29, r1
/home/jenkins-mingw32/workspace/avr-gcc-staging/label/Ubuntu14.04x64-mingw32/gcc-build/avr/avr5/libgcc/../../../../gcc/libgcc/config/avr/lib1funcs.S:2255
    3b80:	0f b6       	in	r0, 0x3f	; 63
/home/jenkins-mingw32/workspace/avr-gcc-staging/label/Ubuntu14.04x64-mingw32/gcc-build/avr/avr5/libgcc/../../../../gcc/libgcc/config/avr/lib1funcs.S:2256
    3b82:	f8 94       	cli
/home/jenkins-mingw32/workspace/avr-gcc-staging/label/Ubuntu14.04x64-mingw32/gcc-build/avr/avr5/libgcc/../../../../gcc/libgcc/config/avr/lib1funcs.S:2257
    3b84:	de bf       	out	0x3e, r29	; 62
/home/jenkins-mingw32/workspace/avr-gcc-staging/label/Ubuntu14.04x64-mingw32/gcc-build/avr/avr5/libgcc/../../../../gcc/libgcc/config/avr/lib1funcs.S:2258
    3b86:	0f be       	out	0x3f, r0	; 63
/home/jenkins-mingw32/workspace/avr-gcc-staging/label/Ubuntu14.04x64-mingw32/gcc-build/avr/avr5/libgcc/../../../../gcc/libgcc/config/avr/lib1funcs.S:2259
    3b88:	cd bf       	out	0x3d, r28	; 61
/home/jenkins-mingw32/workspace/avr-gcc-staging/label/Ubuntu14.04x64-mingw32/gcc-build/avr/avr5/libgcc/../../../../gcc/libgcc/config/avr/lib1funcs.S:2260
    3b8a:	ed 01       	movw	r28, r26
/home/jenkins-mingw32/workspace/avr-gcc-staging/label/Ubuntu14.04x64-mingw32/gcc-build/avr/avr5/libgcc/../../../../gcc/libgcc/config/avr/lib1funcs.S:2263
    3b8c:	08 95       	ret

00003b8e <__umulhisi3>:
__umulhisi3():
/home/jenkins-mingw32/workspace/avr-gcc-staging/label/Ubuntu14.04x64-mingw32/gcc-build/avr/avr5/libgcc/../../../../gcc/libgcc/config/avr/lib1funcs.S:564
    3b8e:	a2 9f       	mul	r26, r18
/home/jenkins-mingw32/workspace/avr-gcc-staging/label/Ubuntu14.04x64-mingw32/gcc-build/avr/avr5/libgcc/../../../../gcc/libgcc/config/avr/lib1funcs.S:565
    3b90:	b0 01       	movw	r22, r0
/home/jenkins-mingw32/workspace/avr-gcc-staging/label/Ubuntu14.04x64-mingw32/gcc-build/avr/avr5/libgcc/../../../../gcc/libgcc/config/avr/lib1funcs.S:566
    3b92:	b3 9f       	mul	r27, r19
/home/jenkins-mingw32/workspace/avr-gcc-staging/label/Ubuntu14.04x64-mingw32/gcc-build/avr/avr5/libgcc/../../../../gcc/libgcc/config/avr/lib1funcs.S:567
    3b94:	c0 01       	movw	r24, r0
/home/jenkins-mingw32/workspace/avr-gcc-staging/label/Ubuntu14.04x64-mingw32/gcc-build/avr/avr5/libgcc/../../../../gcc/libgcc/config/avr/lib1funcs.S:568
    3b96:	a3 9f       	mul	r26, r19
/home/jenkins-mingw32/workspace/avr-gcc-staging/label/Ubuntu14.04x64-mingw32/gcc-build/avr/avr5/libgcc/../../../../gcc/libgcc/config/avr/lib1funcs.S:573
    3b98:	70 0d       	add	r23, r0
/home/jenkins-mingw32/workspace/avr-gcc-staging/label/Ubuntu14.04x64-mingw32/gcc-build/avr/avr5/libgcc/../../../../gcc/libgcc/config/avr/lib1funcs.S:574
    3b9a:	81 1d       	adc	r24, r1
/home/jenkins-mingw32/workspace/avr-gcc-staging/label/Ubuntu14.04x64-mingw32/gcc-build/avr/avr5/libgcc/../../../../gcc/libgcc/config/avr/lib1funcs.S:575
    3b9c:	11 24       	eor	r1, r1
/home/jenkins-mingw32/workspace/avr-gcc-staging/label/Ubuntu14.04x64-mingw32/gcc-build/avr/avr5/libgcc/../../../../gcc/libgcc/config/avr/lib1funcs.S:576
    3b9e:	91 1d       	adc	r25, r1
/home/jenkins-mingw32/workspace/avr-gcc-staging/label/Ubuntu14.04x64-mingw32/gcc-build/avr/avr5/libgcc/../../../../gcc/libgcc/config/avr/lib1funcs.S:580
    3ba0:	b2 9f       	mul	r27, r18
/home/jenkins-mingw32/workspace/avr-gcc-staging/label/Ubuntu14.04x64-mingw32/gcc-build/avr/avr5/libgcc/../../../../gcc/libgcc/config/avr/lib1funcs.S:581
    3ba2:	70 0d       	add	r23, r0
/home/jenkins-mingw32/workspace/avr-gcc-staging/label/Ubuntu14.04x64-mingw32/gcc-build/avr/avr5/libgcc/../../../../gcc/libgcc/config/avr/lib1funcs.S:582
    3ba4:	81 1d       	adc	r24, r1
/home/jenkins-mingw32/workspace/avr-gcc-staging/label/Ubuntu14.04x64-mingw32/gcc-build/avr/avr5/libgcc/../../../../gcc/libgcc/config/avr/lib1funcs.S:583
    3ba6:	11 24       	eor	r1, r1
/home/jenkins-mingw32/workspace/avr-gcc-staging/label/Ubuntu14.04x64-mingw32/gcc-build/avr/avr5/libgcc/../../../../gcc/libgcc/config/avr/lib1funcs.S:584
    3ba8:	91 1d       	adc	r25, r1
/home/jenkins-mingw32/workspace/avr-gcc-staging/label/Ubuntu14.04x64-mingw32/gcc-build/avr/avr5/libgcc/../../../../gcc/libgcc/config/avr/lib1funcs.S:585
    3baa:	08 95       	ret

00003bac <__subsf3>:
__subsf3():
    3bac:	50 58       	subi	r21, 0x80	; 128

00003bae <__addsf3>:
    3bae:	bb 27       	eor	r27, r27
    3bb0:	aa 27       	eor	r26, r26
    3bb2:	0e 94 ee 1d 	call	0x3bdc	; 0x3bdc <__addsf3x>
    3bb6:	0c 94 56 1d 	jmp	0x3aac	; 0x3aac <__fp_round>
__addsf3():
    3bba:	0e 94 48 1d 	call	0x3a90	; 0x3a90 <__fp_pscA>
    3bbe:	38 f0       	brcs	.+14     	; 0x3bce <__addsf3+0x20>
    3bc0:	0e 94 4f 1d 	call	0x3a9e	; 0x3a9e <__fp_pscB>
    3bc4:	20 f0       	brcs	.+8      	; 0x3bce <__addsf3+0x20>
    3bc6:	39 f4       	brne	.+14     	; 0x3bd6 <__addsf3+0x28>
    3bc8:	9f 3f       	cpi	r25, 0xFF	; 255
    3bca:	19 f4       	brne	.+6      	; 0x3bd2 <__addsf3+0x24>
    3bcc:	26 f4       	brtc	.+8      	; 0x3bd6 <__addsf3+0x28>
    3bce:	0c 94 45 1d 	jmp	0x3a8a	; 0x3a8a <__fp_nan>
    3bd2:	0e f4       	brtc	.+2      	; 0x3bd6 <__addsf3+0x28>
    3bd4:	e0 95       	com	r30
    3bd6:	e7 fb       	bst	r30, 7
    3bd8:	0c 94 3f 1d 	jmp	0x3a7e	; 0x3a7e <__fp_inf>

00003bdc <__addsf3x>:
__addsf3x():
    3bdc:	e9 2f       	mov	r30, r25
    3bde:	0e 94 67 1d 	call	0x3ace	; 0x3ace <__fp_split3>
    3be2:	58 f3       	brcs	.-42     	; 0x3bba <__addsf3+0xc>
    3be4:	ba 17       	cp	r27, r26
    3be6:	62 07       	cpc	r22, r18
    3be8:	73 07       	cpc	r23, r19
    3bea:	84 07       	cpc	r24, r20
    3bec:	95 07       	cpc	r25, r21
    3bee:	20 f0       	brcs	.+8      	; 0x3bf8 <__addsf3x+0x1c>
    3bf0:	79 f4       	brne	.+30     	; 0x3c10 <__addsf3x+0x34>
    3bf2:	a6 f5       	brtc	.+104    	; 0x3c5c <__addsf3x+0x80>
    3bf4:	0c 94 89 1d 	jmp	0x3b12	; 0x3b12 <__fp_zero>
    3bf8:	0e f4       	brtc	.+2      	; 0x3bfc <__addsf3x+0x20>
    3bfa:	e0 95       	com	r30
    3bfc:	0b 2e       	mov	r0, r27
    3bfe:	ba 2f       	mov	r27, r26
    3c00:	a0 2d       	mov	r26, r0
    3c02:	0b 01       	movw	r0, r22
    3c04:	b9 01       	movw	r22, r18
    3c06:	90 01       	movw	r18, r0
    3c08:	0c 01       	movw	r0, r24
    3c0a:	ca 01       	movw	r24, r20
    3c0c:	a0 01       	movw	r20, r0
    3c0e:	11 24       	eor	r1, r1
    3c10:	ff 27       	eor	r31, r31
    3c12:	59 1b       	sub	r21, r25
    3c14:	99 f0       	breq	.+38     	; 0x3c3c <__addsf3x+0x60>
    3c16:	59 3f       	cpi	r21, 0xF9	; 249
    3c18:	50 f4       	brcc	.+20     	; 0x3c2e <__addsf3x+0x52>
    3c1a:	50 3e       	cpi	r21, 0xE0	; 224
    3c1c:	68 f1       	brcs	.+90     	; 0x3c78 <__addsf3x+0x9c>
    3c1e:	1a 16       	cp	r1, r26
    3c20:	f0 40       	sbci	r31, 0x00	; 0
    3c22:	a2 2f       	mov	r26, r18
    3c24:	23 2f       	mov	r18, r19
    3c26:	34 2f       	mov	r19, r20
    3c28:	44 27       	eor	r20, r20
    3c2a:	58 5f       	subi	r21, 0xF8	; 248
    3c2c:	f3 cf       	rjmp	.-26     	; 0x3c14 <__addsf3x+0x38>
    3c2e:	46 95       	lsr	r20
    3c30:	37 95       	ror	r19
    3c32:	27 95       	ror	r18
    3c34:	a7 95       	ror	r26
    3c36:	f0 40       	sbci	r31, 0x00	; 0
    3c38:	53 95       	inc	r21
    3c3a:	c9 f7       	brne	.-14     	; 0x3c2e <__addsf3x+0x52>
    3c3c:	7e f4       	brtc	.+30     	; 0x3c5c <__addsf3x+0x80>
    3c3e:	1f 16       	cp	r1, r31
    3c40:	ba 0b       	sbc	r27, r26
    3c42:	62 0b       	sbc	r22, r18
    3c44:	73 0b       	sbc	r23, r19
    3c46:	84 0b       	sbc	r24, r20
    3c48:	ba f0       	brmi	.+46     	; 0x3c78 <__addsf3x+0x9c>
    3c4a:	91 50       	subi	r25, 0x01	; 1
    3c4c:	a1 f0       	breq	.+40     	; 0x3c76 <__addsf3x+0x9a>
    3c4e:	ff 0f       	add	r31, r31
    3c50:	bb 1f       	adc	r27, r27
    3c52:	66 1f       	adc	r22, r22
    3c54:	77 1f       	adc	r23, r23
    3c56:	88 1f       	adc	r24, r24
    3c58:	c2 f7       	brpl	.-16     	; 0x3c4a <__addsf3x+0x6e>
    3c5a:	0e c0       	rjmp	.+28     	; 0x3c78 <__addsf3x+0x9c>
    3c5c:	ba 0f       	add	r27, r26
    3c5e:	62 1f       	adc	r22, r18
    3c60:	73 1f       	adc	r23, r19
    3c62:	84 1f       	adc	r24, r20
    3c64:	48 f4       	brcc	.+18     	; 0x3c78 <__addsf3x+0x9c>
    3c66:	87 95       	ror	r24
    3c68:	77 95       	ror	r23
    3c6a:	67 95       	ror	r22
    3c6c:	b7 95       	ror	r27
    3c6e:	f7 95       	ror	r31
    3c70:	9e 3f       	cpi	r25, 0xFE	; 254
    3c72:	08 f0       	brcs	.+2      	; 0x3c76 <__addsf3x+0x9a>
    3c74:	b0 cf       	rjmp	.-160    	; 0x3bd6 <__addsf3+0x28>
    3c76:	93 95       	inc	r25
    3c78:	88 0f       	add	r24, r24
    3c7a:	08 f0       	brcs	.+2      	; 0x3c7e <__addsf3x+0xa2>
    3c7c:	99 27       	eor	r25, r25
    3c7e:	ee 0f       	add	r30, r30
    3c80:	97 95       	ror	r25
    3c82:	87 95       	ror	r24
    3c84:	08 95       	ret

00003c86 <__divsf3>:
    3c86:	0e 94 57 1e 	call	0x3cae	; 0x3cae <__divsf3x>
    3c8a:	0c 94 56 1d 	jmp	0x3aac	; 0x3aac <__fp_round>
    3c8e:	0e 94 4f 1d 	call	0x3a9e	; 0x3a9e <__fp_pscB>
    3c92:	58 f0       	brcs	.+22     	; 0x3caa <__divsf3+0x24>
    3c94:	0e 94 48 1d 	call	0x3a90	; 0x3a90 <__fp_pscA>
    3c98:	40 f0       	brcs	.+16     	; 0x3caa <__divsf3+0x24>
    3c9a:	29 f4       	brne	.+10     	; 0x3ca6 <__divsf3+0x20>
    3c9c:	5f 3f       	cpi	r21, 0xFF	; 255
    3c9e:	29 f0       	breq	.+10     	; 0x3caa <__divsf3+0x24>
    3ca0:	0c 94 3f 1d 	jmp	0x3a7e	; 0x3a7e <__fp_inf>
    3ca4:	51 11       	cpse	r21, r1
    3ca6:	0c 94 8a 1d 	jmp	0x3b14	; 0x3b14 <__fp_szero>
__divsf3():
    3caa:	0c 94 45 1d 	jmp	0x3a8a	; 0x3a8a <__fp_nan>

00003cae <__divsf3x>:
__divsf3x():
    3cae:	0e 94 67 1d 	call	0x3ace	; 0x3ace <__fp_split3>
    3cb2:	68 f3       	brcs	.-38     	; 0x3c8e <__divsf3+0x8>

00003cb4 <__divsf3_pse>:
    3cb4:	99 23       	and	r25, r25
    3cb6:	b1 f3       	breq	.-20     	; 0x3ca4 <__divsf3+0x1e>
    3cb8:	55 23       	and	r21, r21
    3cba:	91 f3       	breq	.-28     	; 0x3ca0 <__divsf3+0x1a>
    3cbc:	95 1b       	sub	r25, r21
    3cbe:	55 0b       	sbc	r21, r21
    3cc0:	bb 27       	eor	r27, r27
    3cc2:	aa 27       	eor	r26, r26
    3cc4:	62 17       	cp	r22, r18
    3cc6:	73 07       	cpc	r23, r19
    3cc8:	84 07       	cpc	r24, r20
    3cca:	38 f0       	brcs	.+14     	; 0x3cda <__divsf3_pse+0x26>
    3ccc:	9f 5f       	subi	r25, 0xFF	; 255
    3cce:	5f 4f       	sbci	r21, 0xFF	; 255
    3cd0:	22 0f       	add	r18, r18
    3cd2:	33 1f       	adc	r19, r19
    3cd4:	44 1f       	adc	r20, r20
    3cd6:	aa 1f       	adc	r26, r26
    3cd8:	a9 f3       	breq	.-22     	; 0x3cc4 <__divsf3_pse+0x10>
    3cda:	35 d0       	rcall	.+106    	; 0x3d46 <__divsf3_pse+0x92>
    3cdc:	0e 2e       	mov	r0, r30
    3cde:	3a f0       	brmi	.+14     	; 0x3cee <__divsf3_pse+0x3a>
    3ce0:	e0 e8       	ldi	r30, 0x80	; 128
    3ce2:	32 d0       	rcall	.+100    	; 0x3d48 <__divsf3_pse+0x94>
    3ce4:	91 50       	subi	r25, 0x01	; 1
    3ce6:	50 40       	sbci	r21, 0x00	; 0
    3ce8:	e6 95       	lsr	r30
    3cea:	00 1c       	adc	r0, r0
    3cec:	ca f7       	brpl	.-14     	; 0x3ce0 <__divsf3_pse+0x2c>
    3cee:	2b d0       	rcall	.+86     	; 0x3d46 <__divsf3_pse+0x92>
    3cf0:	fe 2f       	mov	r31, r30
    3cf2:	29 d0       	rcall	.+82     	; 0x3d46 <__divsf3_pse+0x92>
    3cf4:	66 0f       	add	r22, r22
    3cf6:	77 1f       	adc	r23, r23
    3cf8:	88 1f       	adc	r24, r24
    3cfa:	bb 1f       	adc	r27, r27
    3cfc:	26 17       	cp	r18, r22
    3cfe:	37 07       	cpc	r19, r23
    3d00:	48 07       	cpc	r20, r24
    3d02:	ab 07       	cpc	r26, r27
    3d04:	b0 e8       	ldi	r27, 0x80	; 128
    3d06:	09 f0       	breq	.+2      	; 0x3d0a <__divsf3_pse+0x56>
    3d08:	bb 0b       	sbc	r27, r27
    3d0a:	80 2d       	mov	r24, r0
    3d0c:	bf 01       	movw	r22, r30
    3d0e:	ff 27       	eor	r31, r31
    3d10:	93 58       	subi	r25, 0x83	; 131
    3d12:	5f 4f       	sbci	r21, 0xFF	; 255
    3d14:	3a f0       	brmi	.+14     	; 0x3d24 <__divsf3_pse+0x70>
    3d16:	9e 3f       	cpi	r25, 0xFE	; 254
    3d18:	51 05       	cpc	r21, r1
    3d1a:	78 f0       	brcs	.+30     	; 0x3d3a <__divsf3_pse+0x86>
    3d1c:	0c 94 3f 1d 	jmp	0x3a7e	; 0x3a7e <__fp_inf>
    3d20:	0c 94 8a 1d 	jmp	0x3b14	; 0x3b14 <__fp_szero>
    3d24:	5f 3f       	cpi	r21, 0xFF	; 255
    3d26:	e4 f3       	brlt	.-8      	; 0x3d20 <__divsf3_pse+0x6c>
    3d28:	98 3e       	cpi	r25, 0xE8	; 232
    3d2a:	d4 f3       	brlt	.-12     	; 0x3d20 <__divsf3_pse+0x6c>
    3d2c:	86 95       	lsr	r24
    3d2e:	77 95       	ror	r23
    3d30:	67 95       	ror	r22
    3d32:	b7 95       	ror	r27
    3d34:	f7 95       	ror	r31
    3d36:	9f 5f       	subi	r25, 0xFF	; 255
    3d38:	c9 f7       	brne	.-14     	; 0x3d2c <__divsf3_pse+0x78>
    3d3a:	88 0f       	add	r24, r24
    3d3c:	91 1d       	adc	r25, r1
    3d3e:	96 95       	lsr	r25
    3d40:	87 95       	ror	r24
    3d42:	97 f9       	bld	r25, 7
    3d44:	08 95       	ret
    3d46:	e1 e0       	ldi	r30, 0x01	; 1
    3d48:	66 0f       	add	r22, r22
    3d4a:	77 1f       	adc	r23, r23
    3d4c:	88 1f       	adc	r24, r24
    3d4e:	bb 1f       	adc	r27, r27
    3d50:	62 17       	cp	r22, r18
    3d52:	73 07       	cpc	r23, r19
    3d54:	84 07       	cpc	r24, r20
    3d56:	ba 07       	cpc	r27, r26
    3d58:	20 f0       	brcs	.+8      	; 0x3d62 <__divsf3_pse+0xae>
    3d5a:	62 1b       	sub	r22, r18
    3d5c:	73 0b       	sbc	r23, r19
    3d5e:	84 0b       	sbc	r24, r20
    3d60:	ba 0b       	sbc	r27, r26
    3d62:	ee 1f       	adc	r30, r30
    3d64:	88 f7       	brcc	.-30     	; 0x3d48 <__divsf3_pse+0x94>
    3d66:	e0 95       	com	r30
    3d68:	08 95       	ret

00003d6a <__fixsfsi>:
    3d6a:	0e 94 bc 1e 	call	0x3d78	; 0x3d78 <__fixunssfsi>
    3d6e:	68 94       	set
    3d70:	b1 11       	cpse	r27, r1
    3d72:	0c 94 8a 1d 	jmp	0x3b14	; 0x3b14 <__fp_szero>
    3d76:	08 95       	ret

00003d78 <__fixunssfsi>:
    3d78:	0e 94 6f 1d 	call	0x3ade	; 0x3ade <__fp_splitA>
    3d7c:	88 f0       	brcs	.+34     	; 0x3da0 <__fixunssfsi+0x28>
    3d7e:	9f 57       	subi	r25, 0x7F	; 127
    3d80:	98 f0       	brcs	.+38     	; 0x3da8 <__fixunssfsi+0x30>
    3d82:	b9 2f       	mov	r27, r25
    3d84:	99 27       	eor	r25, r25
    3d86:	b7 51       	subi	r27, 0x17	; 23
    3d88:	b0 f0       	brcs	.+44     	; 0x3db6 <__fixunssfsi+0x3e>
__fixunssfsi():
    3d8a:	e1 f0       	breq	.+56     	; 0x3dc4 <__fixunssfsi+0x4c>
    3d8c:	66 0f       	add	r22, r22
    3d8e:	77 1f       	adc	r23, r23
    3d90:	88 1f       	adc	r24, r24
    3d92:	99 1f       	adc	r25, r25
    3d94:	1a f0       	brmi	.+6      	; 0x3d9c <__fixunssfsi+0x24>
    3d96:	ba 95       	dec	r27
    3d98:	c9 f7       	brne	.-14     	; 0x3d8c <__fixunssfsi+0x14>
    3d9a:	14 c0       	rjmp	.+40     	; 0x3dc4 <__fixunssfsi+0x4c>
    3d9c:	b1 30       	cpi	r27, 0x01	; 1
    3d9e:	91 f0       	breq	.+36     	; 0x3dc4 <__fixunssfsi+0x4c>
    3da0:	0e 94 89 1d 	call	0x3b12	; 0x3b12 <__fp_zero>
    3da4:	b1 e0       	ldi	r27, 0x01	; 1
    3da6:	08 95       	ret
    3da8:	0c 94 89 1d 	jmp	0x3b12	; 0x3b12 <__fp_zero>
    3dac:	67 2f       	mov	r22, r23
    3dae:	78 2f       	mov	r23, r24
    3db0:	88 27       	eor	r24, r24
    3db2:	b8 5f       	subi	r27, 0xF8	; 248
    3db4:	39 f0       	breq	.+14     	; 0x3dc4 <__fixunssfsi+0x4c>
    3db6:	b9 3f       	cpi	r27, 0xF9	; 249
    3db8:	cc f3       	brlt	.-14     	; 0x3dac <__fixunssfsi+0x34>
    3dba:	86 95       	lsr	r24
    3dbc:	77 95       	ror	r23
    3dbe:	67 95       	ror	r22
    3dc0:	b3 95       	inc	r27
    3dc2:	d9 f7       	brne	.-10     	; 0x3dba <__fixunssfsi+0x42>
    3dc4:	3e f4       	brtc	.+14     	; 0x3dd4 <__fixunssfsi+0x5c>
    3dc6:	90 95       	com	r25
    3dc8:	80 95       	com	r24
    3dca:	70 95       	com	r23
    3dcc:	61 95       	neg	r22
    3dce:	7f 4f       	sbci	r23, 0xFF	; 255
    3dd0:	8f 4f       	sbci	r24, 0xFF	; 255
    3dd2:	9f 4f       	sbci	r25, 0xFF	; 255
    3dd4:	08 95       	ret

00003dd6 <__gesf2>:
__gesf2():
    3dd6:	0e 94 ab 1c 	call	0x3956	; 0x3956 <__fp_cmp>
    3dda:	08 f4       	brcc	.+2      	; 0x3dde <__gesf2+0x8>
    3ddc:	8f ef       	ldi	r24, 0xFF	; 255
    3dde:	08 95       	ret

00003de0 <__unordsf2>:
__unordsf2():
    3de0:	0e 94 ab 1c 	call	0x3956	; 0x3956 <__fp_cmp>
    3de4:	88 0b       	sbc	r24, r24
    3de6:	99 0b       	sbc	r25, r25
    3de8:	08 95       	ret

00003dea <__udivmodsi4>:
__udivmodsi4():
/home/jenkins-mingw32/workspace/avr-gcc-staging/label/Ubuntu14.04x64-mingw32/gcc-build/avr/avr5/libgcc/../../../../gcc/libgcc/config/avr/lib1funcs.S:1638
    3dea:	a1 e2       	ldi	r26, 0x21	; 33
/home/jenkins-mingw32/workspace/avr-gcc-staging/label/Ubuntu14.04x64-mingw32/gcc-build/avr/avr5/libgcc/../../../../gcc/libgcc/config/avr/lib1funcs.S:1639
    3dec:	1a 2e       	mov	r1, r26
/home/jenkins-mingw32/workspace/avr-gcc-staging/label/Ubuntu14.04x64-mingw32/gcc-build/avr/avr5/libgcc/../../../../gcc/libgcc/config/avr/lib1funcs.S:1640
    3dee:	aa 1b       	sub	r26, r26
/home/jenkins-mingw32/workspace/avr-gcc-staging/label/Ubuntu14.04x64-mingw32/gcc-build/avr/avr5/libgcc/../../../../gcc/libgcc/config/avr/lib1funcs.S:1641
    3df0:	bb 1b       	sub	r27, r27
/home/jenkins-mingw32/workspace/avr-gcc-staging/label/Ubuntu14.04x64-mingw32/gcc-build/avr/avr5/libgcc/../../../../gcc/libgcc/config/avr/lib1funcs.S:1642
    3df2:	fd 01       	movw	r30, r26
/home/jenkins-mingw32/workspace/avr-gcc-staging/label/Ubuntu14.04x64-mingw32/gcc-build/avr/avr5/libgcc/../../../../gcc/libgcc/config/avr/lib1funcs.S:1644
    3df4:	0d c0       	rjmp	.+26     	; 0x3e10 <__udivmodsi4_ep>

00003df6 <__udivmodsi4_loop>:
/home/jenkins-mingw32/workspace/avr-gcc-staging/label/Ubuntu14.04x64-mingw32/gcc-build/avr/avr5/libgcc/../../../../gcc/libgcc/config/avr/lib1funcs.S:1646
    3df6:	aa 1f       	adc	r26, r26
/home/jenkins-mingw32/workspace/avr-gcc-staging/label/Ubuntu14.04x64-mingw32/gcc-build/avr/avr5/libgcc/../../../../gcc/libgcc/config/avr/lib1funcs.S:1647
    3df8:	bb 1f       	adc	r27, r27
/home/jenkins-mingw32/workspace/avr-gcc-staging/label/Ubuntu14.04x64-mingw32/gcc-build/avr/avr5/libgcc/../../../../gcc/libgcc/config/avr/lib1funcs.S:1648
    3dfa:	ee 1f       	adc	r30, r30
/home/jenkins-mingw32/workspace/avr-gcc-staging/label/Ubuntu14.04x64-mingw32/gcc-build/avr/avr5/libgcc/../../../../gcc/libgcc/config/avr/lib1funcs.S:1649
    3dfc:	ff 1f       	adc	r31, r31
/home/jenkins-mingw32/workspace/avr-gcc-staging/label/Ubuntu14.04x64-mingw32/gcc-build/avr/avr5/libgcc/../../../../gcc/libgcc/config/avr/lib1funcs.S:1650
    3dfe:	a2 17       	cp	r26, r18
/home/jenkins-mingw32/workspace/avr-gcc-staging/label/Ubuntu14.04x64-mingw32/gcc-build/avr/avr5/libgcc/../../../../gcc/libgcc/config/avr/lib1funcs.S:1651
    3e00:	b3 07       	cpc	r27, r19
/home/jenkins-mingw32/workspace/avr-gcc-staging/label/Ubuntu14.04x64-mingw32/gcc-build/avr/avr5/libgcc/../../../../gcc/libgcc/config/avr/lib1funcs.S:1652
    3e02:	e4 07       	cpc	r30, r20
/home/jenkins-mingw32/workspace/avr-gcc-staging/label/Ubuntu14.04x64-mingw32/gcc-build/avr/avr5/libgcc/../../../../gcc/libgcc/config/avr/lib1funcs.S:1653
    3e04:	f5 07       	cpc	r31, r21
/home/jenkins-mingw32/workspace/avr-gcc-staging/label/Ubuntu14.04x64-mingw32/gcc-build/avr/avr5/libgcc/../../../../gcc/libgcc/config/avr/lib1funcs.S:1654
    3e06:	20 f0       	brcs	.+8      	; 0x3e10 <__udivmodsi4_ep>
/home/jenkins-mingw32/workspace/avr-gcc-staging/label/Ubuntu14.04x64-mingw32/gcc-build/avr/avr5/libgcc/../../../../gcc/libgcc/config/avr/lib1funcs.S:1655
    3e08:	a2 1b       	sub	r26, r18
/home/jenkins-mingw32/workspace/avr-gcc-staging/label/Ubuntu14.04x64-mingw32/gcc-build/avr/avr5/libgcc/../../../../gcc/libgcc/config/avr/lib1funcs.S:1656
    3e0a:	b3 0b       	sbc	r27, r19
/home/jenkins-mingw32/workspace/avr-gcc-staging/label/Ubuntu14.04x64-mingw32/gcc-build/avr/avr5/libgcc/../../../../gcc/libgcc/config/avr/lib1funcs.S:1657
    3e0c:	e4 0b       	sbc	r30, r20
/home/jenkins-mingw32/workspace/avr-gcc-staging/label/Ubuntu14.04x64-mingw32/gcc-build/avr/avr5/libgcc/../../../../gcc/libgcc/config/avr/lib1funcs.S:1658
    3e0e:	f5 0b       	sbc	r31, r21

00003e10 <__udivmodsi4_ep>:
/home/jenkins-mingw32/workspace/avr-gcc-staging/label/Ubuntu14.04x64-mingw32/gcc-build/avr/avr5/libgcc/../../../../gcc/libgcc/config/avr/lib1funcs.S:1660
    3e10:	66 1f       	adc	r22, r22
/home/jenkins-mingw32/workspace/avr-gcc-staging/label/Ubuntu14.04x64-mingw32/gcc-build/avr/avr5/libgcc/../../../../gcc/libgcc/config/avr/lib1funcs.S:1661
    3e12:	77 1f       	adc	r23, r23
/home/jenkins-mingw32/workspace/avr-gcc-staging/label/Ubuntu14.04x64-mingw32/gcc-build/avr/avr5/libgcc/../../../../gcc/libgcc/config/avr/lib1funcs.S:1662
    3e14:	88 1f       	adc	r24, r24
/home/jenkins-mingw32/workspace/avr-gcc-staging/label/Ubuntu14.04x64-mingw32/gcc-build/avr/avr5/libgcc/../../../../gcc/libgcc/config/avr/lib1funcs.S:1663
    3e16:	99 1f       	adc	r25, r25
/home/jenkins-mingw32/workspace/avr-gcc-staging/label/Ubuntu14.04x64-mingw32/gcc-build/avr/avr5/libgcc/../../../../gcc/libgcc/config/avr/lib1funcs.S:1664
    3e18:	1a 94       	dec	r1
/home/jenkins-mingw32/workspace/avr-gcc-staging/label/Ubuntu14.04x64-mingw32/gcc-build/avr/avr5/libgcc/../../../../gcc/libgcc/config/avr/lib1funcs.S:1665
    3e1a:	69 f7       	brne	.-38     	; 0x3df6 <__udivmodsi4_loop>
/home/jenkins-mingw32/workspace/avr-gcc-staging/label/Ubuntu14.04x64-mingw32/gcc-build/avr/avr5/libgcc/../../../../gcc/libgcc/config/avr/lib1funcs.S:1667
    3e1c:	60 95       	com	r22
/home/jenkins-mingw32/workspace/avr-gcc-staging/label/Ubuntu14.04x64-mingw32/gcc-build/avr/avr5/libgcc/../../../../gcc/libgcc/config/avr/lib1funcs.S:1668
    3e1e:	70 95       	com	r23
/home/jenkins-mingw32/workspace/avr-gcc-staging/label/Ubuntu14.04x64-mingw32/gcc-build/avr/avr5/libgcc/../../../../gcc/libgcc/config/avr/lib1funcs.S:1669
    3e20:	80 95       	com	r24
/home/jenkins-mingw32/workspace/avr-gcc-staging/label/Ubuntu14.04x64-mingw32/gcc-build/avr/avr5/libgcc/../../../../gcc/libgcc/config/avr/lib1funcs.S:1670
    3e22:	90 95       	com	r25
/home/jenkins-mingw32/workspace/avr-gcc-staging/label/Ubuntu14.04x64-mingw32/gcc-build/avr/avr5/libgcc/../../../../gcc/libgcc/config/avr/lib1funcs.S:1672
    3e24:	9b 01       	movw	r18, r22
/home/jenkins-mingw32/workspace/avr-gcc-staging/label/Ubuntu14.04x64-mingw32/gcc-build/avr/avr5/libgcc/../../../../gcc/libgcc/config/avr/lib1funcs.S:1674
    3e26:	ac 01       	movw	r20, r24
/home/jenkins-mingw32/workspace/avr-gcc-staging/label/Ubuntu14.04x64-mingw32/gcc-build/avr/avr5/libgcc/../../../../gcc/libgcc/config/avr/lib1funcs.S:1676
    3e28:	bd 01       	movw	r22, r26
/home/jenkins-mingw32/workspace/avr-gcc-staging/label/Ubuntu14.04x64-mingw32/gcc-build/avr/avr5/libgcc/../../../../gcc/libgcc/config/avr/lib1funcs.S:1678
    3e2a:	cf 01       	movw	r24, r30
/home/jenkins-mingw32/workspace/avr-gcc-staging/label/Ubuntu14.04x64-mingw32/gcc-build/avr/avr5/libgcc/../../../../gcc/libgcc/config/avr/lib1funcs.S:1680
    3e2c:	08 95       	ret

00003e2e <__usmulhisi3>:
__usmulhisi3():
/home/jenkins-mingw32/workspace/avr-gcc-staging/label/Ubuntu14.04x64-mingw32/gcc-build/avr/avr5/libgcc/../../../../gcc/libgcc/config/avr/lib1funcs.S:545
    3e2e:	0e 94 c7 1d 	call	0x3b8e	; 0x3b8e <__umulhisi3>

00003e32 <__usmulhisi3_tail>:
__usmulhisi3_tail():
/home/jenkins-mingw32/workspace/avr-gcc-staging/label/Ubuntu14.04x64-mingw32/gcc-build/avr/avr5/libgcc/../../../../gcc/libgcc/config/avr/lib1funcs.S:551
    3e32:	b7 ff       	sbrs	r27, 7
/home/jenkins-mingw32/workspace/avr-gcc-staging/label/Ubuntu14.04x64-mingw32/gcc-build/avr/avr5/libgcc/../../../../gcc/libgcc/config/avr/lib1funcs.S:552
    3e34:	08 95       	ret
/home/jenkins-mingw32/workspace/avr-gcc-staging/label/Ubuntu14.04x64-mingw32/gcc-build/avr/avr5/libgcc/../../../../gcc/libgcc/config/avr/lib1funcs.S:553
    3e36:	82 1b       	sub	r24, r18
/home/jenkins-mingw32/workspace/avr-gcc-staging/label/Ubuntu14.04x64-mingw32/gcc-build/avr/avr5/libgcc/../../../../gcc/libgcc/config/avr/lib1funcs.S:554
    3e38:	93 0b       	sbc	r25, r19
/home/jenkins-mingw32/workspace/avr-gcc-staging/label/Ubuntu14.04x64-mingw32/gcc-build/avr/avr5/libgcc/../../../../gcc/libgcc/config/avr/lib1funcs.S:555
    3e3a:	08 95       	ret

00003e3c <__tablejump2__>:
__tablejump2__():
/home/jenkins-mingw32/workspace/avr-gcc-staging/label/Ubuntu14.04x64-mingw32/gcc-build/avr/avr5/libgcc/../../../../gcc/libgcc/config/avr/lib1funcs.S:2296
    3e3c:	ee 0f       	add	r30, r30
/home/jenkins-mingw32/workspace/avr-gcc-staging/label/Ubuntu14.04x64-mingw32/gcc-build/avr/avr5/libgcc/../../../../gcc/libgcc/config/avr/lib1funcs.S:2297
    3e3e:	ff 1f       	adc	r31, r31
/home/jenkins-mingw32/workspace/avr-gcc-staging/label/Ubuntu14.04x64-mingw32/gcc-build/avr/avr5/libgcc/../../../../gcc/libgcc/config/avr/lib1funcs.S:2328
    3e40:	05 90       	lpm	r0, Z+
/home/jenkins-mingw32/workspace/avr-gcc-staging/label/Ubuntu14.04x64-mingw32/gcc-build/avr/avr5/libgcc/../../../../gcc/libgcc/config/avr/lib1funcs.S:2329
    3e42:	f4 91       	lpm	r31, Z
/home/jenkins-mingw32/workspace/avr-gcc-staging/label/Ubuntu14.04x64-mingw32/gcc-build/avr/avr5/libgcc/../../../../gcc/libgcc/config/avr/lib1funcs.S:2330
    3e44:	e0 2d       	mov	r30, r0
/home/jenkins-mingw32/workspace/avr-gcc-staging/label/Ubuntu14.04x64-mingw32/gcc-build/avr/avr5/libgcc/../../../../gcc/libgcc/config/avr/lib1funcs.S:2331
    3e46:	09 94       	ijmp

00003e48 <malloc>:
malloc():
    3e48:	0f 93       	push	r16
    3e4a:	1f 93       	push	r17
    3e4c:	cf 93       	push	r28
    3e4e:	df 93       	push	r29
    3e50:	82 30       	cpi	r24, 0x02	; 2
    3e52:	91 05       	cpc	r25, r1
    3e54:	10 f4       	brcc	.+4      	; 0x3e5a <malloc+0x12>
    3e56:	82 e0       	ldi	r24, 0x02	; 2
    3e58:	90 e0       	ldi	r25, 0x00	; 0
    3e5a:	e0 91 0b 05 	lds	r30, 0x050B	; 0x80050b <__flp>
    3e5e:	f0 91 0c 05 	lds	r31, 0x050C	; 0x80050c <__flp+0x1>
    3e62:	30 e0       	ldi	r19, 0x00	; 0
    3e64:	20 e0       	ldi	r18, 0x00	; 0
    3e66:	b0 e0       	ldi	r27, 0x00	; 0
    3e68:	a0 e0       	ldi	r26, 0x00	; 0
    3e6a:	30 97       	sbiw	r30, 0x00	; 0
    3e6c:	99 f4       	brne	.+38     	; 0x3e94 <malloc+0x4c>
    3e6e:	21 15       	cp	r18, r1
    3e70:	31 05       	cpc	r19, r1
    3e72:	09 f4       	brne	.+2      	; 0x3e76 <malloc+0x2e>
    3e74:	4a c0       	rjmp	.+148    	; 0x3f0a <malloc+0xc2>
    3e76:	28 1b       	sub	r18, r24
    3e78:	39 0b       	sbc	r19, r25
    3e7a:	24 30       	cpi	r18, 0x04	; 4
    3e7c:	31 05       	cpc	r19, r1
    3e7e:	d8 f5       	brcc	.+118    	; 0x3ef6 <malloc+0xae>
    3e80:	8a 81       	ldd	r24, Y+2	; 0x02
    3e82:	9b 81       	ldd	r25, Y+3	; 0x03
    3e84:	61 15       	cp	r22, r1
    3e86:	71 05       	cpc	r23, r1
    3e88:	89 f1       	breq	.+98     	; 0x3eec <malloc+0xa4>
    3e8a:	fb 01       	movw	r30, r22
    3e8c:	93 83       	std	Z+3, r25	; 0x03
    3e8e:	82 83       	std	Z+2, r24	; 0x02
    3e90:	fe 01       	movw	r30, r28
    3e92:	11 c0       	rjmp	.+34     	; 0x3eb6 <malloc+0x6e>
    3e94:	40 81       	ld	r20, Z
    3e96:	51 81       	ldd	r21, Z+1	; 0x01
    3e98:	02 81       	ldd	r16, Z+2	; 0x02
    3e9a:	13 81       	ldd	r17, Z+3	; 0x03
    3e9c:	48 17       	cp	r20, r24
    3e9e:	59 07       	cpc	r21, r25
    3ea0:	e0 f0       	brcs	.+56     	; 0x3eda <malloc+0x92>
    3ea2:	48 17       	cp	r20, r24
    3ea4:	59 07       	cpc	r21, r25
    3ea6:	99 f4       	brne	.+38     	; 0x3ece <malloc+0x86>
    3ea8:	10 97       	sbiw	r26, 0x00	; 0
    3eaa:	61 f0       	breq	.+24     	; 0x3ec4 <malloc+0x7c>
    3eac:	12 96       	adiw	r26, 0x02	; 2
    3eae:	0c 93       	st	X, r16
    3eb0:	12 97       	sbiw	r26, 0x02	; 2
    3eb2:	13 96       	adiw	r26, 0x03	; 3
    3eb4:	1c 93       	st	X, r17
    3eb6:	32 96       	adiw	r30, 0x02	; 2
    3eb8:	cf 01       	movw	r24, r30
    3eba:	df 91       	pop	r29
    3ebc:	cf 91       	pop	r28
    3ebe:	1f 91       	pop	r17
    3ec0:	0f 91       	pop	r16
    3ec2:	08 95       	ret
    3ec4:	00 93 0b 05 	sts	0x050B, r16	; 0x80050b <__flp>
    3ec8:	10 93 0c 05 	sts	0x050C, r17	; 0x80050c <__flp+0x1>
    3ecc:	f4 cf       	rjmp	.-24     	; 0x3eb6 <malloc+0x6e>
    3ece:	21 15       	cp	r18, r1
    3ed0:	31 05       	cpc	r19, r1
    3ed2:	51 f0       	breq	.+20     	; 0x3ee8 <malloc+0xa0>
    3ed4:	42 17       	cp	r20, r18
    3ed6:	53 07       	cpc	r21, r19
    3ed8:	38 f0       	brcs	.+14     	; 0x3ee8 <malloc+0xa0>
    3eda:	a9 01       	movw	r20, r18
    3edc:	db 01       	movw	r26, r22
    3ede:	9a 01       	movw	r18, r20
    3ee0:	bd 01       	movw	r22, r26
    3ee2:	df 01       	movw	r26, r30
    3ee4:	f8 01       	movw	r30, r16
    3ee6:	c1 cf       	rjmp	.-126    	; 0x3e6a <malloc+0x22>
    3ee8:	ef 01       	movw	r28, r30
    3eea:	f9 cf       	rjmp	.-14     	; 0x3ede <malloc+0x96>
    3eec:	90 93 0c 05 	sts	0x050C, r25	; 0x80050c <__flp+0x1>
    3ef0:	80 93 0b 05 	sts	0x050B, r24	; 0x80050b <__flp>
    3ef4:	cd cf       	rjmp	.-102    	; 0x3e90 <malloc+0x48>
    3ef6:	fe 01       	movw	r30, r28
    3ef8:	e2 0f       	add	r30, r18
    3efa:	f3 1f       	adc	r31, r19
    3efc:	81 93       	st	Z+, r24
    3efe:	91 93       	st	Z+, r25
    3f00:	22 50       	subi	r18, 0x02	; 2
    3f02:	31 09       	sbc	r19, r1
    3f04:	39 83       	std	Y+1, r19	; 0x01
    3f06:	28 83       	st	Y, r18
    3f08:	d7 cf       	rjmp	.-82     	; 0x3eb8 <malloc+0x70>
    3f0a:	20 91 09 05 	lds	r18, 0x0509	; 0x800509 <__brkval>
    3f0e:	30 91 0a 05 	lds	r19, 0x050A	; 0x80050a <__brkval+0x1>
    3f12:	23 2b       	or	r18, r19
    3f14:	41 f4       	brne	.+16     	; 0x3f26 <malloc+0xde>
    3f16:	20 91 0c 01 	lds	r18, 0x010C	; 0x80010c <__malloc_heap_start>
    3f1a:	30 91 0d 01 	lds	r19, 0x010D	; 0x80010d <__malloc_heap_start+0x1>
    3f1e:	30 93 0a 05 	sts	0x050A, r19	; 0x80050a <__brkval+0x1>
    3f22:	20 93 09 05 	sts	0x0509, r18	; 0x800509 <__brkval>
    3f26:	20 91 0a 01 	lds	r18, 0x010A	; 0x80010a <__malloc_heap_end>
    3f2a:	30 91 0b 01 	lds	r19, 0x010B	; 0x80010b <__malloc_heap_end+0x1>
    3f2e:	21 15       	cp	r18, r1
    3f30:	31 05       	cpc	r19, r1
    3f32:	41 f4       	brne	.+16     	; 0x3f44 <malloc+0xfc>
    3f34:	2d b7       	in	r18, 0x3d	; 61
    3f36:	3e b7       	in	r19, 0x3e	; 62
    3f38:	40 91 0e 01 	lds	r20, 0x010E	; 0x80010e <__malloc_margin>
    3f3c:	50 91 0f 01 	lds	r21, 0x010F	; 0x80010f <__malloc_margin+0x1>
    3f40:	24 1b       	sub	r18, r20
    3f42:	35 0b       	sbc	r19, r21
    3f44:	e0 91 09 05 	lds	r30, 0x0509	; 0x800509 <__brkval>
    3f48:	f0 91 0a 05 	lds	r31, 0x050A	; 0x80050a <__brkval+0x1>
    3f4c:	e2 17       	cp	r30, r18
    3f4e:	f3 07       	cpc	r31, r19
    3f50:	a0 f4       	brcc	.+40     	; 0x3f7a <malloc+0x132>
    3f52:	2e 1b       	sub	r18, r30
    3f54:	3f 0b       	sbc	r19, r31
    3f56:	28 17       	cp	r18, r24
    3f58:	39 07       	cpc	r19, r25
    3f5a:	78 f0       	brcs	.+30     	; 0x3f7a <malloc+0x132>
    3f5c:	ac 01       	movw	r20, r24
    3f5e:	4e 5f       	subi	r20, 0xFE	; 254
    3f60:	5f 4f       	sbci	r21, 0xFF	; 255
    3f62:	24 17       	cp	r18, r20
    3f64:	35 07       	cpc	r19, r21
    3f66:	48 f0       	brcs	.+18     	; 0x3f7a <malloc+0x132>
    3f68:	4e 0f       	add	r20, r30
    3f6a:	5f 1f       	adc	r21, r31
    3f6c:	50 93 0a 05 	sts	0x050A, r21	; 0x80050a <__brkval+0x1>
    3f70:	40 93 09 05 	sts	0x0509, r20	; 0x800509 <__brkval>
    3f74:	81 93       	st	Z+, r24
    3f76:	91 93       	st	Z+, r25
    3f78:	9f cf       	rjmp	.-194    	; 0x3eb8 <malloc+0x70>
    3f7a:	f0 e0       	ldi	r31, 0x00	; 0
    3f7c:	e0 e0       	ldi	r30, 0x00	; 0
    3f7e:	9c cf       	rjmp	.-200    	; 0x3eb8 <malloc+0x70>

00003f80 <free>:
free():
    3f80:	cf 93       	push	r28
    3f82:	df 93       	push	r29
    3f84:	00 97       	sbiw	r24, 0x00	; 0
    3f86:	e9 f0       	breq	.+58     	; 0x3fc2 <free+0x42>
    3f88:	fc 01       	movw	r30, r24
    3f8a:	32 97       	sbiw	r30, 0x02	; 2
    3f8c:	13 82       	std	Z+3, r1	; 0x03
    3f8e:	12 82       	std	Z+2, r1	; 0x02
    3f90:	a0 91 0b 05 	lds	r26, 0x050B	; 0x80050b <__flp>
    3f94:	b0 91 0c 05 	lds	r27, 0x050C	; 0x80050c <__flp+0x1>
    3f98:	ed 01       	movw	r28, r26
    3f9a:	30 e0       	ldi	r19, 0x00	; 0
    3f9c:	20 e0       	ldi	r18, 0x00	; 0
    3f9e:	10 97       	sbiw	r26, 0x00	; 0
    3fa0:	a1 f4       	brne	.+40     	; 0x3fca <free+0x4a>
    3fa2:	20 81       	ld	r18, Z
    3fa4:	31 81       	ldd	r19, Z+1	; 0x01
    3fa6:	82 0f       	add	r24, r18
    3fa8:	93 1f       	adc	r25, r19
    3faa:	20 91 09 05 	lds	r18, 0x0509	; 0x800509 <__brkval>
    3fae:	30 91 0a 05 	lds	r19, 0x050A	; 0x80050a <__brkval+0x1>
    3fb2:	28 17       	cp	r18, r24
    3fb4:	39 07       	cpc	r19, r25
    3fb6:	09 f0       	breq	.+2      	; 0x3fba <free+0x3a>
    3fb8:	61 c0       	rjmp	.+194    	; 0x407c <free+0xfc>
    3fba:	f0 93 0a 05 	sts	0x050A, r31	; 0x80050a <__brkval+0x1>
    3fbe:	e0 93 09 05 	sts	0x0509, r30	; 0x800509 <__brkval>
    3fc2:	df 91       	pop	r29
    3fc4:	cf 91       	pop	r28
    3fc6:	08 95       	ret
    3fc8:	ea 01       	movw	r28, r20
    3fca:	ce 17       	cp	r28, r30
    3fcc:	df 07       	cpc	r29, r31
    3fce:	e8 f5       	brcc	.+122    	; 0x404a <free+0xca>
    3fd0:	4a 81       	ldd	r20, Y+2	; 0x02
    3fd2:	5b 81       	ldd	r21, Y+3	; 0x03
    3fd4:	9e 01       	movw	r18, r28
    3fd6:	41 15       	cp	r20, r1
    3fd8:	51 05       	cpc	r21, r1
    3fda:	b1 f7       	brne	.-20     	; 0x3fc8 <free+0x48>
    3fdc:	e9 01       	movw	r28, r18
    3fde:	fb 83       	std	Y+3, r31	; 0x03
    3fe0:	ea 83       	std	Y+2, r30	; 0x02
    3fe2:	49 91       	ld	r20, Y+
    3fe4:	59 91       	ld	r21, Y+
    3fe6:	c4 0f       	add	r28, r20
    3fe8:	d5 1f       	adc	r29, r21
    3fea:	ec 17       	cp	r30, r28
    3fec:	fd 07       	cpc	r31, r29
    3fee:	61 f4       	brne	.+24     	; 0x4008 <free+0x88>
    3ff0:	80 81       	ld	r24, Z
    3ff2:	91 81       	ldd	r25, Z+1	; 0x01
    3ff4:	02 96       	adiw	r24, 0x02	; 2
    3ff6:	84 0f       	add	r24, r20
    3ff8:	95 1f       	adc	r25, r21
    3ffa:	e9 01       	movw	r28, r18
    3ffc:	99 83       	std	Y+1, r25	; 0x01
    3ffe:	88 83       	st	Y, r24
    4000:	82 81       	ldd	r24, Z+2	; 0x02
    4002:	93 81       	ldd	r25, Z+3	; 0x03
    4004:	9b 83       	std	Y+3, r25	; 0x03
    4006:	8a 83       	std	Y+2, r24	; 0x02
    4008:	f0 e0       	ldi	r31, 0x00	; 0
    400a:	e0 e0       	ldi	r30, 0x00	; 0
    400c:	12 96       	adiw	r26, 0x02	; 2
    400e:	8d 91       	ld	r24, X+
    4010:	9c 91       	ld	r25, X
    4012:	13 97       	sbiw	r26, 0x03	; 3
    4014:	00 97       	sbiw	r24, 0x00	; 0
    4016:	b9 f5       	brne	.+110    	; 0x4086 <free+0x106>
    4018:	2d 91       	ld	r18, X+
    401a:	3c 91       	ld	r19, X
    401c:	11 97       	sbiw	r26, 0x01	; 1
    401e:	cd 01       	movw	r24, r26
    4020:	02 96       	adiw	r24, 0x02	; 2
    4022:	82 0f       	add	r24, r18
    4024:	93 1f       	adc	r25, r19
    4026:	20 91 09 05 	lds	r18, 0x0509	; 0x800509 <__brkval>
    402a:	30 91 0a 05 	lds	r19, 0x050A	; 0x80050a <__brkval+0x1>
    402e:	28 17       	cp	r18, r24
    4030:	39 07       	cpc	r19, r25
    4032:	39 f6       	brne	.-114    	; 0x3fc2 <free+0x42>
    4034:	30 97       	sbiw	r30, 0x00	; 0
    4036:	51 f5       	brne	.+84     	; 0x408c <free+0x10c>
    4038:	10 92 0c 05 	sts	0x050C, r1	; 0x80050c <__flp+0x1>
    403c:	10 92 0b 05 	sts	0x050B, r1	; 0x80050b <__flp>
    4040:	b0 93 0a 05 	sts	0x050A, r27	; 0x80050a <__brkval+0x1>
    4044:	a0 93 09 05 	sts	0x0509, r26	; 0x800509 <__brkval>
    4048:	bc cf       	rjmp	.-136    	; 0x3fc2 <free+0x42>
    404a:	d3 83       	std	Z+3, r29	; 0x03
    404c:	c2 83       	std	Z+2, r28	; 0x02
    404e:	40 81       	ld	r20, Z
    4050:	51 81       	ldd	r21, Z+1	; 0x01
    4052:	84 0f       	add	r24, r20
    4054:	95 1f       	adc	r25, r21
    4056:	c8 17       	cp	r28, r24
    4058:	d9 07       	cpc	r29, r25
    405a:	61 f4       	brne	.+24     	; 0x4074 <free+0xf4>
    405c:	4e 5f       	subi	r20, 0xFE	; 254
    405e:	5f 4f       	sbci	r21, 0xFF	; 255
    4060:	88 81       	ld	r24, Y
    4062:	99 81       	ldd	r25, Y+1	; 0x01
    4064:	48 0f       	add	r20, r24
    4066:	59 1f       	adc	r21, r25
    4068:	51 83       	std	Z+1, r21	; 0x01
    406a:	40 83       	st	Z, r20
    406c:	8a 81       	ldd	r24, Y+2	; 0x02
    406e:	9b 81       	ldd	r25, Y+3	; 0x03
    4070:	93 83       	std	Z+3, r25	; 0x03
    4072:	82 83       	std	Z+2, r24	; 0x02
    4074:	21 15       	cp	r18, r1
    4076:	31 05       	cpc	r19, r1
    4078:	09 f0       	breq	.+2      	; 0x407c <free+0xfc>
    407a:	b0 cf       	rjmp	.-160    	; 0x3fdc <free+0x5c>
    407c:	f0 93 0c 05 	sts	0x050C, r31	; 0x80050c <__flp+0x1>
    4080:	e0 93 0b 05 	sts	0x050B, r30	; 0x80050b <__flp>
    4084:	9e cf       	rjmp	.-196    	; 0x3fc2 <free+0x42>
    4086:	fd 01       	movw	r30, r26
    4088:	dc 01       	movw	r26, r24
    408a:	c0 cf       	rjmp	.-128    	; 0x400c <free+0x8c>
    408c:	13 82       	std	Z+3, r1	; 0x03
    408e:	12 82       	std	Z+2, r1	; 0x02
    4090:	d7 cf       	rjmp	.-82     	; 0x4040 <free+0xc0>

00004092 <realloc>:
realloc():
    4092:	b0 e0       	ldi	r27, 0x00	; 0
    4094:	a0 e0       	ldi	r26, 0x00	; 0
    4096:	ef e4       	ldi	r30, 0x4F	; 79
    4098:	f0 e2       	ldi	r31, 0x20	; 32
    409a:	0c 94 92 1d 	jmp	0x3b24	; 0x3b24 <__prologue_saves__+0x4>
    409e:	8c 01       	movw	r16, r24
    40a0:	00 97       	sbiw	r24, 0x00	; 0
    40a2:	51 f4       	brne	.+20     	; 0x40b8 <realloc+0x26>
    40a4:	cb 01       	movw	r24, r22
    40a6:	0e 94 24 1f 	call	0x3e48	; 0x3e48 <malloc>
    40aa:	8c 01       	movw	r16, r24
    40ac:	c8 01       	movw	r24, r16
    40ae:	cd b7       	in	r28, 0x3d	; 61
    40b0:	de b7       	in	r29, 0x3e	; 62
    40b2:	e0 e1       	ldi	r30, 0x10	; 16
    40b4:	0c 94 ae 1d 	jmp	0x3b5c	; 0x3b5c <__epilogue_restores__+0x4>
    40b8:	fc 01       	movw	r30, r24
    40ba:	e6 0f       	add	r30, r22
    40bc:	f7 1f       	adc	r31, r23
    40be:	9c 01       	movw	r18, r24
    40c0:	22 50       	subi	r18, 0x02	; 2
    40c2:	31 09       	sbc	r19, r1
    40c4:	e2 17       	cp	r30, r18
    40c6:	f3 07       	cpc	r31, r19
    40c8:	08 f4       	brcc	.+2      	; 0x40cc <realloc+0x3a>
    40ca:	9d c0       	rjmp	.+314    	; 0x4206 <realloc+0x174>
    40cc:	d9 01       	movw	r26, r18
    40ce:	cd 91       	ld	r28, X+
    40d0:	dc 91       	ld	r29, X
    40d2:	11 97       	sbiw	r26, 0x01	; 1
    40d4:	c6 17       	cp	r28, r22
    40d6:	d7 07       	cpc	r29, r23
    40d8:	98 f0       	brcs	.+38     	; 0x4100 <realloc+0x6e>
    40da:	c5 30       	cpi	r28, 0x05	; 5
    40dc:	d1 05       	cpc	r29, r1
    40de:	30 f3       	brcs	.-52     	; 0x40ac <realloc+0x1a>
    40e0:	ce 01       	movw	r24, r28
    40e2:	04 97       	sbiw	r24, 0x04	; 4
    40e4:	86 17       	cp	r24, r22
    40e6:	97 07       	cpc	r25, r23
    40e8:	08 f3       	brcs	.-62     	; 0x40ac <realloc+0x1a>
    40ea:	c6 1b       	sub	r28, r22
    40ec:	d7 0b       	sbc	r29, r23
    40ee:	22 97       	sbiw	r28, 0x02	; 2
    40f0:	c1 93       	st	Z+, r28
    40f2:	d1 93       	st	Z+, r29
    40f4:	6d 93       	st	X+, r22
    40f6:	7c 93       	st	X, r23
    40f8:	cf 01       	movw	r24, r30
    40fa:	0e 94 c0 1f 	call	0x3f80	; 0x3f80 <free>
    40fe:	d6 cf       	rjmp	.-84     	; 0x40ac <realloc+0x1a>
    4100:	5b 01       	movw	r10, r22
    4102:	ac 1a       	sub	r10, r28
    4104:	bd 0a       	sbc	r11, r29
    4106:	4c 01       	movw	r8, r24
    4108:	8c 0e       	add	r8, r28
    410a:	9d 1e       	adc	r9, r29
    410c:	a0 91 0b 05 	lds	r26, 0x050B	; 0x80050b <__flp>
    4110:	b0 91 0c 05 	lds	r27, 0x050C	; 0x80050c <__flp+0x1>
    4114:	51 2c       	mov	r5, r1
    4116:	41 2c       	mov	r4, r1
    4118:	f1 2c       	mov	r15, r1
    411a:	e1 2c       	mov	r14, r1
    411c:	10 97       	sbiw	r26, 0x00	; 0
    411e:	31 f5       	brne	.+76     	; 0x416c <realloc+0xda>
    4120:	80 91 09 05 	lds	r24, 0x0509	; 0x800509 <__brkval>
    4124:	90 91 0a 05 	lds	r25, 0x050A	; 0x80050a <__brkval+0x1>
    4128:	88 15       	cp	r24, r8
    412a:	99 05       	cpc	r25, r9
    412c:	09 f0       	breq	.+2      	; 0x4130 <realloc+0x9e>
    412e:	5c c0       	rjmp	.+184    	; 0x41e8 <realloc+0x156>
    4130:	46 16       	cp	r4, r22
    4132:	57 06       	cpc	r5, r23
    4134:	08 f0       	brcs	.+2      	; 0x4138 <realloc+0xa6>
    4136:	58 c0       	rjmp	.+176    	; 0x41e8 <realloc+0x156>
    4138:	80 91 0a 01 	lds	r24, 0x010A	; 0x80010a <__malloc_heap_end>
    413c:	90 91 0b 01 	lds	r25, 0x010B	; 0x80010b <__malloc_heap_end+0x1>
    4140:	00 97       	sbiw	r24, 0x00	; 0
    4142:	41 f4       	brne	.+16     	; 0x4154 <realloc+0xc2>
    4144:	8d b7       	in	r24, 0x3d	; 61
    4146:	9e b7       	in	r25, 0x3e	; 62
    4148:	40 91 0e 01 	lds	r20, 0x010E	; 0x80010e <__malloc_margin>
    414c:	50 91 0f 01 	lds	r21, 0x010F	; 0x80010f <__malloc_margin+0x1>
    4150:	84 1b       	sub	r24, r20
    4152:	95 0b       	sbc	r25, r21
    4154:	e8 17       	cp	r30, r24
    4156:	f9 07       	cpc	r31, r25
    4158:	08 f0       	brcs	.+2      	; 0x415c <realloc+0xca>
    415a:	55 c0       	rjmp	.+170    	; 0x4206 <realloc+0x174>
    415c:	f0 93 0a 05 	sts	0x050A, r31	; 0x80050a <__brkval+0x1>
    4160:	e0 93 09 05 	sts	0x0509, r30	; 0x800509 <__brkval>
    4164:	f9 01       	movw	r30, r18
    4166:	71 83       	std	Z+1, r23	; 0x01
    4168:	60 83       	st	Z, r22
    416a:	a0 cf       	rjmp	.-192    	; 0x40ac <realloc+0x1a>
    416c:	8d 91       	ld	r24, X+
    416e:	9c 91       	ld	r25, X
    4170:	11 97       	sbiw	r26, 0x01	; 1
    4172:	12 96       	adiw	r26, 0x02	; 2
    4174:	6c 90       	ld	r6, X
    4176:	12 97       	sbiw	r26, 0x02	; 2
    4178:	13 96       	adiw	r26, 0x03	; 3
    417a:	7c 90       	ld	r7, X
    417c:	13 97       	sbiw	r26, 0x03	; 3
    417e:	a8 15       	cp	r26, r8
    4180:	b9 05       	cpc	r27, r9
    4182:	59 f5       	brne	.+86     	; 0x41da <realloc+0x148>
    4184:	6c 01       	movw	r12, r24
    4186:	42 e0       	ldi	r20, 0x02	; 2
    4188:	c4 0e       	add	r12, r20
    418a:	d1 1c       	adc	r13, r1
    418c:	ca 14       	cp	r12, r10
    418e:	db 04       	cpc	r13, r11
    4190:	20 f1       	brcs	.+72     	; 0x41da <realloc+0x148>
    4192:	ac 01       	movw	r20, r24
    4194:	4a 19       	sub	r20, r10
    4196:	5b 09       	sbc	r21, r11
    4198:	da 01       	movw	r26, r20
    419a:	12 96       	adiw	r26, 0x02	; 2
    419c:	15 97       	sbiw	r26, 0x05	; 5
    419e:	80 f0       	brcs	.+32     	; 0x41c0 <realloc+0x12e>
    41a0:	62 82       	std	Z+2, r6	; 0x02
    41a2:	73 82       	std	Z+3, r7	; 0x03
    41a4:	51 83       	std	Z+1, r21	; 0x01
    41a6:	40 83       	st	Z, r20
    41a8:	d9 01       	movw	r26, r18
    41aa:	6d 93       	st	X+, r22
    41ac:	7c 93       	st	X, r23
    41ae:	e1 14       	cp	r14, r1
    41b0:	f1 04       	cpc	r15, r1
    41b2:	71 f0       	breq	.+28     	; 0x41d0 <realloc+0x13e>
    41b4:	d7 01       	movw	r26, r14
    41b6:	13 96       	adiw	r26, 0x03	; 3
    41b8:	fc 93       	st	X, r31
    41ba:	ee 93       	st	-X, r30
    41bc:	12 97       	sbiw	r26, 0x02	; 2
    41be:	76 cf       	rjmp	.-276    	; 0x40ac <realloc+0x1a>
    41c0:	22 96       	adiw	r28, 0x02	; 2
    41c2:	8c 0f       	add	r24, r28
    41c4:	9d 1f       	adc	r25, r29
    41c6:	f9 01       	movw	r30, r18
    41c8:	91 83       	std	Z+1, r25	; 0x01
    41ca:	80 83       	st	Z, r24
    41cc:	f3 01       	movw	r30, r6
    41ce:	ef cf       	rjmp	.-34     	; 0x41ae <realloc+0x11c>
    41d0:	f0 93 0c 05 	sts	0x050C, r31	; 0x80050c <__flp+0x1>
    41d4:	e0 93 0b 05 	sts	0x050B, r30	; 0x80050b <__flp>
    41d8:	69 cf       	rjmp	.-302    	; 0x40ac <realloc+0x1a>
    41da:	48 16       	cp	r4, r24
    41dc:	59 06       	cpc	r5, r25
    41de:	08 f4       	brcc	.+2      	; 0x41e2 <realloc+0x150>
    41e0:	2c 01       	movw	r4, r24
    41e2:	7d 01       	movw	r14, r26
    41e4:	d3 01       	movw	r26, r6
    41e6:	9a cf       	rjmp	.-204    	; 0x411c <realloc+0x8a>
    41e8:	cb 01       	movw	r24, r22
    41ea:	0e 94 24 1f 	call	0x3e48	; 0x3e48 <malloc>
    41ee:	7c 01       	movw	r14, r24
    41f0:	00 97       	sbiw	r24, 0x00	; 0
    41f2:	49 f0       	breq	.+18     	; 0x4206 <realloc+0x174>
    41f4:	ae 01       	movw	r20, r28
    41f6:	b8 01       	movw	r22, r16
    41f8:	0e 94 06 21 	call	0x420c	; 0x420c <memcpy>
    41fc:	c8 01       	movw	r24, r16
    41fe:	0e 94 c0 1f 	call	0x3f80	; 0x3f80 <free>
    4202:	87 01       	movw	r16, r14
    4204:	53 cf       	rjmp	.-346    	; 0x40ac <realloc+0x1a>
    4206:	10 e0       	ldi	r17, 0x00	; 0
    4208:	00 e0       	ldi	r16, 0x00	; 0
    420a:	50 cf       	rjmp	.-352    	; 0x40ac <realloc+0x1a>

0000420c <memcpy>:
memcpy():
    420c:	fb 01       	movw	r30, r22
    420e:	dc 01       	movw	r26, r24
    4210:	02 c0       	rjmp	.+4      	; 0x4216 <memcpy+0xa>
    4212:	01 90       	ld	r0, Z+
    4214:	0d 92       	st	X+, r0
    4216:	41 50       	subi	r20, 0x01	; 1
    4218:	50 40       	sbci	r21, 0x00	; 0
    421a:	d8 f7       	brcc	.-10     	; 0x4212 <memcpy+0x6>
    421c:	08 95       	ret

0000421e <strchr>:
strchr():
    421e:	fc 01       	movw	r30, r24
    4220:	81 91       	ld	r24, Z+
    4222:	86 17       	cp	r24, r22
    4224:	21 f0       	breq	.+8      	; 0x422e <strchr+0x10>
    4226:	88 23       	and	r24, r24
    4228:	d9 f7       	brne	.-10     	; 0x4220 <strchr+0x2>
    422a:	99 27       	eor	r25, r25
    422c:	08 95       	ret
    422e:	31 97       	sbiw	r30, 0x01	; 1
    4230:	cf 01       	movw	r24, r30
    4232:	08 95       	ret

00004234 <strcpy>:
strcpy():
    4234:	fb 01       	movw	r30, r22
    4236:	dc 01       	movw	r26, r24
    4238:	01 90       	ld	r0, Z+
    423a:	0d 92       	st	X+, r0
    423c:	00 20       	and	r0, r0
    423e:	e1 f7       	brne	.-8      	; 0x4238 <strcpy+0x4>
    4240:	08 95       	ret

00004242 <strstr>:
strstr():
    4242:	fb 01       	movw	r30, r22
    4244:	51 91       	ld	r21, Z+
    4246:	55 23       	and	r21, r21
    4248:	a9 f0       	breq	.+42     	; 0x4274 <strstr+0x32>
    424a:	bf 01       	movw	r22, r30
    424c:	dc 01       	movw	r26, r24
    424e:	4d 91       	ld	r20, X+
    4250:	45 17       	cp	r20, r21
    4252:	41 11       	cpse	r20, r1
    4254:	e1 f7       	brne	.-8      	; 0x424e <strstr+0xc>
    4256:	59 f4       	brne	.+22     	; 0x426e <strstr+0x2c>
    4258:	cd 01       	movw	r24, r26
    425a:	01 90       	ld	r0, Z+
    425c:	00 20       	and	r0, r0
    425e:	49 f0       	breq	.+18     	; 0x4272 <strstr+0x30>
    4260:	4d 91       	ld	r20, X+
    4262:	40 15       	cp	r20, r0
    4264:	41 11       	cpse	r20, r1
    4266:	c9 f3       	breq	.-14     	; 0x425a <strstr+0x18>
    4268:	fb 01       	movw	r30, r22
    426a:	41 11       	cpse	r20, r1
    426c:	ef cf       	rjmp	.-34     	; 0x424c <strstr+0xa>
    426e:	81 e0       	ldi	r24, 0x01	; 1
    4270:	90 e0       	ldi	r25, 0x00	; 0
    4272:	01 97       	sbiw	r24, 0x01	; 1
    4274:	08 95       	ret

00004276 <snprintf>:
snprintf():
    4276:	ae e0       	ldi	r26, 0x0E	; 14
    4278:	b0 e0       	ldi	r27, 0x00	; 0
    427a:	e1 e4       	ldi	r30, 0x41	; 65
    427c:	f1 e2       	ldi	r31, 0x21	; 33
    427e:	0c 94 9e 1d 	jmp	0x3b3c	; 0x3b3c <__prologue_saves__+0x1c>
    4282:	0d 89       	ldd	r16, Y+21	; 0x15
    4284:	1e 89       	ldd	r17, Y+22	; 0x16
    4286:	8f 89       	ldd	r24, Y+23	; 0x17
    4288:	98 8d       	ldd	r25, Y+24	; 0x18
    428a:	26 e0       	ldi	r18, 0x06	; 6
    428c:	2c 83       	std	Y+4, r18	; 0x04
    428e:	1a 83       	std	Y+2, r17	; 0x02
    4290:	09 83       	std	Y+1, r16	; 0x01
    4292:	97 ff       	sbrs	r25, 7
    4294:	02 c0       	rjmp	.+4      	; 0x429a <snprintf+0x24>
    4296:	80 e0       	ldi	r24, 0x00	; 0
    4298:	90 e8       	ldi	r25, 0x80	; 128
    429a:	01 97       	sbiw	r24, 0x01	; 1
    429c:	9e 83       	std	Y+6, r25	; 0x06
    429e:	8d 83       	std	Y+5, r24	; 0x05
    42a0:	ae 01       	movw	r20, r28
    42a2:	45 5e       	subi	r20, 0xE5	; 229
    42a4:	5f 4f       	sbci	r21, 0xFF	; 255
    42a6:	69 8d       	ldd	r22, Y+25	; 0x19
    42a8:	7a 8d       	ldd	r23, Y+26	; 0x1a
    42aa:	ce 01       	movw	r24, r28
    42ac:	01 96       	adiw	r24, 0x01	; 1
    42ae:	0e 94 e2 19 	call	0x33c4	; 0x33c4 <vfprintf>
    42b2:	4d 81       	ldd	r20, Y+5	; 0x05
    42b4:	5e 81       	ldd	r21, Y+6	; 0x06
    42b6:	57 fd       	sbrc	r21, 7
    42b8:	0a c0       	rjmp	.+20     	; 0x42ce <snprintf+0x58>
    42ba:	2f 81       	ldd	r18, Y+7	; 0x07
    42bc:	38 85       	ldd	r19, Y+8	; 0x08
    42be:	42 17       	cp	r20, r18
    42c0:	53 07       	cpc	r21, r19
    42c2:	0c f4       	brge	.+2      	; 0x42c6 <snprintf+0x50>
    42c4:	9a 01       	movw	r18, r20
    42c6:	02 0f       	add	r16, r18
    42c8:	13 1f       	adc	r17, r19
    42ca:	f8 01       	movw	r30, r16
    42cc:	10 82       	st	Z, r1
    42ce:	2e 96       	adiw	r28, 0x0e	; 14
    42d0:	e4 e0       	ldi	r30, 0x04	; 4
    42d2:	0c 94 ba 1d 	jmp	0x3b74	; 0x3b74 <__epilogue_restores__+0x1c>

000042d6 <__do_global_dtors>:
__do_global_dtors():
/home/jenkins-mingw32/workspace/avr-gcc-staging/label/Ubuntu14.04x64-mingw32/gcc-build/avr/avr5/libgcc/../../../../gcc/libgcc/config/avr/lib1funcs.S:2496
    42d6:	11 e0       	ldi	r17, 0x01	; 1
/home/jenkins-mingw32/workspace/avr-gcc-staging/label/Ubuntu14.04x64-mingw32/gcc-build/avr/avr5/libgcc/../../../../gcc/libgcc/config/avr/lib1funcs.S:2497
    42d8:	c1 ee       	ldi	r28, 0xE1	; 225
/home/jenkins-mingw32/workspace/avr-gcc-staging/label/Ubuntu14.04x64-mingw32/gcc-build/avr/avr5/libgcc/../../../../gcc/libgcc/config/avr/lib1funcs.S:2498
    42da:	d1 e0       	ldi	r29, 0x01	; 1
/home/jenkins-mingw32/workspace/avr-gcc-staging/label/Ubuntu14.04x64-mingw32/gcc-build/avr/avr5/libgcc/../../../../gcc/libgcc/config/avr/lib1funcs.S:2502
    42dc:	04 c0       	rjmp	.+8      	; 0x42e6 <__do_global_dtors+0x10>
/home/jenkins-mingw32/workspace/avr-gcc-staging/label/Ubuntu14.04x64-mingw32/gcc-build/avr/avr5/libgcc/../../../../gcc/libgcc/config/avr/lib1funcs.S:2508
    42de:	fe 01       	movw	r30, r28
/home/jenkins-mingw32/workspace/avr-gcc-staging/label/Ubuntu14.04x64-mingw32/gcc-build/avr/avr5/libgcc/../../../../gcc/libgcc/config/avr/lib1funcs.S:2509
    42e0:	0e 94 1e 1f 	call	0x3e3c	; 0x3e3c <__tablejump2__>
/home/jenkins-mingw32/workspace/avr-gcc-staging/label/Ubuntu14.04x64-mingw32/gcc-build/avr/avr5/libgcc/../../../../gcc/libgcc/config/avr/lib1funcs.S:2510
    42e4:	21 96       	adiw	r28, 0x01	; 1
/home/jenkins-mingw32/workspace/avr-gcc-staging/label/Ubuntu14.04x64-mingw32/gcc-build/avr/avr5/libgcc/../../../../gcc/libgcc/config/avr/lib1funcs.S:2515
    42e6:	c2 3e       	cpi	r28, 0xE2	; 226
/home/jenkins-mingw32/workspace/avr-gcc-staging/label/Ubuntu14.04x64-mingw32/gcc-build/avr/avr5/libgcc/../../../../gcc/libgcc/config/avr/lib1funcs.S:2516
    42e8:	d1 07       	cpc	r29, r17
/home/jenkins-mingw32/workspace/avr-gcc-staging/label/Ubuntu14.04x64-mingw32/gcc-build/avr/avr5/libgcc/../../../../gcc/libgcc/config/avr/lib1funcs.S:2521
    42ea:	c9 f7       	brne	.-14     	; 0x42de <__do_global_dtors+0x8>
/home/jenkins-mingw32/workspace/avr-gcc-staging/label/Ubuntu14.04x64-mingw32/gcc-build/avr/avr5/libgcc/../../../../gcc/libgcc/config/avr/lib1funcs.S:2278
    42ec:	f8 94       	cli

000042ee <__stop_program>:
__stop_program():
/home/jenkins-mingw32/workspace/avr-gcc-staging/label/Ubuntu14.04x64-mingw32/gcc-build/avr/avr5/libgcc/../../../../gcc/libgcc/config/avr/lib1funcs.S:2280
    42ee:	ff cf       	rjmp	.-2      	; 0x42ee <__stop_program>
