
C:\Users\luci\AppData\Local\arduino\sketches\F1A03AB2C45802C6AAF4AFAD7B9D158B/OnlineGasDetector_FIGARO.ino.elf:     file format elf32-avr


Disassembly of section .text:

00000000 <__vectors>:
__vectors():
       0:	0c 94 38 01 	jmp	0x270	; 0x270 <__dtors_end>
       4:	0c 94 a4 0b 	jmp	0x1748	; 0x1748 <__vector_1>
       8:	0c 94 7d 0b 	jmp	0x16fa	; 0x16fa <__vector_2>
       c:	0c 94 23 0c 	jmp	0x1846	; 0x1846 <__vector_3>
      10:	0c 94 23 0c 	jmp	0x1846	; 0x1846 <__vector_3>
      14:	0c 94 23 0c 	jmp	0x1846	; 0x1846 <__vector_3>
      18:	0c 94 60 01 	jmp	0x2c0	; 0x2c0 <__bad_interrupt>
      1c:	0c 94 60 01 	jmp	0x2c0	; 0x2c0 <__bad_interrupt>
      20:	0c 94 60 01 	jmp	0x2c0	; 0x2c0 <__bad_interrupt>
      24:	0c 94 60 01 	jmp	0x2c0	; 0x2c0 <__bad_interrupt>
      28:	0c 94 60 01 	jmp	0x2c0	; 0x2c0 <__bad_interrupt>
      2c:	0c 94 9b 0c 	jmp	0x1936	; 0x1936 <__vector_11>
      30:	0c 94 60 01 	jmp	0x2c0	; 0x2c0 <__bad_interrupt>
      34:	0c 94 60 01 	jmp	0x2c0	; 0x2c0 <__bad_interrupt>
      38:	0c 94 60 01 	jmp	0x2c0	; 0x2c0 <__bad_interrupt>
      3c:	0c 94 60 01 	jmp	0x2c0	; 0x2c0 <__bad_interrupt>
      40:	0c 94 33 0b 	jmp	0x1666	; 0x1666 <__vector_16>
      44:	0c 94 60 01 	jmp	0x2c0	; 0x2c0 <__bad_interrupt>
      48:	0c 94 f1 0b 	jmp	0x17e2	; 0x17e2 <__vector_18>
      4c:	0c 94 cb 0b 	jmp	0x1796	; 0x1796 <__vector_19>
      50:	0c 94 60 01 	jmp	0x2c0	; 0x2c0 <__bad_interrupt>
      54:	0c 94 60 01 	jmp	0x2c0	; 0x2c0 <__bad_interrupt>
      58:	0c 94 60 01 	jmp	0x2c0	; 0x2c0 <__bad_interrupt>
      5c:	0c 94 60 01 	jmp	0x2c0	; 0x2c0 <__bad_interrupt>
      60:	0c 94 60 01 	jmp	0x2c0	; 0x2c0 <__bad_interrupt>
      64:	0c 94 60 01 	jmp	0x2c0	; 0x2c0 <__bad_interrupt>

00000068 <__trampolines_end>:
__trampolines_start():
      68:	4f 4b       	sbci	r20, 0xBF	; 191
	...

0000006b <SendSMS(bool, String)::__c>:
      6b:	2b 43 4d 47 53 3a 00                                +CMGS:.

00000072 <SendSMS(bool, String)::__c>:
      72:	53 4d 53 20 74 65 78 74 20 73 65 6e 74 2c 20 77     SMS text sent, w
      82:	61 69 74 69 6e 67 20 66 6f 72 20 63 6f 6e 66 69     aiting for confi
      92:	72 6d 61 74 69 6f 6e 2e 2e 2e 00                    rmation....

0000009d <SendSMS(bool, String)::__c>:
      9d:	41 54 2b 43 53 43 53 3d 22 47 53 4d 22 00           AT+CSCS="GSM".

000000ab <SendSMS(bool, String)::__c>:
      ab:	46 61 69 6c 65 64 20 74 6f 20 73 65 74 20 53 4d     Failed to set SM
      bb:	53 20 74 65 78 74 20 6d 6f 64 65 00                 S text mode.

000000c7 <SendSMS(bool, String)::__c>:
      c7:	4f 4b 00                                            OK.

000000ca <SendSMS(bool, String)::__c>:
      ca:	41 54 2b 43 4d 47 46 3d 31 00                       AT+CMGF=1.

000000d4 <IsGsmGarbage(String)::__c>:
      d4:	50 53 55 54 54 5a 00                                PSUTTZ.

000000db <IsGsmGarbage(String)::__c>:
      db:	43 54 5a 56 00                                      CTZV.

000000e0 <IsGsmGarbage(String)::__c>:
      e0:	44 53 54 00                                         DST.

000000e4 <IsGsmGarbage(String)::__c>:
      e4:	43 46 55 4e 00                                      CFUN.

000000e9 <IsGsmGarbage(String)::__c>:
      e9:	43 50 49 4e 00                                      CPIN.

000000ee <IsGsmGarbage(String)::__c>:
      ee:	43 4d 45 00                                         CME.

000000f2 <IsGsmGarbage(String)::__c>:
      f2:	43 4d 54 49 00                                      CMTI.

000000f7 <IsGsmGarbage(String)::__c>:
      f7:	53 4d 53 00                                         SMS.

000000fb <IsGsmGarbage(String)::__c>:
      fb:	52 44 59 00                                         RDY.

000000ff <IsGsmGarbage(String)::__c>:
      ff:	43 61 6c 6c 00                                      Call.

00000104 <IsGsmGarbage(String)::__c>:
     104:	52 65 61 64 79 00                                   Ready.

0000010a <waitAtAnswer()::__c>:
     10a:	4f 4b 00                                            OK.

0000010d <waitAtAnswer()::__c>:
     10d:	54 69 6d 65 6f 75 74 00                             Timeout.

00000115 <sendAtCommand(String, bool)::__c>:
     115:	2d 2d 2d 2d 2d 2d 2d 2d 00                          --------.

0000011e <GetSignalLevel()::__c>:
     11e:	61 74 2b 63 73 71 00                                at+csq.

00000125 <SendSMSToOwners(bool, String)::__c>:
     125:	52 65 74 72 79 20 53 4d 53 20 74 6f 20 00           Retry SMS to .

00000133 <SendSMSToOwners(bool, String)::__c>:
     133:	53 4d 53 20 73 65 6e 74 20 74 6f 20 00              SMS sent to .

00000140 <ExtractResponseBody(String)::__c>:
     140:	0a 4f 4b 00                                         .OK.

00000144 <ExtractResponseBody(String)::__c>:
     144:	0d 0a 4f 4b 00                                      ..OK.

00000149 <ExtractResponseBody(String)::__c>:
     149:	2b 48 54 54 50 52 45 41 44 3a 00                    +HTTPREAD:.

00000154 <prepareSIM800LForSendRequest(bool)::__c>:
     154:	45 52 52 4f 52 00                                   ERROR.

0000015a <prepareSIM800LForSendRequest(bool)::__c>:
     15a:	41 54 2b 48 54 54 50 50 41 52 41 3d 22 43 49 44     AT+HTTPPARA="CID
     16a:	22 2c 31 00                                         ",1.

0000016e <prepareSIM800LForSendRequest(bool)::__c>:
     16e:	41 54 2b 48 54 54 50 49 4e 49 54 00                 AT+HTTPINIT.

0000017a <prepareSIM800LForSendRequest(bool)::__c>:
     17a:	41 54 2b 53 41 50 42 52 3d 31 2c 31 00              AT+SAPBR=1,1.

00000187 <prepareSIM800LForSendRequest(bool)::__c>:
     187:	41 54 2b 53 41 50 42 52 3d 33 2c 31 2c 22 43 4f     AT+SAPBR=3,1,"CO
     197:	4e 54 59 50 45 22 2c 22 47 50 52 53 22 20 00        NTYPE","GPRS" .

000001a6 <SendRequestToServer(bool)::__c>:
     1a6:	41 54 2b 53 41 50 42 52 3d 30 2c 31 00              AT+SAPBR=0,1.

000001b3 <SendRequestToServer(bool)::__c>:
     1b3:	41 54 2b 48 54 54 50 54 45 52 4d 00                 AT+HTTPTERM.

000001bf <SendRequestToServer(bool)::__c>:
     1bf:	41 54 2b 48 54 54 50 52 45 41 44 00                 AT+HTTPREAD.

000001cb <SendRequestToServer(bool)::__c>:
     1cb:	44 45 41 43 54 00                                   DEACT.

000001d1 <SendRequestToServer(bool)::__c>:
     1d1:	4f 4b 00                                            OK.

000001d4 <SendRequestToServer(bool)::__c>:
     1d4:	41 54 2b 48 54 54 50 41 43 54 49 4f 4e 3d 30 00     AT+HTTPACTION=0.

000001e4 <SendRequest(bool)::__c>:
     1e4:	53 55 43 43 45 53 53 00                             SUCCESS.

000001ec <SendRequest(bool)::__c>:
     1ec:	46 61 69 6c 65 64 20 74 6f 20 73 65 6e 64 20 68     Failed to send h
     1fc:	74 74 70 20 72 65 71 75 65 73 74 00                 ttp request.

00000208 <port_to_mode_PGM>:
     208:	00 00 00 00 24 00 27 00 2a 00                       ....$.'.*.

00000212 <digital_pin_to_timer_PGM>:
     212:	00 00 00 09 00 03 02 00 00 04 05 08 00 00 00 00     ................
     222:	00 00 00 00 00 00 00                                .......

00000229 <port_to_input_PGM>:
     229:	00 00 00 00 23 00 26 00 29 00                       ....#.&.).

00000233 <port_to_output_PGM>:
     233:	00 00 00 00 25 00 28 00 2b 00                       ....%.(.+.

0000023d <digital_pin_to_port_PGM>:
     23d:	04 04 04 04 04 04 04 04 02 02 02 02 02 02 03 03     ................
     24d:	03 03 03 03 02 02 03                                .......

00000254 <digital_pin_to_bit_mask_PGM>:
     254:	01 02 04 08 10 20 40 80 01 02 04 08 10 20 01 02     ..... @...... ..
     264:	04 08 10 20 40 80 40 00                             ... @.@.

0000026c <__ctors_start>:
__ctors_start():
     26c:	76 0d       	add	r23, r6

0000026e <__ctors_end>:
__dtors_start():
     26e:	80 15       	cp	r24, r0

00000270 <__dtors_end>:
__dtors_end():
     270:	11 24       	eor	r1, r1
     272:	1f be       	out	0x3f, r1	; 63
     274:	cf ef       	ldi	r28, 0xFF	; 255
     276:	d8 e0       	ldi	r29, 0x08	; 8
     278:	de bf       	out	0x3e, r29	; 62
     27a:	cd bf       	out	0x3d, r28	; 61

0000027c <__do_clear_bss>:
__do_clear_bss():
/home/jenkins-mingw32/workspace/avr-gcc-staging/label/Ubuntu14.04x64-mingw32/gcc-build/avr/avr5/libgcc/../../../../gcc/libgcc/config/avr/lib1funcs.S:2441
     27c:	24 e0       	ldi	r18, 0x04	; 4
/home/jenkins-mingw32/workspace/avr-gcc-staging/label/Ubuntu14.04x64-mingw32/gcc-build/avr/avr5/libgcc/../../../../gcc/libgcc/config/avr/lib1funcs.S:2442
     27e:	ae e6       	ldi	r26, 0x6E	; 110
/home/jenkins-mingw32/workspace/avr-gcc-staging/label/Ubuntu14.04x64-mingw32/gcc-build/avr/avr5/libgcc/../../../../gcc/libgcc/config/avr/lib1funcs.S:2443
     280:	b3 e0       	ldi	r27, 0x03	; 3
/home/jenkins-mingw32/workspace/avr-gcc-staging/label/Ubuntu14.04x64-mingw32/gcc-build/avr/avr5/libgcc/../../../../gcc/libgcc/config/avr/lib1funcs.S:2444
     282:	01 c0       	rjmp	.+2      	; 0x286 <.do_clear_bss_start>

00000284 <.do_clear_bss_loop>:
/home/jenkins-mingw32/workspace/avr-gcc-staging/label/Ubuntu14.04x64-mingw32/gcc-build/avr/avr5/libgcc/../../../../gcc/libgcc/config/avr/lib1funcs.S:2446
     284:	1d 92       	st	X+, r1

00000286 <.do_clear_bss_start>:
/home/jenkins-mingw32/workspace/avr-gcc-staging/label/Ubuntu14.04x64-mingw32/gcc-build/avr/avr5/libgcc/../../../../gcc/libgcc/config/avr/lib1funcs.S:2448
     286:	a4 3a       	cpi	r26, 0xA4	; 164
/home/jenkins-mingw32/workspace/avr-gcc-staging/label/Ubuntu14.04x64-mingw32/gcc-build/avr/avr5/libgcc/../../../../gcc/libgcc/config/avr/lib1funcs.S:2449
     288:	b2 07       	cpc	r27, r18
/home/jenkins-mingw32/workspace/avr-gcc-staging/label/Ubuntu14.04x64-mingw32/gcc-build/avr/avr5/libgcc/../../../../gcc/libgcc/config/avr/lib1funcs.S:2450
     28a:	e1 f7       	brne	.-8      	; 0x284 <.do_clear_bss_loop>

0000028c <__do_copy_data>:
__do_copy_data():
/home/jenkins-mingw32/workspace/avr-gcc-staging/label/Ubuntu14.04x64-mingw32/gcc-build/avr/avr5/libgcc/../../../../gcc/libgcc/config/avr/lib1funcs.S:2409
     28c:	13 e0       	ldi	r17, 0x03	; 3
/home/jenkins-mingw32/workspace/avr-gcc-staging/label/Ubuntu14.04x64-mingw32/gcc-build/avr/avr5/libgcc/../../../../gcc/libgcc/config/avr/lib1funcs.S:2410
     28e:	a0 e0       	ldi	r26, 0x00	; 0
/home/jenkins-mingw32/workspace/avr-gcc-staging/label/Ubuntu14.04x64-mingw32/gcc-build/avr/avr5/libgcc/../../../../gcc/libgcc/config/avr/lib1funcs.S:2411
     290:	b1 e0       	ldi	r27, 0x01	; 1
/home/jenkins-mingw32/workspace/avr-gcc-staging/label/Ubuntu14.04x64-mingw32/gcc-build/avr/avr5/libgcc/../../../../gcc/libgcc/config/avr/lib1funcs.S:2412
     292:	e8 e1       	ldi	r30, 0x18	; 24
/home/jenkins-mingw32/workspace/avr-gcc-staging/label/Ubuntu14.04x64-mingw32/gcc-build/avr/avr5/libgcc/../../../../gcc/libgcc/config/avr/lib1funcs.S:2413
     294:	f6 e3       	ldi	r31, 0x36	; 54
/home/jenkins-mingw32/workspace/avr-gcc-staging/label/Ubuntu14.04x64-mingw32/gcc-build/avr/avr5/libgcc/../../../../gcc/libgcc/config/avr/lib1funcs.S:2414
     296:	02 c0       	rjmp	.+4      	; 0x29c <__do_copy_data+0x10>
/home/jenkins-mingw32/workspace/avr-gcc-staging/label/Ubuntu14.04x64-mingw32/gcc-build/avr/avr5/libgcc/../../../../gcc/libgcc/config/avr/lib1funcs.S:2417
     298:	05 90       	lpm	r0, Z+
/home/jenkins-mingw32/workspace/avr-gcc-staging/label/Ubuntu14.04x64-mingw32/gcc-build/avr/avr5/libgcc/../../../../gcc/libgcc/config/avr/lib1funcs.S:2422
     29a:	0d 92       	st	X+, r0
/home/jenkins-mingw32/workspace/avr-gcc-staging/label/Ubuntu14.04x64-mingw32/gcc-build/avr/avr5/libgcc/../../../../gcc/libgcc/config/avr/lib1funcs.S:2424
     29c:	ae 36       	cpi	r26, 0x6E	; 110
/home/jenkins-mingw32/workspace/avr-gcc-staging/label/Ubuntu14.04x64-mingw32/gcc-build/avr/avr5/libgcc/../../../../gcc/libgcc/config/avr/lib1funcs.S:2425
     29e:	b1 07       	cpc	r27, r17
/home/jenkins-mingw32/workspace/avr-gcc-staging/label/Ubuntu14.04x64-mingw32/gcc-build/avr/avr5/libgcc/../../../../gcc/libgcc/config/avr/lib1funcs.S:2426
     2a0:	d9 f7       	brne	.-10     	; 0x298 <__do_copy_data+0xc>

000002a2 <__do_global_ctors>:
__do_global_ctors():
/home/jenkins-mingw32/workspace/avr-gcc-staging/label/Ubuntu14.04x64-mingw32/gcc-build/avr/avr5/libgcc/../../../../gcc/libgcc/config/avr/lib1funcs.S:2466
     2a2:	11 e0       	ldi	r17, 0x01	; 1
/home/jenkins-mingw32/workspace/avr-gcc-staging/label/Ubuntu14.04x64-mingw32/gcc-build/avr/avr5/libgcc/../../../../gcc/libgcc/config/avr/lib1funcs.S:2467
     2a4:	c7 e3       	ldi	r28, 0x37	; 55
/home/jenkins-mingw32/workspace/avr-gcc-staging/label/Ubuntu14.04x64-mingw32/gcc-build/avr/avr5/libgcc/../../../../gcc/libgcc/config/avr/lib1funcs.S:2468
     2a6:	d1 e0       	ldi	r29, 0x01	; 1
/home/jenkins-mingw32/workspace/avr-gcc-staging/label/Ubuntu14.04x64-mingw32/gcc-build/avr/avr5/libgcc/../../../../gcc/libgcc/config/avr/lib1funcs.S:2472
     2a8:	04 c0       	rjmp	.+8      	; 0x2b2 <__do_global_ctors+0x10>
/home/jenkins-mingw32/workspace/avr-gcc-staging/label/Ubuntu14.04x64-mingw32/gcc-build/avr/avr5/libgcc/../../../../gcc/libgcc/config/avr/lib1funcs.S:2474
     2aa:	21 97       	sbiw	r28, 0x01	; 1
/home/jenkins-mingw32/workspace/avr-gcc-staging/label/Ubuntu14.04x64-mingw32/gcc-build/avr/avr5/libgcc/../../../../gcc/libgcc/config/avr/lib1funcs.S:2480
     2ac:	fe 01       	movw	r30, r28
/home/jenkins-mingw32/workspace/avr-gcc-staging/label/Ubuntu14.04x64-mingw32/gcc-build/avr/avr5/libgcc/../../../../gcc/libgcc/config/avr/lib1funcs.S:2481
     2ae:	0e 94 e2 18 	call	0x31c4	; 0x31c4 <__tablejump2__>
/home/jenkins-mingw32/workspace/avr-gcc-staging/label/Ubuntu14.04x64-mingw32/gcc-build/avr/avr5/libgcc/../../../../gcc/libgcc/config/avr/lib1funcs.S:2483
     2b2:	c6 33       	cpi	r28, 0x36	; 54
/home/jenkins-mingw32/workspace/avr-gcc-staging/label/Ubuntu14.04x64-mingw32/gcc-build/avr/avr5/libgcc/../../../../gcc/libgcc/config/avr/lib1funcs.S:2484
     2b4:	d1 07       	cpc	r29, r17
/home/jenkins-mingw32/workspace/avr-gcc-staging/label/Ubuntu14.04x64-mingw32/gcc-build/avr/avr5/libgcc/../../../../gcc/libgcc/config/avr/lib1funcs.S:2489
     2b6:	c9 f7       	brne	.-14     	; 0x2aa <__do_global_ctors+0x8>
     2b8:	0e 94 36 0e 	call	0x1c6c	; 0x1c6c <main>
     2bc:	0c 94 ff 1a 	jmp	0x35fe	; 0x35fe <__do_global_dtors>

000002c0 <__bad_interrupt>:
__vector_22():
     2c0:	0c 94 00 00 	jmp	0	; 0x0 <__vectors>

000002c4 <digitalWrite>:
digitalWrite():
C:\Users\luci\AppData\Local\Arduino15\packages\MiniCore\hardware\avr\3.1.1\cores\MCUdude_corefiles/wiring_digital.c:189
  }
}

void digitalWrite(uint8_t pin, uint8_t val)
{
  uint8_t timer = digitalPinToTimer(pin);
     2c4:	90 e0       	ldi	r25, 0x00	; 0
     2c6:	fc 01       	movw	r30, r24
     2c8:	ee 5e       	subi	r30, 0xEE	; 238
     2ca:	fd 4f       	sbci	r31, 0xFD	; 253
     2cc:	24 91       	lpm	r18, Z
C:\Users\luci\AppData\Local\Arduino15\packages\MiniCore\hardware\avr\3.1.1\cores\MCUdude_corefiles/wiring_digital.c:190
  uint8_t bit = digitalPinToBitMask(pin);
     2ce:	fc 01       	movw	r30, r24
     2d0:	ec 5a       	subi	r30, 0xAC	; 172
     2d2:	fd 4f       	sbci	r31, 0xFD	; 253
     2d4:	34 91       	lpm	r19, Z
C:\Users\luci\AppData\Local\Arduino15\packages\MiniCore\hardware\avr\3.1.1\cores\MCUdude_corefiles/wiring_digital.c:191
  uint8_t port = digitalPinToPort(pin);
     2d6:	fc 01       	movw	r30, r24
     2d8:	e3 5c       	subi	r30, 0xC3	; 195
     2da:	fd 4f       	sbci	r31, 0xFD	; 253
     2dc:	e4 91       	lpm	r30, Z
C:\Users\luci\AppData\Local\Arduino15\packages\MiniCore\hardware\avr\3.1.1\cores\MCUdude_corefiles/wiring_digital.c:194
  volatile uint8_t *out;

  if (port == NOT_A_PIN) return;
     2de:	ee 23       	and	r30, r30
     2e0:	c9 f0       	breq	.+50     	; 0x314 <digitalWrite+0x50>
C:\Users\luci\AppData\Local\Arduino15\packages\MiniCore\hardware\avr\3.1.1\cores\MCUdude_corefiles/wiring_digital.c:198

  // If the pin that support PWM output, we need to turn it off
  // before doing a digital write.
  if (timer != NOT_ON_TIMER) turnOffPWM(timer);
     2e2:	22 23       	and	r18, r18
     2e4:	39 f0       	breq	.+14     	; 0x2f4 <digitalWrite+0x30>
turnOffPWM():
C:\Users\luci\AppData\Local\Arduino15\packages\MiniCore\hardware\avr\3.1.1\cores\MCUdude_corefiles/wiring_digital.c:77
//
//static inline void turnOffPWM(uint8_t timer) __attribute__ ((always_inline));
//static inline void turnOffPWM(uint8_t timer)
static void turnOffPWM(uint8_t timer)
{
  switch (timer)
     2e6:	24 30       	cpi	r18, 0x04	; 4
     2e8:	01 f1       	breq	.+64     	; 0x32a <digitalWrite+0x66>
     2ea:	a8 f4       	brcc	.+42     	; 0x316 <digitalWrite+0x52>
     2ec:	22 30       	cpi	r18, 0x02	; 2
     2ee:	69 f1       	breq	.+90     	; 0x34a <digitalWrite+0x86>
     2f0:	23 30       	cpi	r18, 0x03	; 3
     2f2:	79 f1       	breq	.+94     	; 0x352 <digitalWrite+0x8e>
digitalWrite():
C:\Users\luci\AppData\Local\Arduino15\packages\MiniCore\hardware\avr\3.1.1\cores\MCUdude_corefiles/wiring_digital.c:200

  // If the pin that support PWM output, we need to turn it off
  // before doing a digital write.
  if (timer != NOT_ON_TIMER) turnOffPWM(timer);

  out = portOutputRegister(port);
     2f4:	f0 e0       	ldi	r31, 0x00	; 0
     2f6:	ee 0f       	add	r30, r30
     2f8:	ff 1f       	adc	r31, r31
     2fa:	ed 5c       	subi	r30, 0xCD	; 205
     2fc:	fd 4f       	sbci	r31, 0xFD	; 253
     2fe:	a5 91       	lpm	r26, Z+
     300:	b4 91       	lpm	r27, Z
C:\Users\luci\AppData\Local\Arduino15\packages\MiniCore\hardware\avr\3.1.1\cores\MCUdude_corefiles/wiring_digital.c:202

  uint8_t oldSREG = SREG;
     302:	8f b7       	in	r24, 0x3f	; 63
C:\Users\luci\AppData\Local\Arduino15\packages\MiniCore\hardware\avr\3.1.1\cores\MCUdude_corefiles/wiring_digital.c:203
  cli();
     304:	f8 94       	cli
C:\Users\luci\AppData\Local\Arduino15\packages\MiniCore\hardware\avr\3.1.1\cores\MCUdude_corefiles/wiring_digital.c:206

  if (val == LOW) {
    *out &= ~bit;
     306:	ec 91       	ld	r30, X
C:\Users\luci\AppData\Local\Arduino15\packages\MiniCore\hardware\avr\3.1.1\cores\MCUdude_corefiles/wiring_digital.c:205
  out = portOutputRegister(port);

  uint8_t oldSREG = SREG;
  cli();

  if (val == LOW) {
     308:	61 11       	cpse	r22, r1
     30a:	26 c0       	rjmp	.+76     	; 0x358 <digitalWrite+0x94>
C:\Users\luci\AppData\Local\Arduino15\packages\MiniCore\hardware\avr\3.1.1\cores\MCUdude_corefiles/wiring_digital.c:206
    *out &= ~bit;
     30c:	30 95       	com	r19
     30e:	3e 23       	and	r19, r30
C:\Users\luci\AppData\Local\Arduino15\packages\MiniCore\hardware\avr\3.1.1\cores\MCUdude_corefiles/wiring_digital.c:208
  } else {
    *out |= bit;
     310:	3c 93       	st	X, r19
C:\Users\luci\AppData\Local\Arduino15\packages\MiniCore\hardware\avr\3.1.1\cores\MCUdude_corefiles/wiring_digital.c:211
  }

  SREG = oldSREG;
     312:	8f bf       	out	0x3f, r24	; 63
C:\Users\luci\AppData\Local\Arduino15\packages\MiniCore\hardware\avr\3.1.1\cores\MCUdude_corefiles/wiring_digital.c:212
}
     314:	08 95       	ret
turnOffPWM():
C:\Users\luci\AppData\Local\Arduino15\packages\MiniCore\hardware\avr\3.1.1\cores\MCUdude_corefiles/wiring_digital.c:77
//
//static inline void turnOffPWM(uint8_t timer) __attribute__ ((always_inline));
//static inline void turnOffPWM(uint8_t timer)
static void turnOffPWM(uint8_t timer)
{
  switch (timer)
     316:	28 30       	cpi	r18, 0x08	; 8
     318:	71 f0       	breq	.+28     	; 0x336 <digitalWrite+0x72>
     31a:	29 30       	cpi	r18, 0x09	; 9
     31c:	91 f0       	breq	.+36     	; 0x342 <digitalWrite+0x7e>
     31e:	25 30       	cpi	r18, 0x05	; 5
     320:	49 f7       	brne	.-46     	; 0x2f4 <digitalWrite+0x30>
C:\Users\luci\AppData\Local\Arduino15\packages\MiniCore\hardware\avr\3.1.1\cores\MCUdude_corefiles/wiring_digital.c:87
        TCCR1A &= ~_BV(COM1A1);
        break;
    #endif
    #if defined(TCCR1A) && defined(COM1B1)
      case TIMER1B:
        TCCR1A &= ~_BV(COM1B1);
     322:	80 91 80 00 	lds	r24, 0x0080	; 0x800080 <__DATA_REGION_ORIGIN__+0x20>
     326:	8f 7d       	andi	r24, 0xDF	; 223
     328:	03 c0       	rjmp	.+6      	; 0x330 <digitalWrite+0x6c>
C:\Users\luci\AppData\Local\Arduino15\packages\MiniCore\hardware\avr\3.1.1\cores\MCUdude_corefiles/wiring_digital.c:82
  switch (timer)
  {
    // Timer1
    #if defined(TCCR1A) && defined(COM1A1)
      case TIMER1A:
        TCCR1A &= ~_BV(COM1A1);
     32a:	80 91 80 00 	lds	r24, 0x0080	; 0x800080 <__DATA_REGION_ORIGIN__+0x20>
     32e:	8f 77       	andi	r24, 0x7F	; 127
C:\Users\luci\AppData\Local\Arduino15\packages\MiniCore\hardware\avr\3.1.1\cores\MCUdude_corefiles/wiring_digital.c:87
        break;
    #endif
    #if defined(TCCR1A) && defined(COM1B1)
      case TIMER1B:
        TCCR1A &= ~_BV(COM1B1);
     330:	80 93 80 00 	sts	0x0080, r24	; 0x800080 <__DATA_REGION_ORIGIN__+0x20>
     334:	df cf       	rjmp	.-66     	; 0x2f4 <digitalWrite+0x30>
C:\Users\luci\AppData\Local\Arduino15\packages\MiniCore\hardware\avr\3.1.1\cores\MCUdude_corefiles/wiring_digital.c:104
        TCCR2 &= ~_BV(COM21);
        break;
    #endif
    #if defined(TCCR2A) && defined(COM2A1)
      case TIMER2A:
        TCCR2A &= ~_BV(COM2A1);
     336:	80 91 b0 00 	lds	r24, 0x00B0	; 0x8000b0 <__DATA_REGION_ORIGIN__+0x50>
     33a:	8f 77       	andi	r24, 0x7F	; 127
C:\Users\luci\AppData\Local\Arduino15\packages\MiniCore\hardware\avr\3.1.1\cores\MCUdude_corefiles/wiring_digital.c:109
        break;
    #endif
    #if defined(TCCR2A) && defined(COM2B1)
      case TIMER2B:
        TCCR2A &= ~_BV(COM2B1);
     33c:	80 93 b0 00 	sts	0x00B0, r24	; 0x8000b0 <__DATA_REGION_ORIGIN__+0x50>
     340:	d9 cf       	rjmp	.-78     	; 0x2f4 <digitalWrite+0x30>
     342:	80 91 b0 00 	lds	r24, 0x00B0	; 0x8000b0 <__DATA_REGION_ORIGIN__+0x50>
     346:	8f 7d       	andi	r24, 0xDF	; 223
     348:	f9 cf       	rjmp	.-14     	; 0x33c <digitalWrite+0x78>
C:\Users\luci\AppData\Local\Arduino15\packages\MiniCore\hardware\avr\3.1.1\cores\MCUdude_corefiles/wiring_digital.c:176
        TCCR0 &= ~_BV(COM01);
        break;
    #endif
    #if defined(TCCR0A) && defined(COM0A1)
      case TIMER0A:
        TCCR0A &= ~_BV(COM0A1);
     34a:	84 b5       	in	r24, 0x24	; 36
     34c:	8f 77       	andi	r24, 0x7F	; 127
C:\Users\luci\AppData\Local\Arduino15\packages\MiniCore\hardware\avr\3.1.1\cores\MCUdude_corefiles/wiring_digital.c:181
        break;
    #endif
    #if defined(TCCR0A) && defined(COM0B1)
      case TIMER0B:
        TCCR0A &= ~_BV(COM0B1);
     34e:	84 bd       	out	0x24, r24	; 36
     350:	d1 cf       	rjmp	.-94     	; 0x2f4 <digitalWrite+0x30>
     352:	84 b5       	in	r24, 0x24	; 36
     354:	8f 7d       	andi	r24, 0xDF	; 223
     356:	fb cf       	rjmp	.-10     	; 0x34e <digitalWrite+0x8a>
digitalWrite():
C:\Users\luci\AppData\Local\Arduino15\packages\MiniCore\hardware\avr\3.1.1\cores\MCUdude_corefiles/wiring_digital.c:208
  cli();

  if (val == LOW) {
    *out &= ~bit;
  } else {
    *out |= bit;
     358:	3e 2b       	or	r19, r30
     35a:	da cf       	rjmp	.-76     	; 0x310 <digitalWrite+0x4c>

0000035c <pinMode>:
pinMode():
C:\Users\luci\AppData\Local\Arduino15\packages\MiniCore\hardware\avr\3.1.1\cores\MCUdude_corefiles/wiring_digital.c:30
#define ARDUINO_MAIN
#include "wiring_private.h"
#include "pins_arduino.h"

void pinMode(uint8_t pin, uint8_t mode)
{
     35c:	cf 93       	push	r28
     35e:	df 93       	push	r29
C:\Users\luci\AppData\Local\Arduino15\packages\MiniCore\hardware\avr\3.1.1\cores\MCUdude_corefiles/wiring_digital.c:31
  uint8_t bit = digitalPinToBitMask(pin);
     360:	90 e0       	ldi	r25, 0x00	; 0
     362:	fc 01       	movw	r30, r24
     364:	ec 5a       	subi	r30, 0xAC	; 172
     366:	fd 4f       	sbci	r31, 0xFD	; 253
     368:	24 91       	lpm	r18, Z
C:\Users\luci\AppData\Local\Arduino15\packages\MiniCore\hardware\avr\3.1.1\cores\MCUdude_corefiles/wiring_digital.c:32
  uint8_t port = digitalPinToPort(pin);
     36a:	83 5c       	subi	r24, 0xC3	; 195
     36c:	9d 4f       	sbci	r25, 0xFD	; 253
     36e:	fc 01       	movw	r30, r24
     370:	84 91       	lpm	r24, Z
C:\Users\luci\AppData\Local\Arduino15\packages\MiniCore\hardware\avr\3.1.1\cores\MCUdude_corefiles/wiring_digital.c:35
  volatile uint8_t *reg, *out;

  if (port == NOT_A_PIN) return;
     372:	88 23       	and	r24, r24
     374:	c9 f0       	breq	.+50     	; 0x3a8 <pinMode+0x4c>
C:\Users\luci\AppData\Local\Arduino15\packages\MiniCore\hardware\avr\3.1.1\cores\MCUdude_corefiles/wiring_digital.c:38

  // JWS: can I let the optimizer do this?
  reg = portModeRegister(port);
     376:	90 e0       	ldi	r25, 0x00	; 0
     378:	88 0f       	add	r24, r24
     37a:	99 1f       	adc	r25, r25
     37c:	fc 01       	movw	r30, r24
     37e:	e8 5f       	subi	r30, 0xF8	; 248
     380:	fd 4f       	sbci	r31, 0xFD	; 253
     382:	a5 91       	lpm	r26, Z+
     384:	b4 91       	lpm	r27, Z
C:\Users\luci\AppData\Local\Arduino15\packages\MiniCore\hardware\avr\3.1.1\cores\MCUdude_corefiles/wiring_digital.c:39
  out = portOutputRegister(port);
     386:	fc 01       	movw	r30, r24
     388:	ed 5c       	subi	r30, 0xCD	; 205
     38a:	fd 4f       	sbci	r31, 0xFD	; 253
     38c:	c5 91       	lpm	r28, Z+
     38e:	d4 91       	lpm	r29, Z
C:\Users\luci\AppData\Local\Arduino15\packages\MiniCore\hardware\avr\3.1.1\cores\MCUdude_corefiles/wiring_digital.c:41

  if (mode == INPUT) { 
     390:	61 11       	cpse	r22, r1
     392:	0d c0       	rjmp	.+26     	; 0x3ae <pinMode+0x52>
C:\Users\luci\AppData\Local\Arduino15\packages\MiniCore\hardware\avr\3.1.1\cores\MCUdude_corefiles/wiring_digital.c:42
    uint8_t oldSREG = SREG;
     394:	9f b7       	in	r25, 0x3f	; 63
C:\Users\luci\AppData\Local\Arduino15\packages\MiniCore\hardware\avr\3.1.1\cores\MCUdude_corefiles/wiring_digital.c:43
    cli();
     396:	f8 94       	cli
C:\Users\luci\AppData\Local\Arduino15\packages\MiniCore\hardware\avr\3.1.1\cores\MCUdude_corefiles/wiring_digital.c:44
    *reg &= ~bit;
     398:	8c 91       	ld	r24, X
     39a:	20 95       	com	r18
     39c:	82 23       	and	r24, r18
     39e:	8c 93       	st	X, r24
C:\Users\luci\AppData\Local\Arduino15\packages\MiniCore\hardware\avr\3.1.1\cores\MCUdude_corefiles/wiring_digital.c:45
    *out &= ~bit;
     3a0:	88 81       	ld	r24, Y
     3a2:	28 23       	and	r18, r24
C:\Users\luci\AppData\Local\Arduino15\packages\MiniCore\hardware\avr\3.1.1\cores\MCUdude_corefiles/wiring_digital.c:51
    SREG = oldSREG;
  } else if (mode == INPUT_PULLUP) {
    uint8_t oldSREG = SREG;
    cli();
    *reg &= ~bit;
    *out |= bit;
     3a4:	28 83       	st	Y, r18
C:\Users\luci\AppData\Local\Arduino15\packages\MiniCore\hardware\avr\3.1.1\cores\MCUdude_corefiles/wiring_digital.c:52
    SREG = oldSREG;
     3a6:	9f bf       	out	0x3f, r25	; 63
C:\Users\luci\AppData\Local\Arduino15\packages\MiniCore\hardware\avr\3.1.1\cores\MCUdude_corefiles/wiring_digital.c:59
    uint8_t oldSREG = SREG;
    cli();
    *reg |= bit;
    SREG = oldSREG;
  }
}
     3a8:	df 91       	pop	r29
     3aa:	cf 91       	pop	r28
     3ac:	08 95       	ret
C:\Users\luci\AppData\Local\Arduino15\packages\MiniCore\hardware\avr\3.1.1\cores\MCUdude_corefiles/wiring_digital.c:47
    uint8_t oldSREG = SREG;
    cli();
    *reg &= ~bit;
    *out &= ~bit;
    SREG = oldSREG;
  } else if (mode == INPUT_PULLUP) {
     3ae:	62 30       	cpi	r22, 0x02	; 2
     3b0:	51 f4       	brne	.+20     	; 0x3c6 <pinMode+0x6a>
C:\Users\luci\AppData\Local\Arduino15\packages\MiniCore\hardware\avr\3.1.1\cores\MCUdude_corefiles/wiring_digital.c:48
    uint8_t oldSREG = SREG;
     3b2:	9f b7       	in	r25, 0x3f	; 63
C:\Users\luci\AppData\Local\Arduino15\packages\MiniCore\hardware\avr\3.1.1\cores\MCUdude_corefiles/wiring_digital.c:49
    cli();
     3b4:	f8 94       	cli
C:\Users\luci\AppData\Local\Arduino15\packages\MiniCore\hardware\avr\3.1.1\cores\MCUdude_corefiles/wiring_digital.c:50
    *reg &= ~bit;
     3b6:	3c 91       	ld	r19, X
     3b8:	82 2f       	mov	r24, r18
     3ba:	80 95       	com	r24
     3bc:	83 23       	and	r24, r19
     3be:	8c 93       	st	X, r24
C:\Users\luci\AppData\Local\Arduino15\packages\MiniCore\hardware\avr\3.1.1\cores\MCUdude_corefiles/wiring_digital.c:51
    *out |= bit;
     3c0:	e8 81       	ld	r30, Y
     3c2:	2e 2b       	or	r18, r30
     3c4:	ef cf       	rjmp	.-34     	; 0x3a4 <pinMode+0x48>
C:\Users\luci\AppData\Local\Arduino15\packages\MiniCore\hardware\avr\3.1.1\cores\MCUdude_corefiles/wiring_digital.c:54
    SREG = oldSREG;
  } else {
    uint8_t oldSREG = SREG;
     3c6:	8f b7       	in	r24, 0x3f	; 63
C:\Users\luci\AppData\Local\Arduino15\packages\MiniCore\hardware\avr\3.1.1\cores\MCUdude_corefiles/wiring_digital.c:55
    cli();
     3c8:	f8 94       	cli
C:\Users\luci\AppData\Local\Arduino15\packages\MiniCore\hardware\avr\3.1.1\cores\MCUdude_corefiles/wiring_digital.c:56
    *reg |= bit;
     3ca:	ec 91       	ld	r30, X
     3cc:	2e 2b       	or	r18, r30
     3ce:	2c 93       	st	X, r18
C:\Users\luci\AppData\Local\Arduino15\packages\MiniCore\hardware\avr\3.1.1\cores\MCUdude_corefiles/wiring_digital.c:57
    SREG = oldSREG;
     3d0:	8f bf       	out	0x3f, r24	; 63
     3d2:	ea cf       	rjmp	.-44     	; 0x3a8 <pinMode+0x4c>

000003d4 <micros>:
micros():
C:\Users\luci\AppData\Local\Arduino15\packages\MiniCore\hardware\avr\3.1.1\cores\MCUdude_corefiles/wiring.c:237
  unsigned char f; // temporary storage for millis fraction counter
  unsigned char q = 0; // record whether an overflow is flagged
#endif
  // t will be the number where the timer0 counter stopped
  uint8_t t;
  uint8_t oldSREG = SREG;
     3d4:	3f b7       	in	r19, 0x3f	; 63
C:\Users\luci\AppData\Local\Arduino15\packages\MiniCore\hardware\avr\3.1.1\cores\MCUdude_corefiles/wiring.c:240

  // Stop all interrupts
  cli();
     3d6:	f8 94       	cli
C:\Users\luci\AppData\Local\Arduino15\packages\MiniCore\hardware\avr\3.1.1\cores\MCUdude_corefiles/wiring.c:247
#ifdef CORRECT_EXACT_MICROS
  // combine exact millisec and 8usec counters
  m = timer0_millis;
  f = timer0_fract;
#else
  m = timer0_overflow_count;
     3d8:	80 91 d4 03 	lds	r24, 0x03D4	; 0x8003d4 <timer0_overflow_count>
     3dc:	90 91 d5 03 	lds	r25, 0x03D5	; 0x8003d5 <timer0_overflow_count+0x1>
     3e0:	a0 91 d6 03 	lds	r26, 0x03D6	; 0x8003d6 <timer0_overflow_count+0x2>
     3e4:	b0 91 d7 03 	lds	r27, 0x03D7	; 0x8003d7 <timer0_overflow_count+0x3>
C:\Users\luci\AppData\Local\Arduino15\packages\MiniCore\hardware\avr\3.1.1\cores\MCUdude_corefiles/wiring.c:252
#endif

  // TCNT0 : The Timer Counter Register
#if defined(TCNT0)
  t = TCNT0;
     3e8:	26 b5       	in	r18, 0x26	; 38
C:\Users\luci\AppData\Local\Arduino15\packages\MiniCore\hardware\avr\3.1.1\cores\MCUdude_corefiles/wiring.c:261
  #error TIMER 0 not defined
#endif

  // Timer0 Interrupt Flag Register
#ifdef TIFR0
  if ((TIFR0 & _BV(TOV0)) && (t < 255))
     3ea:	a8 9b       	sbis	0x15, 0	; 21
     3ec:	05 c0       	rjmp	.+10     	; 0x3f8 <micros+0x24>
     3ee:	2f 3f       	cpi	r18, 0xFF	; 255
     3f0:	19 f0       	breq	.+6      	; 0x3f8 <micros+0x24>
C:\Users\luci\AppData\Local\Arduino15\packages\MiniCore\hardware\avr\3.1.1\cores\MCUdude_corefiles/wiring.c:263
#ifndef CORRECT_EXACT_MICROS
    m++;
     3f2:	01 96       	adiw	r24, 0x01	; 1
     3f4:	a1 1d       	adc	r26, r1
     3f6:	b1 1d       	adc	r27, r1
C:\Users\luci\AppData\Local\Arduino15\packages\MiniCore\hardware\avr\3.1.1\cores\MCUdude_corefiles/wiring.c:276
#else
    q = 1;
#endif
#endif
  // Restore SREG
  SREG = oldSREG;
     3f8:	3f bf       	out	0x3f, r19	; 63
C:\Users\luci\AppData\Local\Arduino15\packages\MiniCore\hardware\avr\3.1.1\cores\MCUdude_corefiles/wiring.c:292
      ((t * MICROSECONDS_PER_TIMER0_OVERFLOW) >> 8);
  return q ? m + MICROSECONDS_PER_TIMER0_OVERFLOW : m;
#elif 1
  /* All power-of-two Megahertz frequencies enter here, as well as 12.8 MHz.
     We only end up here if right shift before multiplication is exact. */
  return ((m << 8) + t) * (MICROSECONDS_PER_TIMER0_OVERFLOW >> 8);
     3fa:	ba 2f       	mov	r27, r26
     3fc:	a9 2f       	mov	r26, r25
     3fe:	98 2f       	mov	r25, r24
     400:	88 27       	eor	r24, r24
     402:	bc 01       	movw	r22, r24
     404:	cd 01       	movw	r24, r26
     406:	62 0f       	add	r22, r18
     408:	71 1d       	adc	r23, r1
     40a:	81 1d       	adc	r24, r1
     40c:	91 1d       	adc	r25, r1
     40e:	42 e0       	ldi	r20, 0x02	; 2
     410:	66 0f       	add	r22, r22
     412:	77 1f       	adc	r23, r23
     414:	88 1f       	adc	r24, r24
     416:	99 1f       	adc	r25, r25
     418:	4a 95       	dec	r20
     41a:	d1 f7       	brne	.-12     	; 0x410 <__LOCK_REGION_LENGTH__+0x10>
C:\Users\luci\AppData\Local\Arduino15\packages\MiniCore\hardware\avr\3.1.1\cores\MCUdude_corefiles/wiring.c:393
  // m & t are multiplied by 4 (since it was already multiplied by 256)
  // t is multiplied by 4
  return ((m << 8) + t) * (64 / clockCyclesPerMicrosecond());
#endif
#endif // 0
}
     41c:	08 95       	ret

0000041e <delay>:
delay():
C:\Users\luci\AppData\Local\Arduino15\packages\MiniCore\hardware\avr\3.1.1\cores\MCUdude_corefiles/wiring.c:396

void delay(unsigned long ms)
{
     41e:	8f 92       	push	r8
     420:	9f 92       	push	r9
     422:	af 92       	push	r10
     424:	bf 92       	push	r11
     426:	cf 92       	push	r12
     428:	df 92       	push	r13
     42a:	ef 92       	push	r14
     42c:	ff 92       	push	r15
     42e:	4b 01       	movw	r8, r22
     430:	5c 01       	movw	r10, r24
C:\Users\luci\AppData\Local\Arduino15\packages\MiniCore\hardware\avr\3.1.1\cores\MCUdude_corefiles/wiring.c:397
  unsigned long start = micros();
     432:	0e 94 ea 01 	call	0x3d4	; 0x3d4 <micros>
     436:	6b 01       	movw	r12, r22
     438:	7c 01       	movw	r14, r24
yield():
D:\projects\arduino\figaro\OnlineGasDetector_FIGARO/ArduinoHelper.ino:18
  }
  return false;
}

void yield() {
  wdt_reset();
     43a:	a8 95       	wdr
delay():
C:\Users\luci\AppData\Local\Arduino15\packages\MiniCore\hardware\avr\3.1.1\cores\MCUdude_corefiles/wiring.c:401

  while (ms > 0UL) {
    yield();
    while (ms > 0UL && (micros() - start) >= 1000UL) {
     43c:	0e 94 ea 01 	call	0x3d4	; 0x3d4 <micros>
     440:	6c 19       	sub	r22, r12
     442:	7d 09       	sbc	r23, r13
     444:	8e 09       	sbc	r24, r14
     446:	9f 09       	sbc	r25, r15
     448:	68 3e       	cpi	r22, 0xE8	; 232
     44a:	73 40       	sbci	r23, 0x03	; 3
     44c:	81 05       	cpc	r24, r1
     44e:	91 05       	cpc	r25, r1
     450:	a0 f3       	brcs	.-24     	; 0x43a <delay+0x1c>
C:\Users\luci\AppData\Local\Arduino15\packages\MiniCore\hardware\avr\3.1.1\cores\MCUdude_corefiles/wiring.c:402
      ms--;
     452:	21 e0       	ldi	r18, 0x01	; 1
     454:	82 1a       	sub	r8, r18
     456:	91 08       	sbc	r9, r1
     458:	a1 08       	sbc	r10, r1
     45a:	b1 08       	sbc	r11, r1
C:\Users\luci\AppData\Local\Arduino15\packages\MiniCore\hardware\avr\3.1.1\cores\MCUdude_corefiles/wiring.c:403
      start += 1000UL;
     45c:	88 ee       	ldi	r24, 0xE8	; 232
     45e:	c8 0e       	add	r12, r24
     460:	83 e0       	ldi	r24, 0x03	; 3
     462:	d8 1e       	adc	r13, r24
     464:	e1 1c       	adc	r14, r1
     466:	f1 1c       	adc	r15, r1
C:\Users\luci\AppData\Local\Arduino15\packages\MiniCore\hardware\avr\3.1.1\cores\MCUdude_corefiles/wiring.c:401
{
  unsigned long start = micros();

  while (ms > 0UL) {
    yield();
    while (ms > 0UL && (micros() - start) >= 1000UL) {
     468:	81 14       	cp	r8, r1
     46a:	91 04       	cpc	r9, r1
     46c:	a1 04       	cpc	r10, r1
     46e:	b1 04       	cpc	r11, r1
     470:	29 f7       	brne	.-54     	; 0x43c <delay+0x1e>
C:\Users\luci\AppData\Local\Arduino15\packages\MiniCore\hardware\avr\3.1.1\cores\MCUdude_corefiles/wiring.c:406
      ms--;
      start += 1000UL;
    }
  }
}
     472:	ff 90       	pop	r15
     474:	ef 90       	pop	r14
     476:	df 90       	pop	r13
     478:	cf 90       	pop	r12
     47a:	bf 90       	pop	r11
     47c:	af 90       	pop	r10
     47e:	9f 90       	pop	r9
     480:	8f 90       	pop	r8
     482:	08 95       	ret

00000484 <millis>:
millis():
C:\Users\luci\AppData\Local\Arduino15\packages\MiniCore\hardware\avr\3.1.1\cores\MCUdude_corefiles/wiring.c:218
}

unsigned long millis()
{
  unsigned long m;
  uint8_t oldSREG = SREG;
     484:	2f b7       	in	r18, 0x3f	; 63
C:\Users\luci\AppData\Local\Arduino15\packages\MiniCore\hardware\avr\3.1.1\cores\MCUdude_corefiles/wiring.c:222

  // disable interrupts while we read timer0_millis or we might get an
  // inconsistent value (e.g. in the middle of a write to timer0_millis)
  cli();
     486:	f8 94       	cli
C:\Users\luci\AppData\Local\Arduino15\packages\MiniCore\hardware\avr\3.1.1\cores\MCUdude_corefiles/wiring.c:223
  m = timer0_millis;
     488:	60 91 d0 03 	lds	r22, 0x03D0	; 0x8003d0 <timer0_millis>
     48c:	70 91 d1 03 	lds	r23, 0x03D1	; 0x8003d1 <timer0_millis+0x1>
     490:	80 91 d2 03 	lds	r24, 0x03D2	; 0x8003d2 <timer0_millis+0x2>
     494:	90 91 d3 03 	lds	r25, 0x03D3	; 0x8003d3 <timer0_millis+0x3>
C:\Users\luci\AppData\Local\Arduino15\packages\MiniCore\hardware\avr\3.1.1\cores\MCUdude_corefiles/wiring.c:224
  SREG = oldSREG;
     498:	2f bf       	out	0x3f, r18	; 63
C:\Users\luci\AppData\Local\Arduino15\packages\MiniCore\hardware\avr\3.1.1\cores\MCUdude_corefiles/wiring.c:227

  return m;
}
     49a:	08 95       	ret

0000049c <TestButtonPressEvent()>:
TestButtonPressEvent():
D:\projects\arduino\figaro\OnlineGasDetector_FIGARO/ArduinoHelper.ino:51
    SetBuzzerState(0);
  }
}

void TestButtonPressEvent() {
  TestAlertIsActive = true;
     49c:	81 e0       	ldi	r24, 0x01	; 1
     49e:	80 93 c6 03 	sts	0x03C6, r24	; 0x8003c6 <TestAlertIsActive>
D:\projects\arduino\figaro\OnlineGasDetector_FIGARO/ArduinoHelper.ino:52
  AlertIsActive = true;
     4a2:	80 93 c1 03 	sts	0x03C1, r24	; 0x8003c1 <AlertIsActive>
D:\projects\arduino\figaro\OnlineGasDetector_FIGARO/ArduinoHelper.ino:53
  NeedForSendRequest = true;
     4a6:	80 93 bb 03 	sts	0x03BB, r24	; 0x8003bb <NeedForSendRequest>
D:\projects\arduino\figaro\OnlineGasDetector_FIGARO/ArduinoHelper.ino:54
}
     4aa:	08 95       	ret

000004ac <String::StringIfHelper() const>:
StringIfHelper():
C:\Users\luci\AppData\Local\Arduino15\packages\MiniCore\hardware\avr\3.1.1\cores\MCUdude_corefiles/WString.h:51
{
  // use a function pointer to allow for "if (s)" without the
  // complications of an operator bool(). for more information, see:
  // http://www.artima.com/cppsource/safebool.html
  typedef void (String::*StringIfHelperType)() const;
  void StringIfHelper() const {}
     4ac:	08 95       	ret

000004ae <nothing>:
nothing():
C:\Users\luci\AppData\Local\Arduino15\packages\MiniCore\hardware\avr\3.1.1\cores\MCUdude_corefiles/WInterrupts.c:36

#include "wiring_private.h"

static void nothing(void)
{
}
     4ae:	08 95       	ret

000004b0 <Print::write(unsigned char const*, unsigned int)>:
write():
C:\Users\luci\AppData\Local\Arduino15\packages\MiniCore\hardware\avr\3.1.1\cores\MCUdude_corefiles/Print.cpp:35

// Public Methods //////////////////////////////////////////////////////////////

/* default implementation: may be overridden */
size_t Print::write(const uint8_t *buffer, size_t size)
{
     4b0:	af 92       	push	r10
     4b2:	bf 92       	push	r11
     4b4:	cf 92       	push	r12
     4b6:	df 92       	push	r13
     4b8:	ef 92       	push	r14
     4ba:	ff 92       	push	r15
     4bc:	0f 93       	push	r16
     4be:	1f 93       	push	r17
     4c0:	cf 93       	push	r28
     4c2:	df 93       	push	r29
     4c4:	6c 01       	movw	r12, r24
     4c6:	7b 01       	movw	r14, r22
     4c8:	8b 01       	movw	r16, r22
     4ca:	04 0f       	add	r16, r20
     4cc:	15 1f       	adc	r17, r21
     4ce:	eb 01       	movw	r28, r22
     4d0:	5e 01       	movw	r10, r28
     4d2:	ae 18       	sub	r10, r14
     4d4:	bf 08       	sbc	r11, r15
C:\Users\luci\AppData\Local\Arduino15\packages\MiniCore\hardware\avr\3.1.1\cores\MCUdude_corefiles/Print.cpp:37
  size_t n = 0;
  while (size--) {
     4d6:	c0 17       	cp	r28, r16
     4d8:	d1 07       	cpc	r29, r17
     4da:	59 f0       	breq	.+22     	; 0x4f2 <Print::write(unsigned char const*, unsigned int)+0x42>
C:\Users\luci\AppData\Local\Arduino15\packages\MiniCore\hardware\avr\3.1.1\cores\MCUdude_corefiles/Print.cpp:38
    if (write(*buffer++)) n++;
     4dc:	69 91       	ld	r22, Y+
     4de:	d6 01       	movw	r26, r12
     4e0:	ed 91       	ld	r30, X+
     4e2:	fc 91       	ld	r31, X
     4e4:	01 90       	ld	r0, Z+
     4e6:	f0 81       	ld	r31, Z
     4e8:	e0 2d       	mov	r30, r0
     4ea:	c6 01       	movw	r24, r12
     4ec:	09 95       	icall
     4ee:	89 2b       	or	r24, r25
     4f0:	79 f7       	brne	.-34     	; 0x4d0 <Print::write(unsigned char const*, unsigned int)+0x20>
C:\Users\luci\AppData\Local\Arduino15\packages\MiniCore\hardware\avr\3.1.1\cores\MCUdude_corefiles/Print.cpp:42
    else break;
  }
  return n;
}
     4f2:	c5 01       	movw	r24, r10
     4f4:	df 91       	pop	r29
     4f6:	cf 91       	pop	r28
     4f8:	1f 91       	pop	r17
     4fa:	0f 91       	pop	r16
     4fc:	ff 90       	pop	r15
     4fe:	ef 90       	pop	r14
     500:	df 90       	pop	r13
     502:	cf 90       	pop	r12
     504:	bf 90       	pop	r11
     506:	af 90       	pop	r10
     508:	08 95       	ret

0000050a <HardwareSerial::availableForWrite()>:
availableForWrite():
C:\Users\luci\AppData\Local\Arduino15\packages\MiniCore\hardware\avr\3.1.1\cores\MCUdude_corefiles/HardwareSerial.cpp:195
{
  tx_buffer_index_t head;
  tx_buffer_index_t tail;

  TX_BUFFER_ATOMIC {
    head = _tx_buffer_head;
     50a:	fc 01       	movw	r30, r24
     50c:	53 8d       	ldd	r21, Z+27	; 0x1b
C:\Users\luci\AppData\Local\Arduino15\packages\MiniCore\hardware\avr\3.1.1\cores\MCUdude_corefiles/HardwareSerial.cpp:196
    tail = _tx_buffer_tail;
     50e:	44 8d       	ldd	r20, Z+28	; 0x1c
     510:	25 2f       	mov	r18, r21
     512:	30 e0       	ldi	r19, 0x00	; 0
     514:	84 2f       	mov	r24, r20
     516:	90 e0       	ldi	r25, 0x00	; 0
C:\Users\luci\AppData\Local\Arduino15\packages\MiniCore\hardware\avr\3.1.1\cores\MCUdude_corefiles/HardwareSerial.cpp:198
  }
  if (head >= tail) return SERIAL_TX_BUFFER_SIZE - 1 - head + tail;
     518:	82 1b       	sub	r24, r18
     51a:	93 0b       	sbc	r25, r19
     51c:	54 17       	cp	r21, r20
     51e:	10 f0       	brcs	.+4      	; 0x524 <HardwareSerial::availableForWrite()+0x1a>
     520:	cf 96       	adiw	r24, 0x3f	; 63
     522:	08 95       	ret
C:\Users\luci\AppData\Local\Arduino15\packages\MiniCore\hardware\avr\3.1.1\cores\MCUdude_corefiles/HardwareSerial.cpp:199
  return tail - head - 1;
     524:	01 97       	sbiw	r24, 0x01	; 1
C:\Users\luci\AppData\Local\Arduino15\packages\MiniCore\hardware\avr\3.1.1\cores\MCUdude_corefiles/HardwareSerial.cpp:200
}
     526:	08 95       	ret

00000528 <HardwareSerial::read()>:
read():
C:\Users\luci\AppData\Local\Arduino15\packages\MiniCore\hardware\avr\3.1.1\cores\MCUdude_corefiles/HardwareSerial.cpp:178
    return _rx_buffer[_rx_buffer_tail];
  }
}

int HardwareSerial::read(void)
{
     528:	fc 01       	movw	r30, r24
C:\Users\luci\AppData\Local\Arduino15\packages\MiniCore\hardware\avr\3.1.1\cores\MCUdude_corefiles/HardwareSerial.cpp:180
  // if the head isn't ahead of the tail, we don't have any characters
  if (_rx_buffer_head == _rx_buffer_tail) {
     52a:	91 8d       	ldd	r25, Z+25	; 0x19
     52c:	82 8d       	ldd	r24, Z+26	; 0x1a
     52e:	98 17       	cp	r25, r24
     530:	61 f0       	breq	.+24     	; 0x54a <HardwareSerial::read()+0x22>
C:\Users\luci\AppData\Local\Arduino15\packages\MiniCore\hardware\avr\3.1.1\cores\MCUdude_corefiles/HardwareSerial.cpp:183
    return -1;
  } else {
    unsigned char c = _rx_buffer[_rx_buffer_tail];
     532:	a2 8d       	ldd	r26, Z+26	; 0x1a
     534:	ae 0f       	add	r26, r30
     536:	bf 2f       	mov	r27, r31
     538:	b1 1d       	adc	r27, r1
     53a:	5d 96       	adiw	r26, 0x1d	; 29
     53c:	8c 91       	ld	r24, X
C:\Users\luci\AppData\Local\Arduino15\packages\MiniCore\hardware\avr\3.1.1\cores\MCUdude_corefiles/HardwareSerial.cpp:184
    _rx_buffer_tail = (rx_buffer_index_t)(_rx_buffer_tail + 1) % SERIAL_RX_BUFFER_SIZE;
     53e:	92 8d       	ldd	r25, Z+26	; 0x1a
     540:	9f 5f       	subi	r25, 0xFF	; 255
     542:	9f 73       	andi	r25, 0x3F	; 63
     544:	92 8f       	std	Z+26, r25	; 0x1a
C:\Users\luci\AppData\Local\Arduino15\packages\MiniCore\hardware\avr\3.1.1\cores\MCUdude_corefiles/HardwareSerial.cpp:185
    return c;
     546:	90 e0       	ldi	r25, 0x00	; 0
     548:	08 95       	ret
C:\Users\luci\AppData\Local\Arduino15\packages\MiniCore\hardware\avr\3.1.1\cores\MCUdude_corefiles/HardwareSerial.cpp:181

int HardwareSerial::read(void)
{
  // if the head isn't ahead of the tail, we don't have any characters
  if (_rx_buffer_head == _rx_buffer_tail) {
    return -1;
     54a:	8f ef       	ldi	r24, 0xFF	; 255
     54c:	9f ef       	ldi	r25, 0xFF	; 255
C:\Users\luci\AppData\Local\Arduino15\packages\MiniCore\hardware\avr\3.1.1\cores\MCUdude_corefiles/HardwareSerial.cpp:187
  } else {
    unsigned char c = _rx_buffer[_rx_buffer_tail];
    _rx_buffer_tail = (rx_buffer_index_t)(_rx_buffer_tail + 1) % SERIAL_RX_BUFFER_SIZE;
    return c;
  }
}
     54e:	08 95       	ret

00000550 <HardwareSerial::peek()>:
peek():
C:\Users\luci\AppData\Local\Arduino15\packages\MiniCore\hardware\avr\3.1.1\cores\MCUdude_corefiles/HardwareSerial.cpp:169
{
  return ((unsigned int)(SERIAL_RX_BUFFER_SIZE + _rx_buffer_head - _rx_buffer_tail)) % SERIAL_RX_BUFFER_SIZE;
}

int HardwareSerial::peek(void)
{
     550:	fc 01       	movw	r30, r24
C:\Users\luci\AppData\Local\Arduino15\packages\MiniCore\hardware\avr\3.1.1\cores\MCUdude_corefiles/HardwareSerial.cpp:170
  if (_rx_buffer_head == _rx_buffer_tail) {
     552:	91 8d       	ldd	r25, Z+25	; 0x19
     554:	82 8d       	ldd	r24, Z+26	; 0x1a
     556:	98 17       	cp	r25, r24
     558:	31 f0       	breq	.+12     	; 0x566 <HardwareSerial::peek()+0x16>
C:\Users\luci\AppData\Local\Arduino15\packages\MiniCore\hardware\avr\3.1.1\cores\MCUdude_corefiles/HardwareSerial.cpp:173
    return -1;
  } else {
    return _rx_buffer[_rx_buffer_tail];
     55a:	82 8d       	ldd	r24, Z+26	; 0x1a
     55c:	e8 0f       	add	r30, r24
     55e:	f1 1d       	adc	r31, r1
     560:	85 8d       	ldd	r24, Z+29	; 0x1d
     562:	90 e0       	ldi	r25, 0x00	; 0
     564:	08 95       	ret
C:\Users\luci\AppData\Local\Arduino15\packages\MiniCore\hardware\avr\3.1.1\cores\MCUdude_corefiles/HardwareSerial.cpp:171
}

int HardwareSerial::peek(void)
{
  if (_rx_buffer_head == _rx_buffer_tail) {
    return -1;
     566:	8f ef       	ldi	r24, 0xFF	; 255
     568:	9f ef       	ldi	r25, 0xFF	; 255
C:\Users\luci\AppData\Local\Arduino15\packages\MiniCore\hardware\avr\3.1.1\cores\MCUdude_corefiles/HardwareSerial.cpp:175
  } else {
    return _rx_buffer[_rx_buffer_tail];
  }
}
     56a:	08 95       	ret

0000056c <HardwareSerial::available()>:
available():
C:\Users\luci\AppData\Local\Arduino15\packages\MiniCore\hardware\avr\3.1.1\cores\MCUdude_corefiles/HardwareSerial.cpp:164
  // clear any received data
  _rx_buffer_head = _rx_buffer_tail;
}

int HardwareSerial::available(void)
{
     56c:	fc 01       	movw	r30, r24
C:\Users\luci\AppData\Local\Arduino15\packages\MiniCore\hardware\avr\3.1.1\cores\MCUdude_corefiles/HardwareSerial.cpp:165
  return ((unsigned int)(SERIAL_RX_BUFFER_SIZE + _rx_buffer_head - _rx_buffer_tail)) % SERIAL_RX_BUFFER_SIZE;
     56e:	91 8d       	ldd	r25, Z+25	; 0x19
     570:	22 8d       	ldd	r18, Z+26	; 0x1a
     572:	89 2f       	mov	r24, r25
     574:	90 e0       	ldi	r25, 0x00	; 0
     576:	80 5c       	subi	r24, 0xC0	; 192
     578:	9f 4f       	sbci	r25, 0xFF	; 255
     57a:	82 1b       	sub	r24, r18
     57c:	91 09       	sbc	r25, r1
C:\Users\luci\AppData\Local\Arduino15\packages\MiniCore\hardware\avr\3.1.1\cores\MCUdude_corefiles/HardwareSerial.cpp:166
}
     57e:	8f 73       	andi	r24, 0x3F	; 63
     580:	99 27       	eor	r25, r25
     582:	08 95       	ret

00000584 <Serial0_available()>:
Serial0_available():
C:\Users\luci\AppData\Local\Arduino15\packages\MiniCore\hardware\avr\3.1.1\cores\MCUdude_corefiles/HardwareSerial0.cpp:76
#endif

// Function that can be weakly referenced by serialEventRun to prevent
// pulling in this file if it's not otherwise used.
bool Serial0_available() {
  return Serial.available();
     584:	88 ed       	ldi	r24, 0xD8	; 216
     586:	93 e0       	ldi	r25, 0x03	; 3
     588:	0e 94 b6 02 	call	0x56c	; 0x56c <HardwareSerial::available()>
     58c:	21 e0       	ldi	r18, 0x01	; 1
     58e:	89 2b       	or	r24, r25
     590:	09 f4       	brne	.+2      	; 0x594 <Serial0_available()+0x10>
     592:	20 e0       	ldi	r18, 0x00	; 0
C:\Users\luci\AppData\Local\Arduino15\packages\MiniCore\hardware\avr\3.1.1\cores\MCUdude_corefiles/HardwareSerial0.cpp:77
}
     594:	82 2f       	mov	r24, r18
     596:	08 95       	ret

00000598 <serialEventRun()>:
serialEventRun():
C:\Users\luci\AppData\Local\Arduino15\packages\MiniCore\hardware\avr\3.1.1\cores\MCUdude_corefiles/HardwareSerial.cpp:67
#endif

void serialEventRun(void)
{
#if defined(HAVE_HWSERIAL0)
  if (Serial0_available && serialEvent && Serial0_available()) serialEvent();
     598:	80 e0       	ldi	r24, 0x00	; 0
     59a:	90 e0       	ldi	r25, 0x00	; 0
     59c:	89 2b       	or	r24, r25
     59e:	29 f0       	breq	.+10     	; 0x5aa <serialEventRun()+0x12>
     5a0:	0e 94 c2 02 	call	0x584	; 0x584 <Serial0_available()>
     5a4:	81 11       	cpse	r24, r1
     5a6:	0c 94 00 00 	jmp	0	; 0x0 <__vectors>
C:\Users\luci\AppData\Local\Arduino15\packages\MiniCore\hardware\avr\3.1.1\cores\MCUdude_corefiles/HardwareSerial.cpp:78
  if (Serial2_available && serialEvent2 && Serial2_available()) serialEvent2();
#endif
#if defined(HAVE_HWSERIAL3)
  if (Serial3_available && serialEvent3 && Serial3_available()) serialEvent3();
#endif
}
     5aa:	08 95       	ret

000005ac <HardwareSerial::_tx_udr_empty_irq()>:
_tx_udr_empty_irq():
C:\Users\luci\AppData\Local\Arduino15\packages\MiniCore\hardware\avr\3.1.1\cores\MCUdude_corefiles/HardwareSerial.cpp:90
#endif

// Actual interrupt handlers //////////////////////////////////////////////////////////////

void HardwareSerial::_tx_udr_empty_irq(void)
{
     5ac:	fc 01       	movw	r30, r24
C:\Users\luci\AppData\Local\Arduino15\packages\MiniCore\hardware\avr\3.1.1\cores\MCUdude_corefiles/HardwareSerial.cpp:93
  // If interrupts are enabled, there must be more data in the output
  // buffer. Send the next byte
  unsigned char c = _tx_buffer[_tx_buffer_tail];
     5ae:	a4 8d       	ldd	r26, Z+28	; 0x1c
     5b0:	a8 0f       	add	r26, r24
     5b2:	b9 2f       	mov	r27, r25
     5b4:	b1 1d       	adc	r27, r1
     5b6:	a3 5a       	subi	r26, 0xA3	; 163
     5b8:	bf 4f       	sbci	r27, 0xFF	; 255
     5ba:	2c 91       	ld	r18, X
C:\Users\luci\AppData\Local\Arduino15\packages\MiniCore\hardware\avr\3.1.1\cores\MCUdude_corefiles/HardwareSerial.cpp:94
  _tx_buffer_tail = (_tx_buffer_tail + 1) % SERIAL_TX_BUFFER_SIZE;
     5bc:	84 8d       	ldd	r24, Z+28	; 0x1c
     5be:	90 e0       	ldi	r25, 0x00	; 0
     5c0:	01 96       	adiw	r24, 0x01	; 1
     5c2:	8f 73       	andi	r24, 0x3F	; 63
     5c4:	99 27       	eor	r25, r25
     5c6:	84 8f       	std	Z+28, r24	; 0x1c
C:\Users\luci\AppData\Local\Arduino15\packages\MiniCore\hardware\avr\3.1.1\cores\MCUdude_corefiles/HardwareSerial.cpp:96

  *_udr = c;
     5c8:	a6 89       	ldd	r26, Z+22	; 0x16
     5ca:	b7 89       	ldd	r27, Z+23	; 0x17
     5cc:	2c 93       	st	X, r18
C:\Users\luci\AppData\Local\Arduino15\packages\MiniCore\hardware\avr\3.1.1\cores\MCUdude_corefiles/HardwareSerial.cpp:104
  // location". This makes sure flush() won't return until the bytes
  // actually got written. Other r/w bits are preserved, and zeroes
  // written to the rest.

  #ifdef MPCM0
    *_ucsra = ((*_ucsra) & ((1 << U2X0) | (1 << MPCM0))) | (1 << TXC0);
     5ce:	a0 89       	ldd	r26, Z+16	; 0x10
     5d0:	b1 89       	ldd	r27, Z+17	; 0x11
     5d2:	8c 91       	ld	r24, X
     5d4:	83 70       	andi	r24, 0x03	; 3
     5d6:	80 64       	ori	r24, 0x40	; 64
     5d8:	8c 93       	st	X, r24
C:\Users\luci\AppData\Local\Arduino15\packages\MiniCore\hardware\avr\3.1.1\cores\MCUdude_corefiles/HardwareSerial.cpp:109
  #else
    *_ucsra = ((*_ucsra) & ((1 << U2X0) | (1 << TXC0)));
  #endif

  if (_tx_buffer_head == _tx_buffer_tail) {
     5da:	93 8d       	ldd	r25, Z+27	; 0x1b
     5dc:	84 8d       	ldd	r24, Z+28	; 0x1c
     5de:	98 13       	cpse	r25, r24
     5e0:	06 c0       	rjmp	.+12     	; 0x5ee <HardwareSerial::_tx_udr_empty_irq()+0x42>
C:\Users\luci\AppData\Local\Arduino15\packages\MiniCore\hardware\avr\3.1.1\cores\MCUdude_corefiles/HardwareSerial.cpp:111
    // Buffer empty, so disable interrupts
    *_ucsrb &= ~_BV(UDRIE0);
     5e2:	02 88       	ldd	r0, Z+18	; 0x12
     5e4:	f3 89       	ldd	r31, Z+19	; 0x13
     5e6:	e0 2d       	mov	r30, r0
     5e8:	80 81       	ld	r24, Z
     5ea:	8f 7d       	andi	r24, 0xDF	; 223
     5ec:	80 83       	st	Z, r24
C:\Users\luci\AppData\Local\Arduino15\packages\MiniCore\hardware\avr\3.1.1\cores\MCUdude_corefiles/HardwareSerial.cpp:113
  }
}
     5ee:	08 95       	ret

000005f0 <HardwareSerial::write(unsigned char)>:
write():
C:\Users\luci\AppData\Local\Arduino15\packages\MiniCore\hardware\avr\3.1.1\cores\MCUdude_corefiles/HardwareSerial.cpp:223
  // If we get here, nothing is queued anymore (DRIE is disabled) and
  // the hardware finished tranmission (TXC is set).
}

size_t HardwareSerial::write(uint8_t c)
{
     5f0:	ef 92       	push	r14
     5f2:	ff 92       	push	r15
     5f4:	0f 93       	push	r16
     5f6:	1f 93       	push	r17
     5f8:	cf 93       	push	r28
     5fa:	df 93       	push	r29
     5fc:	ec 01       	movw	r28, r24
C:\Users\luci\AppData\Local\Arduino15\packages\MiniCore\hardware\avr\3.1.1\cores\MCUdude_corefiles/HardwareSerial.cpp:224
  _written = true;
     5fe:	81 e0       	ldi	r24, 0x01	; 1
     600:	88 8f       	std	Y+24, r24	; 0x18
C:\Users\luci\AppData\Local\Arduino15\packages\MiniCore\hardware\avr\3.1.1\cores\MCUdude_corefiles/HardwareSerial.cpp:229
  // If the buffer and the data register is empty, just write the byte
  // to the data register and be done. This shortcut helps
  // significantly improve the effective datarate at high (>
  // 500kbit/s) bitrates, where interrupt overhead becomes a slowdown.
  if (_tx_buffer_head == _tx_buffer_tail && bit_is_set(*_ucsra, UDRE0)) {
     602:	9b 8d       	ldd	r25, Y+27	; 0x1b
     604:	8c 8d       	ldd	r24, Y+28	; 0x1c
     606:	98 13       	cpse	r25, r24
     608:	1a c0       	rjmp	.+52     	; 0x63e <HardwareSerial::write(unsigned char)+0x4e>
     60a:	e8 89       	ldd	r30, Y+16	; 0x10
     60c:	f9 89       	ldd	r31, Y+17	; 0x11
     60e:	80 81       	ld	r24, Z
     610:	85 ff       	sbrs	r24, 5
     612:	15 c0       	rjmp	.+42     	; 0x63e <HardwareSerial::write(unsigned char)+0x4e>
C:\Users\luci\AppData\Local\Arduino15\packages\MiniCore\hardware\avr\3.1.1\cores\MCUdude_corefiles/HardwareSerial.cpp:238
    // So writing UDR must happen first.
    // Writing UDR and clearing TC must be done atomically, otherwise
    // interrupts might delay the TXC clear so the byte written to UDR
    // is transmitted (setting TXC) before clearing TXC. Then TXC will
    // be cleared when no bytes are left, causing flush() to hang
    ATOMIC_BLOCK(ATOMIC_RESTORESTATE) {
     614:	9f b7       	in	r25, 0x3f	; 63
__iCliRetVal():
c:\users\luci\appdata\local\arduino15\packages\arduino\tools\avr-gcc\7.3.0-atmel3.6.1-arduino7\avr\include\util/atomic.h:50
    return 1;
}

static __inline__ uint8_t __iCliRetVal(void)
{
    cli();
     616:	f8 94       	cli
write():
C:\Users\luci\AppData\Local\Arduino15\packages\MiniCore\hardware\avr\3.1.1\cores\MCUdude_corefiles/HardwareSerial.cpp:239
      *_udr = c;
     618:	ee 89       	ldd	r30, Y+22	; 0x16
     61a:	ff 89       	ldd	r31, Y+23	; 0x17
     61c:	60 83       	st	Z, r22
C:\Users\luci\AppData\Local\Arduino15\packages\MiniCore\hardware\avr\3.1.1\cores\MCUdude_corefiles/HardwareSerial.cpp:241
      #ifdef MPCM0
        *_ucsra = ((*_ucsra) & ((1 << U2X0) | (1 << MPCM0))) | (1 << TXC0);
     61e:	e8 89       	ldd	r30, Y+16	; 0x10
     620:	f9 89       	ldd	r31, Y+17	; 0x11
     622:	80 81       	ld	r24, Z
     624:	83 70       	andi	r24, 0x03	; 3
     626:	80 64       	ori	r24, 0x40	; 64
C:\Users\luci\AppData\Local\Arduino15\packages\MiniCore\hardware\avr\3.1.1\cores\MCUdude_corefiles/HardwareSerial.cpp:271
  // make atomic to prevent execution of ISR between setting the
  // head pointer and setting the interrupt flag resulting in buffer
  // retransmission
  ATOMIC_BLOCK(ATOMIC_RESTORESTATE) {
    _tx_buffer_head = i;
    *_ucsrb |= _BV(UDRIE0);
     628:	80 83       	st	Z, r24
__iRestore():
c:\users\luci\appdata\local\arduino15\packages\arduino\tools\avr-gcc\7.3.0-atmel3.6.1-arduino7\avr\include\util/atomic.h:70
    (void)__s;
}

static __inline__ void __iRestore(const  uint8_t *__s)
{
    SREG = *__s;
     62a:	9f bf       	out	0x3f, r25	; 63
write():
C:\Users\luci\AppData\Local\Arduino15\packages\MiniCore\hardware\avr\3.1.1\cores\MCUdude_corefiles/HardwareSerial.cpp:275
  }
  
  return 1;
}
     62c:	81 e0       	ldi	r24, 0x01	; 1
     62e:	90 e0       	ldi	r25, 0x00	; 0
     630:	df 91       	pop	r29
     632:	cf 91       	pop	r28
     634:	1f 91       	pop	r17
     636:	0f 91       	pop	r16
     638:	ff 90       	pop	r15
     63a:	ef 90       	pop	r14
     63c:	08 95       	ret
     63e:	f6 2e       	mov	r15, r22
C:\Users\luci\AppData\Local\Arduino15\packages\MiniCore\hardware\avr\3.1.1\cores\MCUdude_corefiles/HardwareSerial.cpp:248
        *_ucsra = ((*_ucsra) & ((1 << U2X0) | (1 << TXC0)));
      #endif
    }
    return 1;
  }
  tx_buffer_index_t i = (_tx_buffer_head + 1) % SERIAL_TX_BUFFER_SIZE;
     640:	0b 8d       	ldd	r16, Y+27	; 0x1b
     642:	10 e0       	ldi	r17, 0x00	; 0
     644:	0f 5f       	subi	r16, 0xFF	; 255
     646:	1f 4f       	sbci	r17, 0xFF	; 255
     648:	0f 73       	andi	r16, 0x3F	; 63
     64a:	11 27       	eor	r17, r17
     64c:	e0 2e       	mov	r14, r16
C:\Users\luci\AppData\Local\Arduino15\packages\MiniCore\hardware\avr\3.1.1\cores\MCUdude_corefiles/HardwareSerial.cpp:252

  // If the output buffer is full, there's nothing for it other than to 
  // wait for the interrupt handler to empty it a bit
  while (i == _tx_buffer_tail) {
     64e:	8c 8d       	ldd	r24, Y+28	; 0x1c
     650:	8e 11       	cpse	r24, r14
     652:	0c c0       	rjmp	.+24     	; 0x66c <HardwareSerial::write(unsigned char)+0x7c>
C:\Users\luci\AppData\Local\Arduino15\packages\MiniCore\hardware\avr\3.1.1\cores\MCUdude_corefiles/HardwareSerial.cpp:253
    if (bit_is_clear(SREG, SREG_I)) {
     654:	0f b6       	in	r0, 0x3f	; 63
     656:	07 fc       	sbrc	r0, 7
     658:	fa cf       	rjmp	.-12     	; 0x64e <HardwareSerial::write(unsigned char)+0x5e>
C:\Users\luci\AppData\Local\Arduino15\packages\MiniCore\hardware\avr\3.1.1\cores\MCUdude_corefiles/HardwareSerial.cpp:258
      // Interrupts are disabled, so we'll have to poll the data
      // register empty flag ourselves. If it is set, pretend an
      // interrupt has happened and call the handler to free up
      // space for us.
      if(bit_is_set(*_ucsra, UDRE0))
     65a:	e8 89       	ldd	r30, Y+16	; 0x10
     65c:	f9 89       	ldd	r31, Y+17	; 0x11
     65e:	80 81       	ld	r24, Z
     660:	85 ff       	sbrs	r24, 5
     662:	f5 cf       	rjmp	.-22     	; 0x64e <HardwareSerial::write(unsigned char)+0x5e>
C:\Users\luci\AppData\Local\Arduino15\packages\MiniCore\hardware\avr\3.1.1\cores\MCUdude_corefiles/HardwareSerial.cpp:259
        _tx_udr_empty_irq();
     664:	ce 01       	movw	r24, r28
     666:	0e 94 d6 02 	call	0x5ac	; 0x5ac <HardwareSerial::_tx_udr_empty_irq()>
     66a:	f1 cf       	rjmp	.-30     	; 0x64e <HardwareSerial::write(unsigned char)+0x5e>
C:\Users\luci\AppData\Local\Arduino15\packages\MiniCore\hardware\avr\3.1.1\cores\MCUdude_corefiles/HardwareSerial.cpp:265
    } else {
      // nop, the interrupt handler will free up space for us
    }
  }

  _tx_buffer[_tx_buffer_head] = c;
     66c:	eb 8d       	ldd	r30, Y+27	; 0x1b
     66e:	ec 0f       	add	r30, r28
     670:	fd 2f       	mov	r31, r29
     672:	f1 1d       	adc	r31, r1
     674:	e3 5a       	subi	r30, 0xA3	; 163
     676:	ff 4f       	sbci	r31, 0xFF	; 255
     678:	f0 82       	st	Z, r15
C:\Users\luci\AppData\Local\Arduino15\packages\MiniCore\hardware\avr\3.1.1\cores\MCUdude_corefiles/HardwareSerial.cpp:269
  // make atomic to prevent execution of ISR between setting the
  // head pointer and setting the interrupt flag resulting in buffer
  // retransmission
  ATOMIC_BLOCK(ATOMIC_RESTORESTATE) {
     67a:	9f b7       	in	r25, 0x3f	; 63
__iCliRetVal():
c:\users\luci\appdata\local\arduino15\packages\arduino\tools\avr-gcc\7.3.0-atmel3.6.1-arduino7\avr\include\util/atomic.h:50
    return 1;
}

static __inline__ uint8_t __iCliRetVal(void)
{
    cli();
     67c:	f8 94       	cli
write():
C:\Users\luci\AppData\Local\Arduino15\packages\MiniCore\hardware\avr\3.1.1\cores\MCUdude_corefiles/HardwareSerial.cpp:270
    _tx_buffer_head = i;
     67e:	0b 8f       	std	Y+27, r16	; 0x1b
C:\Users\luci\AppData\Local\Arduino15\packages\MiniCore\hardware\avr\3.1.1\cores\MCUdude_corefiles/HardwareSerial.cpp:271
    *_ucsrb |= _BV(UDRIE0);
     680:	ea 89       	ldd	r30, Y+18	; 0x12
     682:	fb 89       	ldd	r31, Y+19	; 0x13
     684:	80 81       	ld	r24, Z
     686:	80 62       	ori	r24, 0x20	; 32
     688:	cf cf       	rjmp	.-98     	; 0x628 <HardwareSerial::write(unsigned char)+0x38>

0000068a <Print::print(__FlashStringHelper const*) [clone .constprop.9]>:
print():
C:\Users\luci\AppData\Local\Arduino15\packages\MiniCore\hardware\avr\3.1.1\cores\MCUdude_corefiles/Print.cpp:44

size_t Print::print(const __FlashStringHelper *ifsh)
     68a:	0f 93       	push	r16
     68c:	1f 93       	push	r17
     68e:	cf 93       	push	r28
     690:	df 93       	push	r29
     692:	8c 01       	movw	r16, r24
C:\Users\luci\AppData\Local\Arduino15\packages\MiniCore\hardware\avr\3.1.1\cores\MCUdude_corefiles/Print.cpp:47
{
  PGM_P p = reinterpret_cast<PGM_P>(ifsh);
  size_t n = 0;
     694:	d0 e0       	ldi	r29, 0x00	; 0
     696:	c0 e0       	ldi	r28, 0x00	; 0
C:\Users\luci\AppData\Local\Arduino15\packages\MiniCore\hardware\avr\3.1.1\cores\MCUdude_corefiles/Print.cpp:49
  while (1) {
    unsigned char c = pgm_read_byte(p++);
     698:	f8 01       	movw	r30, r16
     69a:	ec 0f       	add	r30, r28
     69c:	fd 1f       	adc	r31, r29
     69e:	64 91       	lpm	r22, Z
C:\Users\luci\AppData\Local\Arduino15\packages\MiniCore\hardware\avr\3.1.1\cores\MCUdude_corefiles/Print.cpp:50
    if (c == 0) break;
     6a0:	66 23       	and	r22, r22
     6a2:	41 f0       	breq	.+16     	; 0x6b4 <Print::print(__FlashStringHelper const*) [clone .constprop.9]+0x2a>
C:\Users\luci\AppData\Local\Arduino15\packages\MiniCore\hardware\avr\3.1.1\cores\MCUdude_corefiles/Print.cpp:51
    if (write(c)) n++;
     6a4:	88 ed       	ldi	r24, 0xD8	; 216
     6a6:	93 e0       	ldi	r25, 0x03	; 3
     6a8:	0e 94 f8 02 	call	0x5f0	; 0x5f0 <HardwareSerial::write(unsigned char)>
     6ac:	89 2b       	or	r24, r25
     6ae:	11 f0       	breq	.+4      	; 0x6b4 <Print::print(__FlashStringHelper const*) [clone .constprop.9]+0x2a>
     6b0:	21 96       	adiw	r28, 0x01	; 1
     6b2:	f2 cf       	rjmp	.-28     	; 0x698 <Print::print(__FlashStringHelper const*) [clone .constprop.9]+0xe>
C:\Users\luci\AppData\Local\Arduino15\packages\MiniCore\hardware\avr\3.1.1\cores\MCUdude_corefiles/Print.cpp:55
    else break;
  }
  return n;
}
     6b4:	ce 01       	movw	r24, r28
     6b6:	df 91       	pop	r29
     6b8:	cf 91       	pop	r28
     6ba:	1f 91       	pop	r17
     6bc:	0f 91       	pop	r16
     6be:	08 95       	ret

000006c0 <HardwareSerial::flush()>:
flush():
C:\Users\luci\AppData\Local\Arduino15\packages\MiniCore\hardware\avr\3.1.1\cores\MCUdude_corefiles/HardwareSerial.cpp:203
  if (head >= tail) return SERIAL_TX_BUFFER_SIZE - 1 - head + tail;
  return tail - head - 1;
}

void HardwareSerial::flush()
{
     6c0:	cf 93       	push	r28
     6c2:	df 93       	push	r29
     6c4:	ec 01       	movw	r28, r24
C:\Users\luci\AppData\Local\Arduino15\packages\MiniCore\hardware\avr\3.1.1\cores\MCUdude_corefiles/HardwareSerial.cpp:207
  // If we have never written a byte, no need to flush. This special
  // case is needed since there is no way to force the TXC (transmit
  // complete) bit to 1 during initialization
  if (!_written)
     6c6:	88 8d       	ldd	r24, Y+24	; 0x18
     6c8:	88 23       	and	r24, r24
     6ca:	b9 f0       	breq	.+46     	; 0x6fa <HardwareSerial::flush()+0x3a>
C:\Users\luci\AppData\Local\Arduino15\packages\MiniCore\hardware\avr\3.1.1\cores\MCUdude_corefiles/HardwareSerial.cpp:210
    return;

  while (bit_is_set(*_ucsrb, UDRIE0) || bit_is_clear(*_ucsra, TXC0)) {
     6cc:	aa 89       	ldd	r26, Y+18	; 0x12
     6ce:	bb 89       	ldd	r27, Y+19	; 0x13
     6d0:	e8 89       	ldd	r30, Y+16	; 0x10
     6d2:	f9 89       	ldd	r31, Y+17	; 0x11
     6d4:	8c 91       	ld	r24, X
     6d6:	85 fd       	sbrc	r24, 5
     6d8:	03 c0       	rjmp	.+6      	; 0x6e0 <HardwareSerial::flush()+0x20>
     6da:	80 81       	ld	r24, Z
     6dc:	86 fd       	sbrc	r24, 6
     6de:	0d c0       	rjmp	.+26     	; 0x6fa <HardwareSerial::flush()+0x3a>
C:\Users\luci\AppData\Local\Arduino15\packages\MiniCore\hardware\avr\3.1.1\cores\MCUdude_corefiles/HardwareSerial.cpp:211
    if (bit_is_clear(SREG, SREG_I) && bit_is_set(*_ucsrb, UDRIE0))
     6e0:	0f b6       	in	r0, 0x3f	; 63
     6e2:	07 fc       	sbrc	r0, 7
     6e4:	f7 cf       	rjmp	.-18     	; 0x6d4 <HardwareSerial::flush()+0x14>
     6e6:	8c 91       	ld	r24, X
     6e8:	85 ff       	sbrs	r24, 5
     6ea:	f2 cf       	rjmp	.-28     	; 0x6d0 <HardwareSerial::flush()+0x10>
C:\Users\luci\AppData\Local\Arduino15\packages\MiniCore\hardware\avr\3.1.1\cores\MCUdude_corefiles/HardwareSerial.cpp:215
      // Interrupts are globally disabled, but the DR empty
      // interrupt should be enabled, so poll the DR empty flag to
      // prevent deadlock
      if (bit_is_set(*_ucsra, UDRE0))
     6ec:	80 81       	ld	r24, Z
     6ee:	85 ff       	sbrs	r24, 5
     6f0:	ed cf       	rjmp	.-38     	; 0x6cc <HardwareSerial::flush()+0xc>
C:\Users\luci\AppData\Local\Arduino15\packages\MiniCore\hardware\avr\3.1.1\cores\MCUdude_corefiles/HardwareSerial.cpp:216
        _tx_udr_empty_irq();
     6f2:	ce 01       	movw	r24, r28
     6f4:	0e 94 d6 02 	call	0x5ac	; 0x5ac <HardwareSerial::_tx_udr_empty_irq()>
     6f8:	e9 cf       	rjmp	.-46     	; 0x6cc <HardwareSerial::flush()+0xc>
C:\Users\luci\AppData\Local\Arduino15\packages\MiniCore\hardware\avr\3.1.1\cores\MCUdude_corefiles/HardwareSerial.cpp:220
  }
  // If we get here, nothing is queued anymore (DRIE is disabled) and
  // the hardware finished tranmission (TXC is set).
}
     6fa:	df 91       	pop	r29
     6fc:	cf 91       	pop	r28
     6fe:	08 95       	ret

00000700 <SoftwareSerial::peek()>:
peek():
C:\Users\luci\AppData\Local\Arduino15\packages\MiniCore\hardware\avr\3.1.1\libraries\SoftwareSerial\src/SoftwareSerial.cpp:537
  // There is no tx buffering, simply return
}

int SoftwareSerial::peek()
{
  if (!isListening())
     700:	20 91 b4 03 	lds	r18, 0x03B4	; 0x8003b4 <SoftwareSerial::active_object>
     704:	30 91 b5 03 	lds	r19, 0x03B5	; 0x8003b5 <SoftwareSerial::active_object+0x1>
     708:	28 17       	cp	r18, r24
     70a:	39 07       	cpc	r19, r25
     70c:	71 f4       	brne	.+28     	; 0x72a <SoftwareSerial::peek()+0x2a>
C:\Users\luci\AppData\Local\Arduino15\packages\MiniCore\hardware\avr\3.1.1\libraries\SoftwareSerial\src/SoftwareSerial.cpp:541
    return -1;

  // Empty buffer?
  if (_receive_buffer_head == _receive_buffer_tail)
     70e:	90 91 b2 03 	lds	r25, 0x03B2	; 0x8003b2 <SoftwareSerial::_receive_buffer_head>
     712:	80 91 b3 03 	lds	r24, 0x03B3	; 0x8003b3 <SoftwareSerial::_receive_buffer_tail>
     716:	98 17       	cp	r25, r24
     718:	41 f0       	breq	.+16     	; 0x72a <SoftwareSerial::peek()+0x2a>
C:\Users\luci\AppData\Local\Arduino15\packages\MiniCore\hardware\avr\3.1.1\libraries\SoftwareSerial\src/SoftwareSerial.cpp:545
    return -1;

  // Read from "head"
  return _receive_buffer[_receive_buffer_head];
     71a:	e0 91 b2 03 	lds	r30, 0x03B2	; 0x8003b2 <SoftwareSerial::_receive_buffer_head>
     71e:	f0 e0       	ldi	r31, 0x00	; 0
     720:	ee 58       	subi	r30, 0x8E	; 142
     722:	fc 4f       	sbci	r31, 0xFC	; 252
     724:	80 81       	ld	r24, Z
     726:	90 e0       	ldi	r25, 0x00	; 0
     728:	08 95       	ret
C:\Users\luci\AppData\Local\Arduino15\packages\MiniCore\hardware\avr\3.1.1\libraries\SoftwareSerial\src/SoftwareSerial.cpp:538
}

int SoftwareSerial::peek()
{
  if (!isListening())
    return -1;
     72a:	8f ef       	ldi	r24, 0xFF	; 255
     72c:	9f ef       	ldi	r25, 0xFF	; 255
C:\Users\luci\AppData\Local\Arduino15\packages\MiniCore\hardware\avr\3.1.1\libraries\SoftwareSerial\src/SoftwareSerial.cpp:546
  if (_receive_buffer_head == _receive_buffer_tail)
    return -1;

  // Read from "head"
  return _receive_buffer[_receive_buffer_head];
}
     72e:	08 95       	ret

00000730 <SoftwareSerial::flush()>:
flush():
C:\Users\luci\AppData\Local\Arduino15\packages\MiniCore\hardware\avr\3.1.1\libraries\SoftwareSerial\src/SoftwareSerial.cpp:533
}

void SoftwareSerial::flush()
{
  // There is no tx buffering, simply return
}
     730:	08 95       	ret

00000732 <SoftwareSerial::write(unsigned char)>:
write():
C:\Users\luci\AppData\Local\Arduino15\packages\MiniCore\hardware\avr\3.1.1\libraries\SoftwareSerial\src/SoftwareSerial.cpp:476

  return ((uint16_t)(_receive_buffer_tail + _SS_MAX_RX_BUFF - _receive_buffer_head)) % _SS_MAX_RX_BUFF;
}

size_t SoftwareSerial::write(uint8_t b)
{
     732:	ef 92       	push	r14
     734:	ff 92       	push	r15
     736:	0f 93       	push	r16
     738:	1f 93       	push	r17
     73a:	cf 93       	push	r28
     73c:	df 93       	push	r29
     73e:	dc 01       	movw	r26, r24
C:\Users\luci\AppData\Local\Arduino15\packages\MiniCore\hardware\avr\3.1.1\libraries\SoftwareSerial\src/SoftwareSerial.cpp:477
  if (_tx_delay == 0) {
     740:	5c 96       	adiw	r26, 0x1c	; 28
     742:	ed 90       	ld	r14, X+
     744:	fc 90       	ld	r15, X
     746:	5d 97       	sbiw	r26, 0x1d	; 29
     748:	e1 14       	cp	r14, r1
     74a:	f1 04       	cpc	r15, r1
     74c:	79 f4       	brne	.+30     	; 0x76c <SoftwareSerial::write(unsigned char)+0x3a>
_ZN5Print13setWriteErrorEi():
C:\Users\luci\AppData\Local\Arduino15\packages\MiniCore\hardware\avr\3.1.1\cores\MCUdude_corefiles/Print.h:44
  private:
    int write_error;
    size_t printNumber(unsigned long, uint8_t);
    size_t printFloat(double, uint8_t);
  protected:
    void setWriteError(int err = 1) { write_error = err; }
     74e:	81 e0       	ldi	r24, 0x01	; 1
     750:	90 e0       	ldi	r25, 0x00	; 0
     752:	13 96       	adiw	r26, 0x03	; 3
     754:	9c 93       	st	X, r25
     756:	8e 93       	st	-X, r24
     758:	12 97       	sbiw	r26, 0x02	; 2
write():
C:\Users\luci\AppData\Local\Arduino15\packages\MiniCore\hardware\avr\3.1.1\libraries\SoftwareSerial\src/SoftwareSerial.cpp:479
    setWriteError();
    return 0;
     75a:	90 e0       	ldi	r25, 0x00	; 0
     75c:	80 e0       	ldi	r24, 0x00	; 0
C:\Users\luci\AppData\Local\Arduino15\packages\MiniCore\hardware\avr\3.1.1\libraries\SoftwareSerial\src/SoftwareSerial.cpp:528

  SREG = oldSREG; // turn interrupts back on
  tunedDelay(_tx_delay);

  return 1;
}
     75e:	df 91       	pop	r29
     760:	cf 91       	pop	r28
     762:	1f 91       	pop	r17
     764:	0f 91       	pop	r16
     766:	ff 90       	pop	r15
     768:	ef 90       	pop	r14
     76a:	08 95       	ret
C:\Users\luci\AppData\Local\Arduino15\packages\MiniCore\hardware\avr\3.1.1\libraries\SoftwareSerial\src/SoftwareSerial.cpp:486

  // By declaring these as local variables, the compiler will put them
  // in registers _before_ disabling interrupts and entering the
  // critical timing sections below, which makes it a lot easier to
  // verify the cycle timings
  volatile uint8_t *reg = _transmitPortRegister;
     76c:	51 96       	adiw	r26, 0x11	; 17
     76e:	ed 91       	ld	r30, X+
     770:	fc 91       	ld	r31, X
     772:	52 97       	sbiw	r26, 0x12	; 18
C:\Users\luci\AppData\Local\Arduino15\packages\MiniCore\hardware\avr\3.1.1\libraries\SoftwareSerial\src/SoftwareSerial.cpp:487
  uint8_t reg_mask = _transmitBitMask;
     774:	50 96       	adiw	r26, 0x10	; 16
     776:	8c 91       	ld	r24, X
     778:	50 97       	sbiw	r26, 0x10	; 16
C:\Users\luci\AppData\Local\Arduino15\packages\MiniCore\hardware\avr\3.1.1\libraries\SoftwareSerial\src/SoftwareSerial.cpp:488
  uint8_t inv_mask = ~_transmitBitMask;
     77a:	98 2f       	mov	r25, r24
     77c:	90 95       	com	r25
C:\Users\luci\AppData\Local\Arduino15\packages\MiniCore\hardware\avr\3.1.1\libraries\SoftwareSerial\src/SoftwareSerial.cpp:489
  uint8_t oldSREG = SREG;
     77e:	0f b7       	in	r16, 0x3f	; 63
C:\Users\luci\AppData\Local\Arduino15\packages\MiniCore\hardware\avr\3.1.1\libraries\SoftwareSerial\src/SoftwareSerial.cpp:490
  bool inv = _inverse_logic;
     780:	5e 96       	adiw	r26, 0x1e	; 30
     782:	2c 91       	ld	r18, X
     784:	5e 97       	sbiw	r26, 0x1e	; 30
C:\Users\luci\AppData\Local\Arduino15\packages\MiniCore\hardware\avr\3.1.1\libraries\SoftwareSerial\src/SoftwareSerial.cpp:493
  uint16_t delay = _tx_delay;

  if (inv)
     786:	12 2f       	mov	r17, r18
     788:	12 70       	andi	r17, 0x02	; 2
     78a:	21 fd       	sbrc	r18, 1
C:\Users\luci\AppData\Local\Arduino15\packages\MiniCore\hardware\avr\3.1.1\libraries\SoftwareSerial\src/SoftwareSerial.cpp:494
    b = ~b;
     78c:	60 95       	com	r22
C:\Users\luci\AppData\Local\Arduino15\packages\MiniCore\hardware\avr\3.1.1\libraries\SoftwareSerial\src/SoftwareSerial.cpp:496

  cli();  // turn off interrupts for a clean txmit
     78e:	f8 94       	cli
C:\Users\luci\AppData\Local\Arduino15\packages\MiniCore\hardware\avr\3.1.1\libraries\SoftwareSerial\src/SoftwareSerial.cpp:500

  // Write the start bit
  if (inv)
    *reg |= reg_mask;
     790:	20 81       	ld	r18, Z
C:\Users\luci\AppData\Local\Arduino15\packages\MiniCore\hardware\avr\3.1.1\libraries\SoftwareSerial\src/SoftwareSerial.cpp:499
    b = ~b;

  cli();  // turn off interrupts for a clean txmit

  // Write the start bit
  if (inv)
     792:	11 23       	and	r17, r17
     794:	19 f1       	breq	.+70     	; 0x7dc <SoftwareSerial::write(unsigned char)+0xaa>
C:\Users\luci\AppData\Local\Arduino15\packages\MiniCore\hardware\avr\3.1.1\libraries\SoftwareSerial\src/SoftwareSerial.cpp:500
    *reg |= reg_mask;
     796:	28 2b       	or	r18, r24
C:\Users\luci\AppData\Local\Arduino15\packages\MiniCore\hardware\avr\3.1.1\libraries\SoftwareSerial\src/SoftwareSerial.cpp:502
  else
    *reg &= inv_mask;
     798:	20 83       	st	Z, r18
_delay_loop_2():
c:\users\luci\appdata\local\arduino15\packages\arduino\tools\avr-gcc\7.3.0-atmel3.6.1-arduino7\avr\include\util/delay_basic.h:110
	__asm__ volatile (
		"1: sbiw %0,1" "\n\t"
		"brne 1b"
		: "=w" (__count)
		: "0" (__count)
	);
     79a:	e7 01       	movw	r28, r14
     79c:	21 97       	sbiw	r28, 0x01	; 1
     79e:	f1 f7       	brne	.-4      	; 0x79c <SoftwareSerial::write(unsigned char)+0x6a>
     7a0:	28 e0       	ldi	r18, 0x08	; 8
write():
C:\Users\luci\AppData\Local\Arduino15\packages\MiniCore\hardware\avr\3.1.1\libraries\SoftwareSerial\src/SoftwareSerial.cpp:509
  tunedDelay(delay);

  // Write each of the 8 bits
  for (uint8_t i = 8; i > 0; --i)
  {
    if (b & 1) // choose bit
     7a2:	46 2f       	mov	r20, r22
     7a4:	50 e0       	ldi	r21, 0x00	; 0
C:\Users\luci\AppData\Local\Arduino15\packages\MiniCore\hardware\avr\3.1.1\libraries\SoftwareSerial\src/SoftwareSerial.cpp:510
      *reg |= reg_mask; // send 1
     7a6:	30 81       	ld	r19, Z
C:\Users\luci\AppData\Local\Arduino15\packages\MiniCore\hardware\avr\3.1.1\libraries\SoftwareSerial\src/SoftwareSerial.cpp:509
  tunedDelay(delay);

  // Write each of the 8 bits
  for (uint8_t i = 8; i > 0; --i)
  {
    if (b & 1) // choose bit
     7a8:	60 ff       	sbrs	r22, 0
     7aa:	1a c0       	rjmp	.+52     	; 0x7e0 <SoftwareSerial::write(unsigned char)+0xae>
C:\Users\luci\AppData\Local\Arduino15\packages\MiniCore\hardware\avr\3.1.1\libraries\SoftwareSerial\src/SoftwareSerial.cpp:510
      *reg |= reg_mask; // send 1
     7ac:	38 2b       	or	r19, r24
C:\Users\luci\AppData\Local\Arduino15\packages\MiniCore\hardware\avr\3.1.1\libraries\SoftwareSerial\src/SoftwareSerial.cpp:512
    else
      *reg &= inv_mask; // send 0
     7ae:	30 83       	st	Z, r19
_delay_loop_2():
c:\users\luci\appdata\local\arduino15\packages\arduino\tools\avr-gcc\7.3.0-atmel3.6.1-arduino7\avr\include\util/delay_basic.h:110
     7b0:	e7 01       	movw	r28, r14
     7b2:	21 97       	sbiw	r28, 0x01	; 1
     7b4:	f1 f7       	brne	.-4      	; 0x7b2 <SoftwareSerial::write(unsigned char)+0x80>
write():
C:\Users\luci\AppData\Local\Arduino15\packages\MiniCore\hardware\avr\3.1.1\libraries\SoftwareSerial\src/SoftwareSerial.cpp:515

    tunedDelay(delay);
    b >>= 1;
     7b6:	ba 01       	movw	r22, r20
     7b8:	75 95       	asr	r23
     7ba:	67 95       	ror	r22
     7bc:	21 50       	subi	r18, 0x01	; 1
C:\Users\luci\AppData\Local\Arduino15\packages\MiniCore\hardware\avr\3.1.1\libraries\SoftwareSerial\src/SoftwareSerial.cpp:507
    *reg &= inv_mask;

  tunedDelay(delay);

  // Write each of the 8 bits
  for (uint8_t i = 8; i > 0; --i)
     7be:	89 f7       	brne	.-30     	; 0x7a2 <SoftwareSerial::write(unsigned char)+0x70>
C:\Users\luci\AppData\Local\Arduino15\packages\MiniCore\hardware\avr\3.1.1\libraries\SoftwareSerial\src/SoftwareSerial.cpp:519
    tunedDelay(delay);
    b >>= 1;
  }

  // restore pin to natural state
  if (inv)
     7c0:	11 23       	and	r17, r17
     7c2:	81 f0       	breq	.+32     	; 0x7e4 <SoftwareSerial::write(unsigned char)+0xb2>
C:\Users\luci\AppData\Local\Arduino15\packages\MiniCore\hardware\avr\3.1.1\libraries\SoftwareSerial\src/SoftwareSerial.cpp:520
    *reg &= inv_mask;
     7c4:	80 81       	ld	r24, Z
     7c6:	89 23       	and	r24, r25
C:\Users\luci\AppData\Local\Arduino15\packages\MiniCore\hardware\avr\3.1.1\libraries\SoftwareSerial\src/SoftwareSerial.cpp:522
  else
    *reg |= reg_mask;
     7c8:	80 83       	st	Z, r24
C:\Users\luci\AppData\Local\Arduino15\packages\MiniCore\hardware\avr\3.1.1\libraries\SoftwareSerial\src/SoftwareSerial.cpp:524

  SREG = oldSREG; // turn interrupts back on
     7ca:	0f bf       	out	0x3f, r16	; 63
_delay_loop_2():
c:\users\luci\appdata\local\arduino15\packages\arduino\tools\avr-gcc\7.3.0-atmel3.6.1-arduino7\avr\include\util/delay_basic.h:110
     7cc:	5c 96       	adiw	r26, 0x1c	; 28
     7ce:	8d 91       	ld	r24, X+
     7d0:	9c 91       	ld	r25, X
     7d2:	01 97       	sbiw	r24, 0x01	; 1
     7d4:	f1 f7       	brne	.-4      	; 0x7d2 <SoftwareSerial::write(unsigned char)+0xa0>
write():
C:\Users\luci\AppData\Local\Arduino15\packages\MiniCore\hardware\avr\3.1.1\libraries\SoftwareSerial\src/SoftwareSerial.cpp:527
  tunedDelay(_tx_delay);

  return 1;
     7d6:	81 e0       	ldi	r24, 0x01	; 1
     7d8:	90 e0       	ldi	r25, 0x00	; 0
     7da:	c1 cf       	rjmp	.-126    	; 0x75e <SoftwareSerial::write(unsigned char)+0x2c>
C:\Users\luci\AppData\Local\Arduino15\packages\MiniCore\hardware\avr\3.1.1\libraries\SoftwareSerial\src/SoftwareSerial.cpp:502

  // Write the start bit
  if (inv)
    *reg |= reg_mask;
  else
    *reg &= inv_mask;
     7dc:	29 23       	and	r18, r25
     7de:	dc cf       	rjmp	.-72     	; 0x798 <SoftwareSerial::write(unsigned char)+0x66>
C:\Users\luci\AppData\Local\Arduino15\packages\MiniCore\hardware\avr\3.1.1\libraries\SoftwareSerial\src/SoftwareSerial.cpp:512
  for (uint8_t i = 8; i > 0; --i)
  {
    if (b & 1) // choose bit
      *reg |= reg_mask; // send 1
    else
      *reg &= inv_mask; // send 0
     7e0:	39 23       	and	r19, r25
     7e2:	e5 cf       	rjmp	.-54     	; 0x7ae <SoftwareSerial::write(unsigned char)+0x7c>
C:\Users\luci\AppData\Local\Arduino15\packages\MiniCore\hardware\avr\3.1.1\libraries\SoftwareSerial\src/SoftwareSerial.cpp:522

  // restore pin to natural state
  if (inv)
    *reg &= inv_mask;
  else
    *reg |= reg_mask;
     7e4:	90 81       	ld	r25, Z
     7e6:	89 2b       	or	r24, r25
     7e8:	ef cf       	rjmp	.-34     	; 0x7c8 <SoftwareSerial::write(unsigned char)+0x96>

000007ea <SoftwareSerial::available()>:
available():
C:\Users\luci\AppData\Local\Arduino15\packages\MiniCore\hardware\avr\3.1.1\libraries\SoftwareSerial\src/SoftwareSerial.cpp:469
  return d;
}

int SoftwareSerial::available()
{
  if (!isListening())
     7ea:	20 91 b4 03 	lds	r18, 0x03B4	; 0x8003b4 <SoftwareSerial::active_object>
     7ee:	30 91 b5 03 	lds	r19, 0x03B5	; 0x8003b5 <SoftwareSerial::active_object+0x1>
     7f2:	28 17       	cp	r18, r24
     7f4:	39 07       	cpc	r19, r25
     7f6:	61 f4       	brne	.+24     	; 0x810 <SoftwareSerial::available()+0x26>
C:\Users\luci\AppData\Local\Arduino15\packages\MiniCore\hardware\avr\3.1.1\libraries\SoftwareSerial\src/SoftwareSerial.cpp:472
    return 0;

  return ((uint16_t)(_receive_buffer_tail + _SS_MAX_RX_BUFF - _receive_buffer_head)) % _SS_MAX_RX_BUFF;
     7f8:	80 91 b3 03 	lds	r24, 0x03B3	; 0x8003b3 <SoftwareSerial::_receive_buffer_tail>
     7fc:	20 91 b2 03 	lds	r18, 0x03B2	; 0x8003b2 <SoftwareSerial::_receive_buffer_head>
     800:	90 e0       	ldi	r25, 0x00	; 0
     802:	80 5c       	subi	r24, 0xC0	; 192
     804:	9f 4f       	sbci	r25, 0xFF	; 255
     806:	82 1b       	sub	r24, r18
     808:	91 09       	sbc	r25, r1
     80a:	8f 73       	andi	r24, 0x3F	; 63
     80c:	99 27       	eor	r25, r25
     80e:	08 95       	ret
C:\Users\luci\AppData\Local\Arduino15\packages\MiniCore\hardware\avr\3.1.1\libraries\SoftwareSerial\src/SoftwareSerial.cpp:470
}

int SoftwareSerial::available()
{
  if (!isListening())
    return 0;
     810:	90 e0       	ldi	r25, 0x00	; 0
     812:	80 e0       	ldi	r24, 0x00	; 0
C:\Users\luci\AppData\Local\Arduino15\packages\MiniCore\hardware\avr\3.1.1\libraries\SoftwareSerial\src/SoftwareSerial.cpp:473

  return ((uint16_t)(_receive_buffer_tail + _SS_MAX_RX_BUFF - _receive_buffer_head)) % _SS_MAX_RX_BUFF;
}
     814:	08 95       	ret

00000816 <SoftwareSerial::read()>:
read():
C:\Users\luci\AppData\Local\Arduino15\packages\MiniCore\hardware\avr\3.1.1\libraries\SoftwareSerial\src/SoftwareSerial.cpp:454


// Read data from buffer
int SoftwareSerial::read()
{
  if (!isListening())
     816:	20 91 b4 03 	lds	r18, 0x03B4	; 0x8003b4 <SoftwareSerial::active_object>
     81a:	30 91 b5 03 	lds	r19, 0x03B5	; 0x8003b5 <SoftwareSerial::active_object+0x1>
     81e:	28 17       	cp	r18, r24
     820:	39 07       	cpc	r19, r25
     822:	b9 f4       	brne	.+46     	; 0x852 <SoftwareSerial::read()+0x3c>
C:\Users\luci\AppData\Local\Arduino15\packages\MiniCore\hardware\avr\3.1.1\libraries\SoftwareSerial\src/SoftwareSerial.cpp:458
    return -1;

  // Empty buffer?
  if (_receive_buffer_head == _receive_buffer_tail)
     824:	90 91 b2 03 	lds	r25, 0x03B2	; 0x8003b2 <SoftwareSerial::_receive_buffer_head>
     828:	80 91 b3 03 	lds	r24, 0x03B3	; 0x8003b3 <SoftwareSerial::_receive_buffer_tail>
     82c:	98 17       	cp	r25, r24
     82e:	89 f0       	breq	.+34     	; 0x852 <SoftwareSerial::read()+0x3c>
C:\Users\luci\AppData\Local\Arduino15\packages\MiniCore\hardware\avr\3.1.1\libraries\SoftwareSerial\src/SoftwareSerial.cpp:462
    return -1;

  // Read from "head"
  uint8_t d = _receive_buffer[_receive_buffer_head]; // grab next byte
     830:	e0 91 b2 03 	lds	r30, 0x03B2	; 0x8003b2 <SoftwareSerial::_receive_buffer_head>
     834:	f0 e0       	ldi	r31, 0x00	; 0
     836:	ee 58       	subi	r30, 0x8E	; 142
     838:	fc 4f       	sbci	r31, 0xFC	; 252
     83a:	80 81       	ld	r24, Z
C:\Users\luci\AppData\Local\Arduino15\packages\MiniCore\hardware\avr\3.1.1\libraries\SoftwareSerial\src/SoftwareSerial.cpp:463
  _receive_buffer_head = (_receive_buffer_head + 1) % _SS_MAX_RX_BUFF;
     83c:	20 91 b2 03 	lds	r18, 0x03B2	; 0x8003b2 <SoftwareSerial::_receive_buffer_head>
     840:	30 e0       	ldi	r19, 0x00	; 0
     842:	2f 5f       	subi	r18, 0xFF	; 255
     844:	3f 4f       	sbci	r19, 0xFF	; 255
     846:	2f 73       	andi	r18, 0x3F	; 63
     848:	33 27       	eor	r19, r19
     84a:	20 93 b2 03 	sts	0x03B2, r18	; 0x8003b2 <SoftwareSerial::_receive_buffer_head>
C:\Users\luci\AppData\Local\Arduino15\packages\MiniCore\hardware\avr\3.1.1\libraries\SoftwareSerial\src/SoftwareSerial.cpp:464
  return d;
     84e:	90 e0       	ldi	r25, 0x00	; 0
     850:	08 95       	ret
C:\Users\luci\AppData\Local\Arduino15\packages\MiniCore\hardware\avr\3.1.1\libraries\SoftwareSerial\src/SoftwareSerial.cpp:455

// Read data from buffer
int SoftwareSerial::read()
{
  if (!isListening())
    return -1;
     852:	8f ef       	ldi	r24, 0xFF	; 255
     854:	9f ef       	ldi	r25, 0xFF	; 255
C:\Users\luci\AppData\Local\Arduino15\packages\MiniCore\hardware\avr\3.1.1\libraries\SoftwareSerial\src/SoftwareSerial.cpp:465

  // Read from "head"
  uint8_t d = _receive_buffer[_receive_buffer_head]; // grab next byte
  _receive_buffer_head = (_receive_buffer_head + 1) % _SS_MAX_RX_BUFF;
  return d;
}
     856:	08 95       	ret

00000858 <Stream::timedRead() [clone .constprop.11]>:
timedRead():
C:\Users\luci\AppData\Local\Arduino15\packages\MiniCore\hardware\avr\3.1.1\cores\MCUdude_corefiles/Stream.cpp:31
#include "Stream.h"

#define PARSE_TIMEOUT 1000  // default number of milli-seconds to wait

// private method to read stream with timeout
int Stream::timedRead()
     858:	0f 93       	push	r16
     85a:	1f 93       	push	r17
C:\Users\luci\AppData\Local\Arduino15\packages\MiniCore\hardware\avr\3.1.1\cores\MCUdude_corefiles/Stream.cpp:34
{
  int c;
  _startMillis = millis();
     85c:	0e 94 42 02 	call	0x484	; 0x484 <millis>
     860:	60 93 83 04 	sts	0x0483, r22	; 0x800483 <SIM800L+0x8>
     864:	70 93 84 04 	sts	0x0484, r23	; 0x800484 <SIM800L+0x9>
     868:	80 93 85 04 	sts	0x0485, r24	; 0x800485 <SIM800L+0xa>
     86c:	90 93 86 04 	sts	0x0486, r25	; 0x800486 <SIM800L+0xb>
C:\Users\luci\AppData\Local\Arduino15\packages\MiniCore\hardware\avr\3.1.1\cores\MCUdude_corefiles/Stream.cpp:36
  do {
    c = read();
     870:	8b e7       	ldi	r24, 0x7B	; 123
     872:	94 e0       	ldi	r25, 0x04	; 4
     874:	0e 94 0b 04 	call	0x816	; 0x816 <SoftwareSerial::read()>
C:\Users\luci\AppData\Local\Arduino15\packages\MiniCore\hardware\avr\3.1.1\cores\MCUdude_corefiles/Stream.cpp:37
    if (c >= 0) return c;
     878:	97 ff       	sbrs	r25, 7
     87a:	1d c0       	rjmp	.+58     	; 0x8b6 <Stream::timedRead() [clone .constprop.11]+0x5e>
C:\Users\luci\AppData\Local\Arduino15\packages\MiniCore\hardware\avr\3.1.1\cores\MCUdude_corefiles/Stream.cpp:38
  } while(millis() - _startMillis < _timeout);
     87c:	0e 94 42 02 	call	0x484	; 0x484 <millis>
     880:	00 91 83 04 	lds	r16, 0x0483	; 0x800483 <SIM800L+0x8>
     884:	10 91 84 04 	lds	r17, 0x0484	; 0x800484 <SIM800L+0x9>
     888:	20 91 85 04 	lds	r18, 0x0485	; 0x800485 <SIM800L+0xa>
     88c:	30 91 86 04 	lds	r19, 0x0486	; 0x800486 <SIM800L+0xb>
     890:	60 1b       	sub	r22, r16
     892:	71 0b       	sbc	r23, r17
     894:	82 0b       	sbc	r24, r18
     896:	93 0b       	sbc	r25, r19
     898:	00 91 7f 04 	lds	r16, 0x047F	; 0x80047f <SIM800L+0x4>
     89c:	10 91 80 04 	lds	r17, 0x0480	; 0x800480 <SIM800L+0x5>
     8a0:	20 91 81 04 	lds	r18, 0x0481	; 0x800481 <SIM800L+0x6>
     8a4:	30 91 82 04 	lds	r19, 0x0482	; 0x800482 <SIM800L+0x7>
     8a8:	60 17       	cp	r22, r16
     8aa:	71 07       	cpc	r23, r17
     8ac:	82 07       	cpc	r24, r18
     8ae:	93 07       	cpc	r25, r19
     8b0:	f8 f2       	brcs	.-66     	; 0x870 <Stream::timedRead() [clone .constprop.11]+0x18>
C:\Users\luci\AppData\Local\Arduino15\packages\MiniCore\hardware\avr\3.1.1\cores\MCUdude_corefiles/Stream.cpp:39
  return -1;     // -1 indicates timeout
     8b2:	8f ef       	ldi	r24, 0xFF	; 255
     8b4:	9f ef       	ldi	r25, 0xFF	; 255
C:\Users\luci\AppData\Local\Arduino15\packages\MiniCore\hardware\avr\3.1.1\cores\MCUdude_corefiles/Stream.cpp:40
}
     8b6:	1f 91       	pop	r17
     8b8:	0f 91       	pop	r16
     8ba:	08 95       	ret

000008bc <Print::availableForWrite()>:
availableForWrite():
C:\Users\luci\AppData\Local\Arduino15\packages\MiniCore\hardware\avr\3.1.1\cores\MCUdude_corefiles/Print.h:63
      return write((const uint8_t *)buffer, size);
    }

    // default to zero, meaning "a single write may block"
    // should be overriden by subclasses with buffering
    virtual int availableForWrite() { return 0; }
     8bc:	90 e0       	ldi	r25, 0x00	; 0
     8be:	80 e0       	ldi	r24, 0x00	; 0
     8c0:	08 95       	ret

000008c2 <RestartGsmModule()>:
RestartGsmModule():
D:\projects\arduino\figaro\OnlineGasDetector_FIGARO/SIM800L.ino:143
void DeactivateGsmModulePower() {
  digitalWrite(MODEM_POWER_PIN, LOW);
}

void RestartGsmModule() {
  digitalWrite(MODEM_POWER_PIN, LOW);
     8c2:	60 e0       	ldi	r22, 0x00	; 0
     8c4:	8c e0       	ldi	r24, 0x0C	; 12
     8c6:	0e 94 62 01 	call	0x2c4	; 0x2c4 <digitalWrite>
D:\projects\arduino\figaro\OnlineGasDetector_FIGARO/SIM800L.ino:144
  delay(1000);
     8ca:	68 ee       	ldi	r22, 0xE8	; 232
     8cc:	73 e0       	ldi	r23, 0x03	; 3
     8ce:	80 e0       	ldi	r24, 0x00	; 0
     8d0:	90 e0       	ldi	r25, 0x00	; 0
     8d2:	0e 94 0f 02 	call	0x41e	; 0x41e <delay>
D:\projects\arduino\figaro\OnlineGasDetector_FIGARO/SIM800L.ino:145
  digitalWrite(MODEM_POWER_PIN, HIGH);
     8d6:	61 e0       	ldi	r22, 0x01	; 1
     8d8:	8c e0       	ldi	r24, 0x0C	; 12
     8da:	0c 94 62 01 	jmp	0x2c4	; 0x2c4 <digitalWrite>

000008de <SetBuzzerState(bool)>:
SetBuzzerState():
D:\projects\arduino\figaro\OnlineGasDetector_FIGARO/Notificator.ino:50
  if (ticks > 65535UL) ticks = 65535UL;  // Ограничение для 16-бит таймера
  next_ocr = (uint16_t)ticks;
  wdt_reset();
}

void SetBuzzerState(bool activate) {
     8de:	cf 93       	push	r28
     8e0:	c8 2f       	mov	r28, r24
D:\projects\arduino\figaro\OnlineGasDetector_FIGARO/Notificator.ino:51
  if (AlertIsActive || TestAlertIsActive)
     8e2:	80 91 c1 03 	lds	r24, 0x03C1	; 0x8003c1 <AlertIsActive>
     8e6:	81 11       	cpse	r24, r1
     8e8:	04 c0       	rjmp	.+8      	; 0x8f2 <SetBuzzerState(bool)+0x14>
     8ea:	80 91 c6 03 	lds	r24, 0x03C6	; 0x8003c6 <TestAlertIsActive>
D:\projects\arduino\figaro\OnlineGasDetector_FIGARO/Notificator.ino:54
    digitalWrite(AlertLedPin, activate);
  else
    digitalWrite(AlertLedPin, LOW);
     8ee:	60 e0       	ldi	r22, 0x00	; 0
D:\projects\arduino\figaro\OnlineGasDetector_FIGARO/Notificator.ino:51
  next_ocr = (uint16_t)ticks;
  wdt_reset();
}

void SetBuzzerState(bool activate) {
  if (AlertIsActive || TestAlertIsActive)
     8f0:	81 11       	cpse	r24, r1
D:\projects\arduino\figaro\OnlineGasDetector_FIGARO/Notificator.ino:52
    digitalWrite(AlertLedPin, activate);
     8f2:	6c 2f       	mov	r22, r28
D:\projects\arduino\figaro\OnlineGasDetector_FIGARO/Notificator.ino:54
  else
    digitalWrite(AlertLedPin, LOW);
     8f4:	84 e0       	ldi	r24, 0x04	; 4
     8f6:	0e 94 62 01 	call	0x2c4	; 0x2c4 <digitalWrite>
D:\projects\arduino\figaro\OnlineGasDetector_FIGARO/Notificator.ino:55
  if (!Mute && (BuzzerAlertIsActive || TestAlertIsActive))
     8fa:	80 91 c0 03 	lds	r24, 0x03C0	; 0x8003c0 <Mute>
     8fe:	81 11       	cpse	r24, r1
     900:	08 c0       	rjmp	.+16     	; 0x912 <__stack+0x13>
     902:	80 91 b6 03 	lds	r24, 0x03B6	; 0x8003b6 <BuzzerAlertIsActive>
     906:	81 11       	cpse	r24, r1
     908:	09 c0       	rjmp	.+18     	; 0x91c <__stack+0x1d>
     90a:	80 91 c6 03 	lds	r24, 0x03C6	; 0x8003c6 <TestAlertIsActive>
     90e:	81 11       	cpse	r24, r1
     910:	05 c0       	rjmp	.+10     	; 0x91c <__stack+0x1d>
D:\projects\arduino\figaro\OnlineGasDetector_FIGARO/Notificator.ino:58
    digitalWrite(BuzzerPin, activate);
  else
    digitalWrite(BuzzerPin, LOW);
     912:	60 e0       	ldi	r22, 0x00	; 0
D:\projects\arduino\figaro\OnlineGasDetector_FIGARO/Notificator.ino:56
  if (AlertIsActive || TestAlertIsActive)
    digitalWrite(AlertLedPin, activate);
  else
    digitalWrite(AlertLedPin, LOW);
  if (!Mute && (BuzzerAlertIsActive || TestAlertIsActive))
    digitalWrite(BuzzerPin, activate);
     914:	8d e0       	ldi	r24, 0x0D	; 13
D:\projects\arduino\figaro\OnlineGasDetector_FIGARO/Notificator.ino:59
  else
    digitalWrite(BuzzerPin, LOW);
     916:	cf 91       	pop	r28
D:\projects\arduino\figaro\OnlineGasDetector_FIGARO/Notificator.ino:56
  if (AlertIsActive || TestAlertIsActive)
    digitalWrite(AlertLedPin, activate);
  else
    digitalWrite(AlertLedPin, LOW);
  if (!Mute && (BuzzerAlertIsActive || TestAlertIsActive))
    digitalWrite(BuzzerPin, activate);
     918:	0c 94 62 01 	jmp	0x2c4	; 0x2c4 <digitalWrite>
     91c:	6c 2f       	mov	r22, r28
     91e:	fa cf       	rjmp	.-12     	; 0x914 <__stack+0x15>

00000920 <MuteButtonPressEvent()>:
MuteButtonPressEvent():
D:\projects\arduino\figaro\OnlineGasDetector_FIGARO/ArduinoHelper.ino:44
  TIMSK1 |= (1 << OCIE1A);              // Разрешаем прерывание по совпадению OCR1A
  sei();                                // Включаем глобальные прерывания
}

void MuteButtonPressEvent() {
  if (AlertIsActive) {
     920:	80 91 c1 03 	lds	r24, 0x03C1	; 0x8003c1 <AlertIsActive>
     924:	88 23       	and	r24, r24
     926:	31 f0       	breq	.+12     	; 0x934 <MuteButtonPressEvent()+0x14>
D:\projects\arduino\figaro\OnlineGasDetector_FIGARO/ArduinoHelper.ino:45
    Mute = true;
     928:	81 e0       	ldi	r24, 0x01	; 1
     92a:	80 93 c0 03 	sts	0x03C0, r24	; 0x8003c0 <Mute>
D:\projects\arduino\figaro\OnlineGasDetector_FIGARO/ArduinoHelper.ino:46
    SetBuzzerState(0);
     92e:	80 e0       	ldi	r24, 0x00	; 0
     930:	0c 94 6f 04 	jmp	0x8de	; 0x8de <SetBuzzerState(bool)>
D:\projects\arduino\figaro\OnlineGasDetector_FIGARO/ArduinoHelper.ino:48
  }
}
     934:	08 95       	ret

00000936 <tick(unsigned long&, unsigned long)>:
tick():
D:\projects\arduino\figaro\OnlineGasDetector_FIGARO/ArduinoHelper.ino:3
volatile uint16_t next_ocr = 1561;  // Начальный для 100 мс: ((16e6 / 1024 / 1000) * 100) - 1 ≈ 1561

bool tick(unsigned long &lastTickTime, unsigned long millisInterval) {
     936:	cf 92       	push	r12
     938:	df 92       	push	r13
     93a:	ef 92       	push	r14
     93c:	ff 92       	push	r15
     93e:	0f 93       	push	r16
     940:	1f 93       	push	r17
     942:	cf 93       	push	r28
     944:	df 93       	push	r29
     946:	ec 01       	movw	r28, r24
     948:	6a 01       	movw	r12, r20
     94a:	7b 01       	movw	r14, r22
D:\projects\arduino\figaro\OnlineGasDetector_FIGARO/ArduinoHelper.ino:4
  if (millis() < lastTickTime) {
     94c:	0e 94 42 02 	call	0x484	; 0x484 <millis>
     950:	08 81       	ld	r16, Y
     952:	19 81       	ldd	r17, Y+1	; 0x01
     954:	2a 81       	ldd	r18, Y+2	; 0x02
     956:	3b 81       	ldd	r19, Y+3	; 0x03
     958:	60 17       	cp	r22, r16
     95a:	71 07       	cpc	r23, r17
     95c:	82 07       	cpc	r24, r18
     95e:	93 07       	cpc	r25, r19
     960:	28 f5       	brcc	.+74     	; 0x9ac <tick(unsigned long&, unsigned long)+0x76>
D:\projects\arduino\figaro\OnlineGasDetector_FIGARO/ArduinoHelper.ino:5
    if (millis() + (4294967295UL - lastTickTime) > millisInterval) { /* 4294967295 - Максимальное значение millis(), после которого оно сбрасывается к нулю*/
     962:	0e 94 42 02 	call	0x484	; 0x484 <millis>
     966:	ab 01       	movw	r20, r22
     968:	bc 01       	movw	r22, r24
     96a:	88 81       	ld	r24, Y
     96c:	99 81       	ldd	r25, Y+1	; 0x01
     96e:	aa 81       	ldd	r26, Y+2	; 0x02
     970:	bb 81       	ldd	r27, Y+3	; 0x03
     972:	80 95       	com	r24
     974:	90 95       	com	r25
     976:	a0 95       	com	r26
     978:	b0 95       	com	r27
     97a:	84 0f       	add	r24, r20
     97c:	95 1f       	adc	r25, r21
     97e:	a6 1f       	adc	r26, r22
     980:	b7 1f       	adc	r27, r23
     982:	c8 16       	cp	r12, r24
     984:	d9 06       	cpc	r13, r25
     986:	ea 06       	cpc	r14, r26
     988:	fb 06       	cpc	r15, r27
     98a:	80 f4       	brcc	.+32     	; 0x9ac <tick(unsigned long&, unsigned long)+0x76>
D:\projects\arduino\figaro\OnlineGasDetector_FIGARO/ArduinoHelper.ino:11
      lastTickTime = millis();
      return true;
    }
  }
  if (millis() - lastTickTime > millisInterval) {
    lastTickTime = millis();
     98c:	0e 94 42 02 	call	0x484	; 0x484 <millis>
     990:	68 83       	st	Y, r22
     992:	79 83       	std	Y+1, r23	; 0x01
     994:	8a 83       	std	Y+2, r24	; 0x02
     996:	9b 83       	std	Y+3, r25	; 0x03
D:\projects\arduino\figaro\OnlineGasDetector_FIGARO/ArduinoHelper.ino:12
    return true;
     998:	81 e0       	ldi	r24, 0x01	; 1
D:\projects\arduino\figaro\OnlineGasDetector_FIGARO/ArduinoHelper.ino:15
  }
  return false;
}
     99a:	df 91       	pop	r29
     99c:	cf 91       	pop	r28
     99e:	1f 91       	pop	r17
     9a0:	0f 91       	pop	r16
     9a2:	ff 90       	pop	r15
     9a4:	ef 90       	pop	r14
     9a6:	df 90       	pop	r13
     9a8:	cf 90       	pop	r12
     9aa:	08 95       	ret
D:\projects\arduino\figaro\OnlineGasDetector_FIGARO/ArduinoHelper.ino:10
    if (millis() + (4294967295UL - lastTickTime) > millisInterval) { /* 4294967295 - Максимальное значение millis(), после которого оно сбрасывается к нулю*/
      lastTickTime = millis();
      return true;
    }
  }
  if (millis() - lastTickTime > millisInterval) {
     9ac:	0e 94 42 02 	call	0x484	; 0x484 <millis>
     9b0:	08 81       	ld	r16, Y
     9b2:	19 81       	ldd	r17, Y+1	; 0x01
     9b4:	2a 81       	ldd	r18, Y+2	; 0x02
     9b6:	3b 81       	ldd	r19, Y+3	; 0x03
     9b8:	60 1b       	sub	r22, r16
     9ba:	71 0b       	sbc	r23, r17
     9bc:	82 0b       	sbc	r24, r18
     9be:	93 0b       	sbc	r25, r19
     9c0:	c6 16       	cp	r12, r22
     9c2:	d7 06       	cpc	r13, r23
     9c4:	e8 06       	cpc	r14, r24
     9c6:	f9 06       	cpc	r15, r25
     9c8:	08 f3       	brcs	.-62     	; 0x98c <tick(unsigned long&, unsigned long)+0x56>
D:\projects\arduino\figaro\OnlineGasDetector_FIGARO/ArduinoHelper.ino:14
    lastTickTime = millis();
    return true;
  }
  return false;
     9ca:	80 e0       	ldi	r24, 0x00	; 0
     9cc:	e6 cf       	rjmp	.-52     	; 0x99a <tick(unsigned long&, unsigned long)+0x64>

000009ce <Print::write(char const*) [clone .part.2]>:
_ZN5Print5writeEPKc.part.2():
C:\Users\luci\AppData\Local\Arduino15\packages\MiniCore\hardware\avr\3.1.1\cores\MCUdude_corefiles/Print.h:54
    void clearWriteError() { setWriteError(0); }

    virtual size_t write(uint8_t) = 0;
    size_t write(const char *str) {
      if (str == NULL) return 0;
      return write((const uint8_t *)str, strlen(str));
     9ce:	fb 01       	movw	r30, r22
     9d0:	01 90       	ld	r0, Z+
     9d2:	00 20       	and	r0, r0
     9d4:	e9 f7       	brne	.-6      	; 0x9d0 <Print::write(char const*) [clone .part.2]+0x2>
     9d6:	31 97       	sbiw	r30, 0x01	; 1
     9d8:	af 01       	movw	r20, r30
     9da:	46 1b       	sub	r20, r22
     9dc:	57 0b       	sbc	r21, r23
     9de:	dc 01       	movw	r26, r24
     9e0:	ed 91       	ld	r30, X+
     9e2:	fc 91       	ld	r31, X
     9e4:	02 80       	ldd	r0, Z+2	; 0x02
     9e6:	f3 81       	ldd	r31, Z+3	; 0x03
     9e8:	e0 2d       	mov	r30, r0
     9ea:	09 94       	ijmp

000009ec <Print::printNumber(unsigned long, unsigned char) [clone .constprop.26]>:
printNumber():
C:\Users\luci\AppData\Local\Arduino15\packages\MiniCore\hardware\avr\3.1.1\cores\MCUdude_corefiles/Print.cpp:232
  return vfprintf_P(&f, (const char *)format, ap);
}

// Private Methods /////////////////////////////////////////////////////////////

size_t Print::printNumber(unsigned long n, uint8_t base)
     9ec:	8f 92       	push	r8
     9ee:	9f 92       	push	r9
     9f0:	af 92       	push	r10
     9f2:	bf 92       	push	r11
     9f4:	0f 93       	push	r16
     9f6:	1f 93       	push	r17
     9f8:	cf 93       	push	r28
     9fa:	df 93       	push	r29
     9fc:	cd b7       	in	r28, 0x3d	; 61
     9fe:	de b7       	in	r29, 0x3e	; 62
     a00:	a1 97       	sbiw	r28, 0x21	; 33
     a02:	0f b6       	in	r0, 0x3f	; 63
     a04:	f8 94       	cli
     a06:	de bf       	out	0x3e, r29	; 62
     a08:	0f be       	out	0x3f, r0	; 63
     a0a:	cd bf       	out	0x3d, r28	; 61
C:\Users\luci\AppData\Local\Arduino15\packages\MiniCore\hardware\avr\3.1.1\cores\MCUdude_corefiles/Print.cpp:237
{
  char buf[8 * sizeof(long) + 1]; // Assumes 8-bit chars plus zero byte.
  char *str = &buf[sizeof(buf) - 1];

  *str = '\0';
     a0c:	19 a2       	std	Y+33, r1	; 0x21
C:\Users\luci\AppData\Local\Arduino15\packages\MiniCore\hardware\avr\3.1.1\cores\MCUdude_corefiles/Print.cpp:240

  // prevent crash if called with base == 1
  if (base < 2) base = 10;
     a0e:	42 30       	cpi	r20, 0x02	; 2
     a10:	08 f4       	brcc	.+2      	; 0xa14 <Print::printNumber(unsigned long, unsigned char) [clone .constprop.26]+0x28>
     a12:	4a e0       	ldi	r20, 0x0A	; 10
     a14:	8e 01       	movw	r16, r28
     a16:	0f 5d       	subi	r16, 0xDF	; 223
     a18:	1f 4f       	sbci	r17, 0xFF	; 255
C:\Users\luci\AppData\Local\Arduino15\packages\MiniCore\hardware\avr\3.1.1\cores\MCUdude_corefiles/Print.cpp:243

  do {
    char c = n % base;
     a1a:	84 2e       	mov	r8, r20
     a1c:	91 2c       	mov	r9, r1
     a1e:	b1 2c       	mov	r11, r1
     a20:	a1 2c       	mov	r10, r1
     a22:	a5 01       	movw	r20, r10
     a24:	94 01       	movw	r18, r8
     a26:	0e 94 b9 18 	call	0x3172	; 0x3172 <__udivmodsi4>
     a2a:	e6 2f       	mov	r30, r22
C:\Users\luci\AppData\Local\Arduino15\packages\MiniCore\hardware\avr\3.1.1\cores\MCUdude_corefiles/Print.cpp:244
    n /= base;
     a2c:	b9 01       	movw	r22, r18
     a2e:	ca 01       	movw	r24, r20
C:\Users\luci\AppData\Local\Arduino15\packages\MiniCore\hardware\avr\3.1.1\cores\MCUdude_corefiles/Print.cpp:246

    *--str = c < 10 ? c + '0' : c + 'A' - 10;
     a30:	ea 30       	cpi	r30, 0x0A	; 10
     a32:	04 f5       	brge	.+64     	; 0xa74 <Print::printNumber(unsigned long, unsigned char) [clone .constprop.26]+0x88>
     a34:	e0 5d       	subi	r30, 0xD0	; 208
     a36:	d8 01       	movw	r26, r16
     a38:	ee 93       	st	-X, r30
     a3a:	8d 01       	movw	r16, r26
C:\Users\luci\AppData\Local\Arduino15\packages\MiniCore\hardware\avr\3.1.1\cores\MCUdude_corefiles/Print.cpp:247
  } while(n);
     a3c:	23 2b       	or	r18, r19
     a3e:	24 2b       	or	r18, r20
     a40:	25 2b       	or	r18, r21
     a42:	79 f7       	brne	.-34     	; 0xa22 <Print::printNumber(unsigned long, unsigned char) [clone .constprop.26]+0x36>
C:\Users\luci\AppData\Local\Arduino15\packages\MiniCore\hardware\avr\3.1.1\cores\MCUdude_corefiles/Print.h:53
    int getWriteError() { return write_error; }
    void clearWriteError() { setWriteError(0); }

    virtual size_t write(uint8_t) = 0;
    size_t write(const char *str) {
      if (str == NULL) return 0;
     a44:	90 e0       	ldi	r25, 0x00	; 0
     a46:	80 e0       	ldi	r24, 0x00	; 0
write():
     a48:	10 97       	sbiw	r26, 0x00	; 0
     a4a:	29 f0       	breq	.+10     	; 0xa56 <Print::printNumber(unsigned long, unsigned char) [clone .constprop.26]+0x6a>
     a4c:	bd 01       	movw	r22, r26
     a4e:	88 ed       	ldi	r24, 0xD8	; 216
     a50:	93 e0       	ldi	r25, 0x03	; 3
     a52:	0e 94 e7 04 	call	0x9ce	; 0x9ce <Print::write(char const*) [clone .part.2]>
printNumber():
C:\Users\luci\AppData\Local\Arduino15\packages\MiniCore\hardware\avr\3.1.1\cores\MCUdude_corefiles/Print.cpp:250

  return write(str);
}
     a56:	a1 96       	adiw	r28, 0x21	; 33
     a58:	0f b6       	in	r0, 0x3f	; 63
     a5a:	f8 94       	cli
     a5c:	de bf       	out	0x3e, r29	; 62
     a5e:	0f be       	out	0x3f, r0	; 63
     a60:	cd bf       	out	0x3d, r28	; 61
     a62:	df 91       	pop	r29
     a64:	cf 91       	pop	r28
     a66:	1f 91       	pop	r17
     a68:	0f 91       	pop	r16
     a6a:	bf 90       	pop	r11
     a6c:	af 90       	pop	r10
     a6e:	9f 90       	pop	r9
     a70:	8f 90       	pop	r8
     a72:	08 95       	ret
C:\Users\luci\AppData\Local\Arduino15\packages\MiniCore\hardware\avr\3.1.1\cores\MCUdude_corefiles/Print.cpp:246

  do {
    char c = n % base;
    n /= base;

    *--str = c < 10 ? c + '0' : c + 'A' - 10;
     a74:	e9 5c       	subi	r30, 0xC9	; 201
     a76:	df cf       	rjmp	.-66     	; 0xa36 <Print::printNumber(unsigned long, unsigned char) [clone .constprop.26]+0x4a>

00000a78 <Print::println(char const*) [clone .constprop.27]>:
println():
C:\Users\luci\AppData\Local\Arduino15\packages\MiniCore\hardware\avr\3.1.1\cores\MCUdude_corefiles/Print.cpp:138
  size_t n = print(s);
  n += println();
  return n;
}

size_t Print::println(const char c[])
     a78:	cf 93       	push	r28
     a7a:	df 93       	push	r29
write():
     a7c:	bc 01       	movw	r22, r24
     a7e:	88 ed       	ldi	r24, 0xD8	; 216
     a80:	93 e0       	ldi	r25, 0x03	; 3
     a82:	0e 94 e7 04 	call	0x9ce	; 0x9ce <Print::write(char const*) [clone .part.2]>
     a86:	ec 01       	movw	r28, r24
     a88:	62 e4       	ldi	r22, 0x42	; 66
     a8a:	71 e0       	ldi	r23, 0x01	; 1
     a8c:	88 ed       	ldi	r24, 0xD8	; 216
     a8e:	93 e0       	ldi	r25, 0x03	; 3
     a90:	0e 94 e7 04 	call	0x9ce	; 0x9ce <Print::write(char const*) [clone .part.2]>
println():
C:\Users\luci\AppData\Local\Arduino15\packages\MiniCore\hardware\avr\3.1.1\cores\MCUdude_corefiles/Print.cpp:143
{
  size_t n = print(c);
  n += println();
  return n;
}
     a94:	8c 0f       	add	r24, r28
     a96:	9d 1f       	adc	r25, r29
     a98:	df 91       	pop	r29
     a9a:	cf 91       	pop	r28
     a9c:	08 95       	ret

00000a9e <Print::println(__FlashStringHelper const*) [clone .constprop.8]>:
C:\Users\luci\AppData\Local\Arduino15\packages\MiniCore\hardware\avr\3.1.1\cores\MCUdude_corefiles/Print.cpp:114
size_t Print::print(double n, int digits)
{
  return printFloat(n, digits);
}

size_t Print::println(const __FlashStringHelper *ifsh)
     a9e:	cf 93       	push	r28
     aa0:	df 93       	push	r29
C:\Users\luci\AppData\Local\Arduino15\packages\MiniCore\hardware\avr\3.1.1\cores\MCUdude_corefiles/Print.cpp:116
{
  size_t n = print(ifsh);
     aa2:	0e 94 45 03 	call	0x68a	; 0x68a <Print::print(__FlashStringHelper const*) [clone .constprop.9]>
     aa6:	ec 01       	movw	r28, r24
write():
     aa8:	62 e4       	ldi	r22, 0x42	; 66
     aaa:	71 e0       	ldi	r23, 0x01	; 1
     aac:	88 ed       	ldi	r24, 0xD8	; 216
     aae:	93 e0       	ldi	r25, 0x03	; 3
     ab0:	0e 94 e7 04 	call	0x9ce	; 0x9ce <Print::write(char const*) [clone .part.2]>
println():
C:\Users\luci\AppData\Local\Arduino15\packages\MiniCore\hardware\avr\3.1.1\cores\MCUdude_corefiles/Print.cpp:119
  n += println();
  return n;
}
     ab4:	8c 0f       	add	r24, r28
     ab6:	9d 1f       	adc	r25, r29
     ab8:	df 91       	pop	r29
     aba:	cf 91       	pop	r28
     abc:	08 95       	ret

00000abe <Print::println(String const&)>:
C:\Users\luci\AppData\Local\Arduino15\packages\MiniCore\hardware\avr\3.1.1\cores\MCUdude_corefiles/Print.cpp:132
{
  return write("\r\n");
}

size_t Print::println(const String &s)
{
     abe:	0f 93       	push	r16
     ac0:	1f 93       	push	r17
     ac2:	cf 93       	push	r28
     ac4:	df 93       	push	r29
     ac6:	ec 01       	movw	r28, r24
write():
C:\Users\luci\AppData\Local\Arduino15\packages\MiniCore\hardware\avr\3.1.1\cores\MCUdude_corefiles/Print.h:58
      return write((const uint8_t *)str, strlen(str));
    }
    virtual size_t write(const uint8_t *buffer, size_t size);
    size_t write(const char *buffer, size_t size) {
      return write((const uint8_t *)buffer, size);
     ac8:	fb 01       	movw	r30, r22
     aca:	44 81       	ldd	r20, Z+4	; 0x04
     acc:	55 81       	ldd	r21, Z+5	; 0x05
     ace:	60 81       	ld	r22, Z
     ad0:	71 81       	ldd	r23, Z+1	; 0x01
     ad2:	e8 81       	ld	r30, Y
     ad4:	f9 81       	ldd	r31, Y+1	; 0x01
     ad6:	02 80       	ldd	r0, Z+2	; 0x02
     ad8:	f3 81       	ldd	r31, Z+3	; 0x03
     ada:	e0 2d       	mov	r30, r0
     adc:	09 95       	icall
     ade:	8c 01       	movw	r16, r24
     ae0:	62 e4       	ldi	r22, 0x42	; 66
     ae2:	71 e0       	ldi	r23, 0x01	; 1
     ae4:	ce 01       	movw	r24, r28
     ae6:	0e 94 e7 04 	call	0x9ce	; 0x9ce <Print::write(char const*) [clone .part.2]>
println():
C:\Users\luci\AppData\Local\Arduino15\packages\MiniCore\hardware\avr\3.1.1\cores\MCUdude_corefiles/Print.cpp:136
  size_t n = print(s);
  n += println();
  return n;
}
     aea:	80 0f       	add	r24, r16
     aec:	91 1f       	adc	r25, r17
     aee:	df 91       	pop	r29
     af0:	cf 91       	pop	r28
     af2:	1f 91       	pop	r17
     af4:	0f 91       	pop	r16
     af6:	08 95       	ret

00000af8 <String::trim()>:
trim():
C:\Users\luci\AppData\Local\Arduino15\packages\MiniCore\hardware\avr\3.1.1\cores\MCUdude_corefiles/WString.cpp:721
    *p = toupper(*p);
  }
}

void String::trim(void)
{
     af8:	af 92       	push	r10
     afa:	bf 92       	push	r11
     afc:	cf 92       	push	r12
     afe:	df 92       	push	r13
     b00:	ef 92       	push	r14
     b02:	ff 92       	push	r15
     b04:	0f 93       	push	r16
     b06:	1f 93       	push	r17
     b08:	cf 93       	push	r28
     b0a:	df 93       	push	r29
C:\Users\luci\AppData\Local\Arduino15\packages\MiniCore\hardware\avr\3.1.1\cores\MCUdude_corefiles/WString.cpp:722
  if (!buffer || len == 0) return;
     b0c:	dc 01       	movw	r26, r24
     b0e:	cd 90       	ld	r12, X+
     b10:	dc 90       	ld	r13, X
     b12:	11 97       	sbiw	r26, 0x01	; 1
     b14:	c1 14       	cp	r12, r1
     b16:	d1 04       	cpc	r13, r1
     b18:	39 f0       	breq	.+14     	; 0xb28 <String::trim()+0x30>
     b1a:	14 96       	adiw	r26, 0x04	; 4
     b1c:	cd 91       	ld	r28, X+
     b1e:	dc 91       	ld	r29, X
     b20:	8c 01       	movw	r16, r24
     b22:	76 01       	movw	r14, r12
     b24:	20 97       	sbiw	r28, 0x00	; 0
     b26:	61 f4       	brne	.+24     	; 0xb40 <String::trim()+0x48>
C:\Users\luci\AppData\Local\Arduino15\packages\MiniCore\hardware\avr\3.1.1\cores\MCUdude_corefiles/WString.cpp:730
  char *end = buffer + len - 1;
  while (isspace(*end) && end >= begin) end--;
  len = end + 1 - begin;
  if (begin > buffer) memcpy(buffer, begin, len);
  buffer[len] = 0;
}
     b28:	df 91       	pop	r29
     b2a:	cf 91       	pop	r28
     b2c:	1f 91       	pop	r17
     b2e:	0f 91       	pop	r16
     b30:	ff 90       	pop	r15
     b32:	ef 90       	pop	r14
     b34:	df 90       	pop	r13
     b36:	cf 90       	pop	r12
     b38:	bf 90       	pop	r11
     b3a:	af 90       	pop	r10
     b3c:	08 95       	ret
C:\Users\luci\AppData\Local\Arduino15\packages\MiniCore\hardware\avr\3.1.1\cores\MCUdude_corefiles/WString.cpp:724

void String::trim(void)
{
  if (!buffer || len == 0) return;
  char *begin = buffer;
  while (isspace(*begin)) begin++;
     b3e:	75 01       	movw	r14, r10
     b40:	57 01       	movw	r10, r14
     b42:	bf ef       	ldi	r27, 0xFF	; 255
     b44:	ab 1a       	sub	r10, r27
     b46:	bb 0a       	sbc	r11, r27
     b48:	f7 01       	movw	r30, r14
     b4a:	80 81       	ld	r24, Z
     b4c:	08 2e       	mov	r0, r24
     b4e:	00 0c       	add	r0, r0
     b50:	99 0b       	sbc	r25, r25
     b52:	0e 94 14 16 	call	0x2c28	; 0x2c28 <isspace>
     b56:	89 2b       	or	r24, r25
     b58:	91 f7       	brne	.-28     	; 0xb3e <String::trim()+0x46>
C:\Users\luci\AppData\Local\Arduino15\packages\MiniCore\hardware\avr\3.1.1\cores\MCUdude_corefiles/WString.cpp:725
  char *end = buffer + len - 1;
     b5a:	21 97       	sbiw	r28, 0x01	; 1
     b5c:	cc 0d       	add	r28, r12
     b5e:	dd 1d       	adc	r29, r13
C:\Users\luci\AppData\Local\Arduino15\packages\MiniCore\hardware\avr\3.1.1\cores\MCUdude_corefiles/WString.cpp:726
  while (isspace(*end) && end >= begin) end--;
     b60:	88 81       	ld	r24, Y
     b62:	08 2e       	mov	r0, r24
     b64:	00 0c       	add	r0, r0
     b66:	99 0b       	sbc	r25, r25
     b68:	0e 94 14 16 	call	0x2c28	; 0x2c28 <isspace>
     b6c:	89 2b       	or	r24, r25
     b6e:	29 f0       	breq	.+10     	; 0xb7a <String::trim()+0x82>
     b70:	ce 15       	cp	r28, r14
     b72:	df 05       	cpc	r29, r15
     b74:	10 f0       	brcs	.+4      	; 0xb7a <String::trim()+0x82>
     b76:	21 97       	sbiw	r28, 0x01	; 1
     b78:	f3 cf       	rjmp	.-26     	; 0xb60 <String::trim()+0x68>
C:\Users\luci\AppData\Local\Arduino15\packages\MiniCore\hardware\avr\3.1.1\cores\MCUdude_corefiles/WString.cpp:727
  len = end + 1 - begin;
     b7a:	ae 01       	movw	r20, r28
     b7c:	4f 5f       	subi	r20, 0xFF	; 255
     b7e:	5f 4f       	sbci	r21, 0xFF	; 255
     b80:	4e 19       	sub	r20, r14
     b82:	5f 09       	sbc	r21, r15
     b84:	d8 01       	movw	r26, r16
     b86:	15 96       	adiw	r26, 0x05	; 5
     b88:	5c 93       	st	X, r21
     b8a:	4e 93       	st	-X, r20
     b8c:	14 97       	sbiw	r26, 0x04	; 4
C:\Users\luci\AppData\Local\Arduino15\packages\MiniCore\hardware\avr\3.1.1\cores\MCUdude_corefiles/WString.cpp:728
  if (begin > buffer) memcpy(buffer, begin, len);
     b8e:	ce 14       	cp	r12, r14
     b90:	df 04       	cpc	r13, r15
     b92:	20 f4       	brcc	.+8      	; 0xb9c <String::trim()+0xa4>
     b94:	b7 01       	movw	r22, r14
     b96:	c6 01       	movw	r24, r12
     b98:	0e 94 ca 1a 	call	0x3594	; 0x3594 <memcpy>
C:\Users\luci\AppData\Local\Arduino15\packages\MiniCore\hardware\avr\3.1.1\cores\MCUdude_corefiles/WString.cpp:729
  buffer[len] = 0;
     b9c:	d8 01       	movw	r26, r16
     b9e:	ed 91       	ld	r30, X+
     ba0:	fc 91       	ld	r31, X
     ba2:	11 97       	sbiw	r26, 0x01	; 1
     ba4:	14 96       	adiw	r26, 0x04	; 4
     ba6:	8d 91       	ld	r24, X+
     ba8:	9c 91       	ld	r25, X
     baa:	e8 0f       	add	r30, r24
     bac:	f9 1f       	adc	r31, r25
     bae:	10 82       	st	Z, r1
     bb0:	bb cf       	rjmp	.-138    	; 0xb28 <String::trim()+0x30>

00000bb2 <String::indexOf(String const&, unsigned int) const>:
indexOf():
C:\Users\luci\AppData\Local\Arduino15\packages\MiniCore\hardware\avr\3.1.1\cores\MCUdude_corefiles/WString.cpp:574
{
  return indexOf(s2, 0);
}

int String::indexOf(const String &s2, unsigned int fromIndex) const
{
     bb2:	cf 93       	push	r28
     bb4:	df 93       	push	r29
C:\Users\luci\AppData\Local\Arduino15\packages\MiniCore\hardware\avr\3.1.1\cores\MCUdude_corefiles/WString.cpp:575
  if (fromIndex >= len) return -1;
     bb6:	fc 01       	movw	r30, r24
     bb8:	24 81       	ldd	r18, Z+4	; 0x04
     bba:	35 81       	ldd	r19, Z+5	; 0x05
     bbc:	42 17       	cp	r20, r18
     bbe:	53 07       	cpc	r21, r19
     bc0:	88 f4       	brcc	.+34     	; 0xbe4 <String::indexOf(String const&, unsigned int) const+0x32>
C:\Users\luci\AppData\Local\Arduino15\packages\MiniCore\hardware\avr\3.1.1\cores\MCUdude_corefiles/WString.cpp:576
  const char *found = strstr(buffer + fromIndex, s2.buffer);
     bc2:	c0 81       	ld	r28, Z
     bc4:	d1 81       	ldd	r29, Z+1	; 0x01
     bc6:	fb 01       	movw	r30, r22
     bc8:	60 81       	ld	r22, Z
     bca:	71 81       	ldd	r23, Z+1	; 0x01
     bcc:	ce 01       	movw	r24, r28
     bce:	84 0f       	add	r24, r20
     bd0:	95 1f       	adc	r25, r21
     bd2:	0e 94 e5 1a 	call	0x35ca	; 0x35ca <strstr>
C:\Users\luci\AppData\Local\Arduino15\packages\MiniCore\hardware\avr\3.1.1\cores\MCUdude_corefiles/WString.cpp:577
  if (found == NULL) return -1;
     bd6:	00 97       	sbiw	r24, 0x00	; 0
     bd8:	29 f0       	breq	.+10     	; 0xbe4 <String::indexOf(String const&, unsigned int) const+0x32>
C:\Users\luci\AppData\Local\Arduino15\packages\MiniCore\hardware\avr\3.1.1\cores\MCUdude_corefiles/WString.cpp:578
  return found - buffer;
     bda:	8c 1b       	sub	r24, r28
     bdc:	9d 0b       	sbc	r25, r29
C:\Users\luci\AppData\Local\Arduino15\packages\MiniCore\hardware\avr\3.1.1\cores\MCUdude_corefiles/WString.cpp:579
}
     bde:	df 91       	pop	r29
     be0:	cf 91       	pop	r28
     be2:	08 95       	ret
C:\Users\luci\AppData\Local\Arduino15\packages\MiniCore\hardware\avr\3.1.1\cores\MCUdude_corefiles/WString.cpp:575
  return indexOf(s2, 0);
}

int String::indexOf(const String &s2, unsigned int fromIndex) const
{
  if (fromIndex >= len) return -1;
     be4:	8f ef       	ldi	r24, 0xFF	; 255
     be6:	9f ef       	ldi	r25, 0xFF	; 255
     be8:	fa cf       	rjmp	.-12     	; 0xbde <String::indexOf(String const&, unsigned int) const+0x2c>

00000bea <String::indexOf(String const&) const>:
C:\Users\luci\AppData\Local\Arduino15\packages\MiniCore\hardware\avr\3.1.1\cores\MCUdude_corefiles/WString.cpp:570
  return temp - buffer;
}

int String::indexOf(const String &s2) const
{
  return indexOf(s2, 0);
     bea:	50 e0       	ldi	r21, 0x00	; 0
     bec:	40 e0       	ldi	r20, 0x00	; 0
     bee:	0c 94 d9 05 	jmp	0xbb2	; 0xbb2 <String::indexOf(String const&, unsigned int) const>

00000bf2 <String::indexOf(char, unsigned int) const>:
C:\Users\luci\AppData\Local\Arduino15\packages\MiniCore\hardware\avr\3.1.1\cores\MCUdude_corefiles/WString.cpp:561
{
  return indexOf(c, 0);
}

int String::indexOf( char ch, unsigned int fromIndex ) const
{
     bf2:	cf 93       	push	r28
     bf4:	df 93       	push	r29
C:\Users\luci\AppData\Local\Arduino15\packages\MiniCore\hardware\avr\3.1.1\cores\MCUdude_corefiles/WString.cpp:562
  if (fromIndex >= len) return -1;
     bf6:	fc 01       	movw	r30, r24
     bf8:	24 81       	ldd	r18, Z+4	; 0x04
     bfa:	35 81       	ldd	r19, Z+5	; 0x05
     bfc:	42 17       	cp	r20, r18
     bfe:	53 07       	cpc	r21, r19
     c00:	88 f4       	brcc	.+34     	; 0xc24 <String::indexOf(char, unsigned int) const+0x32>
C:\Users\luci\AppData\Local\Arduino15\packages\MiniCore\hardware\avr\3.1.1\cores\MCUdude_corefiles/WString.cpp:563
  const char* temp = strchr(buffer + fromIndex, ch);
     c02:	c0 81       	ld	r28, Z
     c04:	d1 81       	ldd	r29, Z+1	; 0x01
     c06:	06 2e       	mov	r0, r22
     c08:	00 0c       	add	r0, r0
     c0a:	77 0b       	sbc	r23, r23
     c0c:	ce 01       	movw	r24, r28
     c0e:	84 0f       	add	r24, r20
     c10:	95 1f       	adc	r25, r21
     c12:	0e 94 d3 1a 	call	0x35a6	; 0x35a6 <strchr>
C:\Users\luci\AppData\Local\Arduino15\packages\MiniCore\hardware\avr\3.1.1\cores\MCUdude_corefiles/WString.cpp:564
  if (temp == NULL) return -1;
     c16:	00 97       	sbiw	r24, 0x00	; 0
     c18:	29 f0       	breq	.+10     	; 0xc24 <String::indexOf(char, unsigned int) const+0x32>
C:\Users\luci\AppData\Local\Arduino15\packages\MiniCore\hardware\avr\3.1.1\cores\MCUdude_corefiles/WString.cpp:565
  return temp - buffer;
     c1a:	8c 1b       	sub	r24, r28
     c1c:	9d 0b       	sbc	r25, r29
C:\Users\luci\AppData\Local\Arduino15\packages\MiniCore\hardware\avr\3.1.1\cores\MCUdude_corefiles/WString.cpp:566
}
     c1e:	df 91       	pop	r29
     c20:	cf 91       	pop	r28
     c22:	08 95       	ret
C:\Users\luci\AppData\Local\Arduino15\packages\MiniCore\hardware\avr\3.1.1\cores\MCUdude_corefiles/WString.cpp:562
  return indexOf(c, 0);
}

int String::indexOf( char ch, unsigned int fromIndex ) const
{
  if (fromIndex >= len) return -1;
     c24:	8f ef       	ldi	r24, 0xFF	; 255
     c26:	9f ef       	ldi	r25, 0xFF	; 255
     c28:	fa cf       	rjmp	.-12     	; 0xc1e <String::indexOf(char, unsigned int) const+0x2c>

00000c2a <String::move(String&)>:
move():
C:\Users\luci\AppData\Local\Arduino15\packages\MiniCore\hardware\avr\3.1.1\cores\MCUdude_corefiles/WString.cpp:195
  return *this;
}

#if __cplusplus >= 201103L || defined(__GXX_EXPERIMENTAL_CXX0X__)
void String::move(String &rhs)
{
     c2a:	0f 93       	push	r16
     c2c:	1f 93       	push	r17
     c2e:	cf 93       	push	r28
     c30:	df 93       	push	r29
     c32:	8c 01       	movw	r16, r24
     c34:	eb 01       	movw	r28, r22
C:\Users\luci\AppData\Local\Arduino15\packages\MiniCore\hardware\avr\3.1.1\cores\MCUdude_corefiles/WString.cpp:196
  if (buffer) {
     c36:	fc 01       	movw	r30, r24
     c38:	80 81       	ld	r24, Z
     c3a:	91 81       	ldd	r25, Z+1	; 0x01
     c3c:	00 97       	sbiw	r24, 0x00	; 0
     c3e:	e1 f0       	breq	.+56     	; 0xc78 <String::move(String&)+0x4e>
     c40:	68 81       	ld	r22, Y
     c42:	79 81       	ldd	r23, Y+1	; 0x01
_ZNK6StringcvMS_KFvvEEv.isra.0():
C:\Users\luci\AppData\Local\Arduino15\packages\MiniCore\hardware\avr\3.1.1\cores\MCUdude_corefiles/WString.h:138
  friend StringSumHelper & operator + (const StringSumHelper &lhs, float num);
  friend StringSumHelper & operator + (const StringSumHelper &lhs, double num);
  friend StringSumHelper & operator + (const StringSumHelper &lhs, const __FlashStringHelper *rhs);

  // comparison (only works w/ Strings and "strings")
  operator StringIfHelperType() const { return buffer ? &String::StringIfHelper : 0; }
     c44:	61 15       	cp	r22, r1
     c46:	71 05       	cpc	r23, r1
     c48:	a9 f0       	breq	.+42     	; 0xc74 <String::move(String&)+0x4a>
move():
C:\Users\luci\AppData\Local\Arduino15\packages\MiniCore\hardware\avr\3.1.1\cores\MCUdude_corefiles/WString.cpp:197
    if (rhs && capacity >= rhs.len) {
     c4a:	42 81       	ldd	r20, Z+2	; 0x02
     c4c:	53 81       	ldd	r21, Z+3	; 0x03
     c4e:	2c 81       	ldd	r18, Y+4	; 0x04
     c50:	3d 81       	ldd	r19, Y+5	; 0x05
     c52:	42 17       	cp	r20, r18
     c54:	53 07       	cpc	r21, r19
     c56:	70 f0       	brcs	.+28     	; 0xc74 <String::move(String&)+0x4a>
C:\Users\luci\AppData\Local\Arduino15\packages\MiniCore\hardware\avr\3.1.1\cores\MCUdude_corefiles/WString.cpp:198
      strcpy(buffer, rhs.buffer);
     c58:	0e 94 de 1a 	call	0x35bc	; 0x35bc <strcpy>
C:\Users\luci\AppData\Local\Arduino15\packages\MiniCore\hardware\avr\3.1.1\cores\MCUdude_corefiles/WString.cpp:199
      len = rhs.len;
     c5c:	8c 81       	ldd	r24, Y+4	; 0x04
     c5e:	9d 81       	ldd	r25, Y+5	; 0x05
     c60:	f8 01       	movw	r30, r16
     c62:	95 83       	std	Z+5, r25	; 0x05
     c64:	84 83       	std	Z+4, r24	; 0x04
C:\Users\luci\AppData\Local\Arduino15\packages\MiniCore\hardware\avr\3.1.1\cores\MCUdude_corefiles/WString.cpp:211
  buffer = rhs.buffer;
  capacity = rhs.capacity;
  len = rhs.len;
  rhs.buffer = NULL;
  rhs.capacity = 0;
  rhs.len = 0;
     c66:	1d 82       	std	Y+5, r1	; 0x05
     c68:	1c 82       	std	Y+4, r1	; 0x04
C:\Users\luci\AppData\Local\Arduino15\packages\MiniCore\hardware\avr\3.1.1\cores\MCUdude_corefiles/WString.cpp:212
}
     c6a:	df 91       	pop	r29
     c6c:	cf 91       	pop	r28
     c6e:	1f 91       	pop	r17
     c70:	0f 91       	pop	r16
     c72:	08 95       	ret
C:\Users\luci\AppData\Local\Arduino15\packages\MiniCore\hardware\avr\3.1.1\cores\MCUdude_corefiles/WString.cpp:203
      strcpy(buffer, rhs.buffer);
      len = rhs.len;
      rhs.len = 0;
      return;
    } else {
      free(buffer);
     c74:	0e 94 84 19 	call	0x3308	; 0x3308 <free>
C:\Users\luci\AppData\Local\Arduino15\packages\MiniCore\hardware\avr\3.1.1\cores\MCUdude_corefiles/WString.cpp:206
    }
  }
  buffer = rhs.buffer;
     c78:	88 81       	ld	r24, Y
     c7a:	99 81       	ldd	r25, Y+1	; 0x01
     c7c:	f8 01       	movw	r30, r16
     c7e:	91 83       	std	Z+1, r25	; 0x01
     c80:	80 83       	st	Z, r24
C:\Users\luci\AppData\Local\Arduino15\packages\MiniCore\hardware\avr\3.1.1\cores\MCUdude_corefiles/WString.cpp:207
  capacity = rhs.capacity;
     c82:	8a 81       	ldd	r24, Y+2	; 0x02
     c84:	9b 81       	ldd	r25, Y+3	; 0x03
     c86:	93 83       	std	Z+3, r25	; 0x03
     c88:	82 83       	std	Z+2, r24	; 0x02
C:\Users\luci\AppData\Local\Arduino15\packages\MiniCore\hardware\avr\3.1.1\cores\MCUdude_corefiles/WString.cpp:208
  len = rhs.len;
     c8a:	8c 81       	ldd	r24, Y+4	; 0x04
     c8c:	9d 81       	ldd	r25, Y+5	; 0x05
     c8e:	95 83       	std	Z+5, r25	; 0x05
     c90:	84 83       	std	Z+4, r24	; 0x04
C:\Users\luci\AppData\Local\Arduino15\packages\MiniCore\hardware\avr\3.1.1\cores\MCUdude_corefiles/WString.cpp:209
  rhs.buffer = NULL;
     c92:	19 82       	std	Y+1, r1	; 0x01
     c94:	18 82       	st	Y, r1
C:\Users\luci\AppData\Local\Arduino15\packages\MiniCore\hardware\avr\3.1.1\cores\MCUdude_corefiles/WString.cpp:210
  rhs.capacity = 0;
     c96:	1b 82       	std	Y+3, r1	; 0x03
     c98:	1a 82       	std	Y+2, r1	; 0x02
     c9a:	e5 cf       	rjmp	.-54     	; 0xc66 <String::move(String&)+0x3c>

00000c9c <String::invalidate()>:
invalidate():
C:\Users\luci\AppData\Local\Arduino15\packages\MiniCore\hardware\avr\3.1.1\cores\MCUdude_corefiles/WString.cpp:140
  capacity = 0;
  len = 0;
}

void String::invalidate(void)
{
     c9c:	cf 93       	push	r28
     c9e:	df 93       	push	r29
     ca0:	ec 01       	movw	r28, r24
C:\Users\luci\AppData\Local\Arduino15\packages\MiniCore\hardware\avr\3.1.1\cores\MCUdude_corefiles/WString.cpp:141
  if (buffer) free(buffer);
     ca2:	88 81       	ld	r24, Y
     ca4:	99 81       	ldd	r25, Y+1	; 0x01
     ca6:	00 97       	sbiw	r24, 0x00	; 0
     ca8:	11 f0       	breq	.+4      	; 0xcae <String::invalidate()+0x12>
     caa:	0e 94 84 19 	call	0x3308	; 0x3308 <free>
C:\Users\luci\AppData\Local\Arduino15\packages\MiniCore\hardware\avr\3.1.1\cores\MCUdude_corefiles/WString.cpp:142
  buffer = NULL;
     cae:	19 82       	std	Y+1, r1	; 0x01
     cb0:	18 82       	st	Y, r1
C:\Users\luci\AppData\Local\Arduino15\packages\MiniCore\hardware\avr\3.1.1\cores\MCUdude_corefiles/WString.cpp:143
  capacity = len = 0;
     cb2:	1d 82       	std	Y+5, r1	; 0x05
     cb4:	1c 82       	std	Y+4, r1	; 0x04
     cb6:	1b 82       	std	Y+3, r1	; 0x03
     cb8:	1a 82       	std	Y+2, r1	; 0x02
C:\Users\luci\AppData\Local\Arduino15\packages\MiniCore\hardware\avr\3.1.1\cores\MCUdude_corefiles/WString.cpp:144
}
     cba:	df 91       	pop	r29
     cbc:	cf 91       	pop	r28
     cbe:	08 95       	ret

00000cc0 <String::~String()>:
__base_dtor ():
C:\Users\luci\AppData\Local\Arduino15\packages\MiniCore\hardware\avr\3.1.1\cores\MCUdude_corefiles/WString.cpp:124
  *this = dtostrf(value, (decimalPlaces + 2), decimalPlaces, buf);
}

String::~String()
{
  if(buffer)
     cc0:	fc 01       	movw	r30, r24
     cc2:	80 81       	ld	r24, Z
     cc4:	91 81       	ldd	r25, Z+1	; 0x01
     cc6:	00 97       	sbiw	r24, 0x00	; 0
     cc8:	11 f0       	breq	.+4      	; 0xcce <String::~String()+0xe>
C:\Users\luci\AppData\Local\Arduino15\packages\MiniCore\hardware\avr\3.1.1\cores\MCUdude_corefiles/WString.cpp:125
    free(buffer);
     cca:	0c 94 84 19 	jmp	0x3308	; 0x3308 <free>
C:\Users\luci\AppData\Local\Arduino15\packages\MiniCore\hardware\avr\3.1.1\cores\MCUdude_corefiles/WString.cpp:126
}
     cce:	08 95       	ret

00000cd0 <String::reserve(unsigned int)>:
reserve():
C:\Users\luci\AppData\Local\Arduino15\packages\MiniCore\hardware\avr\3.1.1\cores\MCUdude_corefiles/WString.cpp:147
  buffer = NULL;
  capacity = len = 0;
}

unsigned char String::reserve(unsigned int size)
{
     cd0:	0f 93       	push	r16
     cd2:	1f 93       	push	r17
     cd4:	cf 93       	push	r28
     cd6:	df 93       	push	r29
     cd8:	ec 01       	movw	r28, r24
C:\Users\luci\AppData\Local\Arduino15\packages\MiniCore\hardware\avr\3.1.1\cores\MCUdude_corefiles/WString.cpp:148
  if (buffer && capacity >= size) return 1;
     cda:	88 81       	ld	r24, Y
     cdc:	99 81       	ldd	r25, Y+1	; 0x01
     cde:	00 97       	sbiw	r24, 0x00	; 0
     ce0:	59 f0       	breq	.+22     	; 0xcf8 <String::reserve(unsigned int)+0x28>
     ce2:	2a 81       	ldd	r18, Y+2	; 0x02
     ce4:	3b 81       	ldd	r19, Y+3	; 0x03
     ce6:	26 17       	cp	r18, r22
     ce8:	37 07       	cpc	r19, r23
     cea:	30 f0       	brcs	.+12     	; 0xcf8 <String::reserve(unsigned int)+0x28>
C:\Users\luci\AppData\Local\Arduino15\packages\MiniCore\hardware\avr\3.1.1\cores\MCUdude_corefiles/WString.cpp:150
  if (changeBuffer(size)) {
    if (len == 0) buffer[0] = 0;
     cec:	81 e0       	ldi	r24, 0x01	; 1
C:\Users\luci\AppData\Local\Arduino15\packages\MiniCore\hardware\avr\3.1.1\cores\MCUdude_corefiles/WString.cpp:154
    return 1;
  }
  return 0;
}
     cee:	df 91       	pop	r29
     cf0:	cf 91       	pop	r28
     cf2:	1f 91       	pop	r17
     cf4:	0f 91       	pop	r16
     cf6:	08 95       	ret
     cf8:	8b 01       	movw	r16, r22
changeBuffer():
C:\Users\luci\AppData\Local\Arduino15\packages\MiniCore\hardware\avr\3.1.1\cores\MCUdude_corefiles/WString.cpp:158

unsigned char String::changeBuffer(unsigned int maxStrLen)
{
  char *newbuffer = (char *)realloc(buffer, maxStrLen + 1);
     cfa:	6f 5f       	subi	r22, 0xFF	; 255
     cfc:	7f 4f       	sbci	r23, 0xFF	; 255
     cfe:	0e 94 0d 1a 	call	0x341a	; 0x341a <realloc>
C:\Users\luci\AppData\Local\Arduino15\packages\MiniCore\hardware\avr\3.1.1\cores\MCUdude_corefiles/WString.cpp:159
  if (newbuffer) {
     d02:	00 97       	sbiw	r24, 0x00	; 0
     d04:	59 f0       	breq	.+22     	; 0xd1c <String::reserve(unsigned int)+0x4c>
C:\Users\luci\AppData\Local\Arduino15\packages\MiniCore\hardware\avr\3.1.1\cores\MCUdude_corefiles/WString.cpp:160
    buffer = newbuffer;
     d06:	99 83       	std	Y+1, r25	; 0x01
     d08:	88 83       	st	Y, r24
C:\Users\luci\AppData\Local\Arduino15\packages\MiniCore\hardware\avr\3.1.1\cores\MCUdude_corefiles/WString.cpp:161
    capacity = maxStrLen;
     d0a:	1b 83       	std	Y+3, r17	; 0x03
     d0c:	0a 83       	std	Y+2, r16	; 0x02
reserve():
C:\Users\luci\AppData\Local\Arduino15\packages\MiniCore\hardware\avr\3.1.1\cores\MCUdude_corefiles/WString.cpp:150

unsigned char String::reserve(unsigned int size)
{
  if (buffer && capacity >= size) return 1;
  if (changeBuffer(size)) {
    if (len == 0) buffer[0] = 0;
     d0e:	2c 81       	ldd	r18, Y+4	; 0x04
     d10:	3d 81       	ldd	r19, Y+5	; 0x05
     d12:	23 2b       	or	r18, r19
     d14:	59 f7       	brne	.-42     	; 0xcec <String::reserve(unsigned int)+0x1c>
     d16:	fc 01       	movw	r30, r24
     d18:	10 82       	st	Z, r1
     d1a:	e8 cf       	rjmp	.-48     	; 0xcec <String::reserve(unsigned int)+0x1c>
C:\Users\luci\AppData\Local\Arduino15\packages\MiniCore\hardware\avr\3.1.1\cores\MCUdude_corefiles/WString.cpp:153
    return 1;
  }
  return 0;
     d1c:	80 e0       	ldi	r24, 0x00	; 0
     d1e:	e7 cf       	rjmp	.-50     	; 0xcee <String::reserve(unsigned int)+0x1e>

00000d20 <String::concat(char const*, unsigned int)>:
concat():
C:\Users\luci\AppData\Local\Arduino15\packages\MiniCore\hardware\avr\3.1.1\cores\MCUdude_corefiles/WString.cpp:265
{
  return concat(s.buffer, s.len);
}

unsigned char String::concat(const char *cstr, unsigned int length)
{
     d20:	ef 92       	push	r14
     d22:	ff 92       	push	r15
     d24:	0f 93       	push	r16
     d26:	1f 93       	push	r17
     d28:	cf 93       	push	r28
     d2a:	df 93       	push	r29
C:\Users\luci\AppData\Local\Arduino15\packages\MiniCore\hardware\avr\3.1.1\cores\MCUdude_corefiles/WString.cpp:267
  unsigned int newlen = len + length;
  if (!cstr) return 0;
     d2c:	61 15       	cp	r22, r1
     d2e:	71 05       	cpc	r23, r1
     d30:	41 f4       	brne	.+16     	; 0xd42 <String::concat(char const*, unsigned int)+0x22>
     d32:	80 e0       	ldi	r24, 0x00	; 0
C:\Users\luci\AppData\Local\Arduino15\packages\MiniCore\hardware\avr\3.1.1\cores\MCUdude_corefiles/WString.cpp:273
  if (length == 0) return 1;
  if (!reserve(newlen)) return 0;
  strcpy(buffer + len, cstr);
  len = newlen;
  return 1;
}
     d34:	df 91       	pop	r29
     d36:	cf 91       	pop	r28
     d38:	1f 91       	pop	r17
     d3a:	0f 91       	pop	r16
     d3c:	ff 90       	pop	r15
     d3e:	ef 90       	pop	r14
     d40:	08 95       	ret
C:\Users\luci\AppData\Local\Arduino15\packages\MiniCore\hardware\avr\3.1.1\cores\MCUdude_corefiles/WString.cpp:268

unsigned char String::concat(const char *cstr, unsigned int length)
{
  unsigned int newlen = len + length;
  if (!cstr) return 0;
  if (length == 0) return 1;
     d42:	41 15       	cp	r20, r1
     d44:	51 05       	cpc	r21, r1
     d46:	b1 f0       	breq	.+44     	; 0xd74 <String::concat(char const*, unsigned int)+0x54>
     d48:	7b 01       	movw	r14, r22
     d4a:	ec 01       	movw	r28, r24
C:\Users\luci\AppData\Local\Arduino15\packages\MiniCore\hardware\avr\3.1.1\cores\MCUdude_corefiles/WString.cpp:266
  return concat(s.buffer, s.len);
}

unsigned char String::concat(const char *cstr, unsigned int length)
{
  unsigned int newlen = len + length;
     d4c:	0c 81       	ldd	r16, Y+4	; 0x04
     d4e:	1d 81       	ldd	r17, Y+5	; 0x05
     d50:	04 0f       	add	r16, r20
     d52:	15 1f       	adc	r17, r21
C:\Users\luci\AppData\Local\Arduino15\packages\MiniCore\hardware\avr\3.1.1\cores\MCUdude_corefiles/WString.cpp:269
  if (!cstr) return 0;
  if (length == 0) return 1;
  if (!reserve(newlen)) return 0;
     d54:	b8 01       	movw	r22, r16
     d56:	0e 94 68 06 	call	0xcd0	; 0xcd0 <String::reserve(unsigned int)>
     d5a:	88 23       	and	r24, r24
     d5c:	51 f3       	breq	.-44     	; 0xd32 <String::concat(char const*, unsigned int)+0x12>
C:\Users\luci\AppData\Local\Arduino15\packages\MiniCore\hardware\avr\3.1.1\cores\MCUdude_corefiles/WString.cpp:270
  strcpy(buffer + len, cstr);
     d5e:	28 81       	ld	r18, Y
     d60:	39 81       	ldd	r19, Y+1	; 0x01
     d62:	8c 81       	ldd	r24, Y+4	; 0x04
     d64:	9d 81       	ldd	r25, Y+5	; 0x05
     d66:	b7 01       	movw	r22, r14
     d68:	82 0f       	add	r24, r18
     d6a:	93 1f       	adc	r25, r19
     d6c:	0e 94 de 1a 	call	0x35bc	; 0x35bc <strcpy>
C:\Users\luci\AppData\Local\Arduino15\packages\MiniCore\hardware\avr\3.1.1\cores\MCUdude_corefiles/WString.cpp:271
  len = newlen;
     d70:	1d 83       	std	Y+5, r17	; 0x05
     d72:	0c 83       	std	Y+4, r16	; 0x04
C:\Users\luci\AppData\Local\Arduino15\packages\MiniCore\hardware\avr\3.1.1\cores\MCUdude_corefiles/WString.cpp:268

unsigned char String::concat(const char *cstr, unsigned int length)
{
  unsigned int newlen = len + length;
  if (!cstr) return 0;
  if (length == 0) return 1;
     d74:	81 e0       	ldi	r24, 0x01	; 1
     d76:	de cf       	rjmp	.-68     	; 0xd34 <String::concat(char const*, unsigned int)+0x14>

00000d78 <operator+(StringSumHelper const&, char const*)>:
operator+():
C:\Users\luci\AppData\Local\Arduino15\packages\MiniCore\hardware\avr\3.1.1\cores\MCUdude_corefiles/WString.cpp:362
  if (!a.concat(rhs.buffer, rhs.len)) a.invalidate();
  return a;
}

StringSumHelper & operator + (const StringSumHelper &lhs, const char *cstr)
{
     d78:	cf 93       	push	r28
     d7a:	df 93       	push	r29
     d7c:	ec 01       	movw	r28, r24
C:\Users\luci\AppData\Local\Arduino15\packages\MiniCore\hardware\avr\3.1.1\cores\MCUdude_corefiles/WString.cpp:364
  StringSumHelper &a = const_cast<StringSumHelper&>(lhs);
  if (!cstr || !a.concat(cstr, strlen(cstr))) a.invalidate();
     d7e:	fb 01       	movw	r30, r22
     d80:	01 90       	ld	r0, Z+
     d82:	00 20       	and	r0, r0
     d84:	e9 f7       	brne	.-6      	; 0xd80 <operator+(StringSumHelper const&, char const*)+0x8>
     d86:	31 97       	sbiw	r30, 0x01	; 1
     d88:	af 01       	movw	r20, r30
     d8a:	46 1b       	sub	r20, r22
     d8c:	57 0b       	sbc	r21, r23
     d8e:	0e 94 90 06 	call	0xd20	; 0xd20 <String::concat(char const*, unsigned int)>
     d92:	81 11       	cpse	r24, r1
     d94:	03 c0       	rjmp	.+6      	; 0xd9c <operator+(StringSumHelper const&, char const*)+0x24>
     d96:	ce 01       	movw	r24, r28
     d98:	0e 94 4e 06 	call	0xc9c	; 0xc9c <String::invalidate()>
C:\Users\luci\AppData\Local\Arduino15\packages\MiniCore\hardware\avr\3.1.1\cores\MCUdude_corefiles/WString.cpp:366
  return a;
}
     d9c:	ce 01       	movw	r24, r28
     d9e:	df 91       	pop	r29
     da0:	cf 91       	pop	r28
     da2:	08 95       	ret

00000da4 <operator+(StringSumHelper const&, String const&)>:
C:\Users\luci\AppData\Local\Arduino15\packages\MiniCore\hardware\avr\3.1.1\cores\MCUdude_corefiles/WString.cpp:355
/*********************************************/
/*  Concatenate                              */
/*********************************************/

StringSumHelper & operator + (const StringSumHelper &lhs, const String &rhs)
{
     da4:	cf 93       	push	r28
     da6:	df 93       	push	r29
     da8:	ec 01       	movw	r28, r24
C:\Users\luci\AppData\Local\Arduino15\packages\MiniCore\hardware\avr\3.1.1\cores\MCUdude_corefiles/WString.cpp:357
  StringSumHelper &a = const_cast<StringSumHelper&>(lhs);
  if (!a.concat(rhs.buffer, rhs.len)) a.invalidate();
     daa:	fb 01       	movw	r30, r22
     dac:	44 81       	ldd	r20, Z+4	; 0x04
     dae:	55 81       	ldd	r21, Z+5	; 0x05
     db0:	60 81       	ld	r22, Z
     db2:	71 81       	ldd	r23, Z+1	; 0x01
     db4:	0e 94 90 06 	call	0xd20	; 0xd20 <String::concat(char const*, unsigned int)>
     db8:	81 11       	cpse	r24, r1
     dba:	03 c0       	rjmp	.+6      	; 0xdc2 <operator+(StringSumHelper const&, String const&)+0x1e>
     dbc:	ce 01       	movw	r24, r28
     dbe:	0e 94 4e 06 	call	0xc9c	; 0xc9c <String::invalidate()>
C:\Users\luci\AppData\Local\Arduino15\packages\MiniCore\hardware\avr\3.1.1\cores\MCUdude_corefiles/WString.cpp:359
  return a;
}
     dc2:	ce 01       	movw	r24, r28
     dc4:	df 91       	pop	r29
     dc6:	cf 91       	pop	r28
     dc8:	08 95       	ret

00000dca <String::concat(String const&)>:
concat():
C:\Users\luci\AppData\Local\Arduino15\packages\MiniCore\hardware\avr\3.1.1\cores\MCUdude_corefiles/WString.cpp:261
/*  concat                                   */
/*********************************************/

unsigned char String::concat(const String &s)
{
  return concat(s.buffer, s.len);
     dca:	fb 01       	movw	r30, r22
     dcc:	44 81       	ldd	r20, Z+4	; 0x04
     dce:	55 81       	ldd	r21, Z+5	; 0x05
     dd0:	60 81       	ld	r22, Z
     dd2:	71 81       	ldd	r23, Z+1	; 0x01
     dd4:	0c 94 90 06 	jmp	0xd20	; 0xd20 <String::concat(char const*, unsigned int)>

00000dd8 <String::copy(char const*, unsigned int)>:
copy():
C:\Users\luci\AppData\Local\Arduino15\packages\MiniCore\hardware\avr\3.1.1\cores\MCUdude_corefiles/WString.cpp:172
/*********************************************/
/*  Copy and Move                            */
/*********************************************/

String & String::copy(const char *cstr, unsigned int length)
{
     dd8:	ef 92       	push	r14
     dda:	ff 92       	push	r15
     ddc:	0f 93       	push	r16
     dde:	1f 93       	push	r17
     de0:	cf 93       	push	r28
     de2:	df 93       	push	r29
     de4:	ec 01       	movw	r28, r24
     de6:	7b 01       	movw	r14, r22
     de8:	8a 01       	movw	r16, r20
C:\Users\luci\AppData\Local\Arduino15\packages\MiniCore\hardware\avr\3.1.1\cores\MCUdude_corefiles/WString.cpp:173
  if (!reserve(length)) {
     dea:	ba 01       	movw	r22, r20
     dec:	0e 94 68 06 	call	0xcd0	; 0xcd0 <String::reserve(unsigned int)>
     df0:	81 11       	cpse	r24, r1
     df2:	0b c0       	rjmp	.+22     	; 0xe0a <String::copy(char const*, unsigned int)+0x32>
C:\Users\luci\AppData\Local\Arduino15\packages\MiniCore\hardware\avr\3.1.1\cores\MCUdude_corefiles/WString.cpp:174
    invalidate();
     df4:	ce 01       	movw	r24, r28
     df6:	0e 94 4e 06 	call	0xc9c	; 0xc9c <String::invalidate()>
C:\Users\luci\AppData\Local\Arduino15\packages\MiniCore\hardware\avr\3.1.1\cores\MCUdude_corefiles/WString.cpp:180
    return *this;
  }
  len = length;
  strcpy(buffer, cstr);
  return *this;
}
     dfa:	ce 01       	movw	r24, r28
     dfc:	df 91       	pop	r29
     dfe:	cf 91       	pop	r28
     e00:	1f 91       	pop	r17
     e02:	0f 91       	pop	r16
     e04:	ff 90       	pop	r15
     e06:	ef 90       	pop	r14
     e08:	08 95       	ret
C:\Users\luci\AppData\Local\Arduino15\packages\MiniCore\hardware\avr\3.1.1\cores\MCUdude_corefiles/WString.cpp:177
{
  if (!reserve(length)) {
    invalidate();
    return *this;
  }
  len = length;
     e0a:	1d 83       	std	Y+5, r17	; 0x05
     e0c:	0c 83       	std	Y+4, r16	; 0x04
C:\Users\luci\AppData\Local\Arduino15\packages\MiniCore\hardware\avr\3.1.1\cores\MCUdude_corefiles/WString.cpp:178
  strcpy(buffer, cstr);
     e0e:	b7 01       	movw	r22, r14
     e10:	88 81       	ld	r24, Y
     e12:	99 81       	ldd	r25, Y+1	; 0x01
     e14:	0e 94 de 1a 	call	0x35bc	; 0x35bc <strcpy>
     e18:	f0 cf       	rjmp	.-32     	; 0xdfa <String::copy(char const*, unsigned int)+0x22>

00000e1a <String::String(int, unsigned char) [clone .constprop.12]>:
__base_ctor ():
C:\Users\luci\AppData\Local\Arduino15\packages\MiniCore\hardware\avr\3.1.1\cores\MCUdude_corefiles/WString.cpp:76
  char buf[1 + 8 * sizeof(unsigned char)];
  utoa(value, buf, base);
  *this = buf;
}

String::String(int value, unsigned char base)
     e1a:	ef 92       	push	r14
     e1c:	ff 92       	push	r15
     e1e:	0f 93       	push	r16
     e20:	1f 93       	push	r17
     e22:	cf 93       	push	r28
     e24:	df 93       	push	r29
     e26:	cd b7       	in	r28, 0x3d	; 61
     e28:	de b7       	in	r29, 0x3e	; 62
     e2a:	62 97       	sbiw	r28, 0x12	; 18
     e2c:	0f b6       	in	r0, 0x3f	; 63
     e2e:	f8 94       	cli
     e30:	de bf       	out	0x3e, r29	; 62
     e32:	0f be       	out	0x3f, r0	; 63
     e34:	cd bf       	out	0x3d, r28	; 61
     e36:	8c 01       	movw	r16, r24
     e38:	cb 01       	movw	r24, r22
_ZN6String4initEv():
C:\Users\luci\AppData\Local\Arduino15\packages\MiniCore\hardware\avr\3.1.1\cores\MCUdude_corefiles/WString.cpp:134
/*  Memory Management                        */
/*********************************************/

inline void String::init(void)
{
  buffer = NULL;
     e3a:	f8 01       	movw	r30, r16
     e3c:	11 82       	std	Z+1, r1	; 0x01
     e3e:	10 82       	st	Z, r1
C:\Users\luci\AppData\Local\Arduino15\packages\MiniCore\hardware\avr\3.1.1\cores\MCUdude_corefiles/WString.cpp:135
  capacity = 0;
     e40:	13 82       	std	Z+3, r1	; 0x03
     e42:	12 82       	std	Z+2, r1	; 0x02
C:\Users\luci\AppData\Local\Arduino15\packages\MiniCore\hardware\avr\3.1.1\cores\MCUdude_corefiles/WString.cpp:136
  len = 0;
     e44:	15 82       	std	Z+5, r1	; 0x05
     e46:	14 82       	std	Z+4, r1	; 0x04
itoa():
c:\users\luci\appdata\local\arduino15\packages\arduino\tools\avr-gcc\7.3.0-atmel3.6.1-arduino7\avr\include/stdlib.h:439
    } else if (__radix < 2 || __radix > 36) {
	*__s = 0;
	return __s;
    } else {
	extern char *__itoa_ncheck (int, char *, unsigned char);
	return __itoa_ncheck (__val, __s, __radix);
     e48:	4a e0       	ldi	r20, 0x0A	; 10
     e4a:	9e 01       	movw	r18, r28
     e4c:	2f 5f       	subi	r18, 0xFF	; 255
     e4e:	3f 4f       	sbci	r19, 0xFF	; 255
     e50:	79 01       	movw	r14, r18
     e52:	b9 01       	movw	r22, r18
     e54:	0e 94 da 15 	call	0x2bb4	; 0x2bb4 <__itoa_ncheck>
operator=():
C:\Users\luci\AppData\Local\Arduino15\packages\MiniCore\hardware\avr\3.1.1\cores\MCUdude_corefiles/WString.cpp:241
}
#endif

String & String::operator = (const char *cstr)
{
  if (cstr) copy(cstr, strlen(cstr));
     e58:	f7 01       	movw	r30, r14
     e5a:	01 90       	ld	r0, Z+
     e5c:	00 20       	and	r0, r0
     e5e:	e9 f7       	brne	.-6      	; 0xe5a <String::String(int, unsigned char) [clone .constprop.12]+0x40>
     e60:	31 97       	sbiw	r30, 0x01	; 1
     e62:	af 01       	movw	r20, r30
     e64:	4e 19       	sub	r20, r14
     e66:	5f 09       	sbc	r21, r15
     e68:	b7 01       	movw	r22, r14
     e6a:	c8 01       	movw	r24, r16
     e6c:	0e 94 ec 06 	call	0xdd8	; 0xdd8 <String::copy(char const*, unsigned int)>
__base_ctor ():
C:\Users\luci\AppData\Local\Arduino15\packages\MiniCore\hardware\avr\3.1.1\cores\MCUdude_corefiles/WString.cpp:82
{
  init();
  char buf[2 + 8 * sizeof(int)];
  itoa(value, buf, base);
  *this = buf;
}
     e70:	62 96       	adiw	r28, 0x12	; 18
     e72:	0f b6       	in	r0, 0x3f	; 63
     e74:	f8 94       	cli
     e76:	de bf       	out	0x3e, r29	; 62
     e78:	0f be       	out	0x3f, r0	; 63
     e7a:	cd bf       	out	0x3d, r28	; 61
     e7c:	df 91       	pop	r29
     e7e:	cf 91       	pop	r28
     e80:	1f 91       	pop	r17
     e82:	0f 91       	pop	r16
     e84:	ff 90       	pop	r15
     e86:	ef 90       	pop	r14
     e88:	08 95       	ret

00000e8a <String::operator=(String const&)>:
operator=():
C:\Users\luci\AppData\Local\Arduino15\packages\MiniCore\hardware\avr\3.1.1\cores\MCUdude_corefiles/WString.cpp:216
  rhs.len = 0;
}
#endif

String & String::operator = (const String &rhs)
{
     e8a:	cf 93       	push	r28
     e8c:	df 93       	push	r29
     e8e:	ec 01       	movw	r28, r24
     e90:	fb 01       	movw	r30, r22
C:\Users\luci\AppData\Local\Arduino15\packages\MiniCore\hardware\avr\3.1.1\cores\MCUdude_corefiles/WString.cpp:217
  if (this == &rhs) return *this;
     e92:	86 17       	cp	r24, r22
     e94:	97 07       	cpc	r25, r23
     e96:	49 f0       	breq	.+18     	; 0xeaa <String::operator=(String const&)+0x20>
C:\Users\luci\AppData\Local\Arduino15\packages\MiniCore\hardware\avr\3.1.1\cores\MCUdude_corefiles/WString.cpp:219
  
  if (rhs.buffer) copy(rhs.buffer, rhs.len);
     e98:	60 81       	ld	r22, Z
     e9a:	71 81       	ldd	r23, Z+1	; 0x01
     e9c:	61 15       	cp	r22, r1
     e9e:	71 05       	cpc	r23, r1
     ea0:	41 f0       	breq	.+16     	; 0xeb2 <String::operator=(String const&)+0x28>
     ea2:	44 81       	ldd	r20, Z+4	; 0x04
     ea4:	55 81       	ldd	r21, Z+5	; 0x05
     ea6:	0e 94 ec 06 	call	0xdd8	; 0xdd8 <String::copy(char const*, unsigned int)>
C:\Users\luci\AppData\Local\Arduino15\packages\MiniCore\hardware\avr\3.1.1\cores\MCUdude_corefiles/WString.cpp:223
  else invalidate();
  
  return *this;
}
     eaa:	ce 01       	movw	r24, r28
     eac:	df 91       	pop	r29
     eae:	cf 91       	pop	r28
     eb0:	08 95       	ret
C:\Users\luci\AppData\Local\Arduino15\packages\MiniCore\hardware\avr\3.1.1\cores\MCUdude_corefiles/WString.cpp:220
String & String::operator = (const String &rhs)
{
  if (this == &rhs) return *this;
  
  if (rhs.buffer) copy(rhs.buffer, rhs.len);
  else invalidate();
     eb2:	0e 94 4e 06 	call	0xc9c	; 0xc9c <String::invalidate()>
     eb6:	f9 cf       	rjmp	.-14     	; 0xeaa <String::operator=(String const&)+0x20>

00000eb8 <String::String(String const&)>:
_ZN6String4initEv():
C:\Users\luci\AppData\Local\Arduino15\packages\MiniCore\hardware\avr\3.1.1\cores\MCUdude_corefiles/WString.cpp:134
/*  Memory Management                        */
/*********************************************/

inline void String::init(void)
{
  buffer = NULL;
     eb8:	fc 01       	movw	r30, r24
     eba:	11 82       	std	Z+1, r1	; 0x01
     ebc:	10 82       	st	Z, r1
C:\Users\luci\AppData\Local\Arduino15\packages\MiniCore\hardware\avr\3.1.1\cores\MCUdude_corefiles/WString.cpp:135
  capacity = 0;
     ebe:	13 82       	std	Z+3, r1	; 0x03
     ec0:	12 82       	std	Z+2, r1	; 0x02
C:\Users\luci\AppData\Local\Arduino15\packages\MiniCore\hardware\avr\3.1.1\cores\MCUdude_corefiles/WString.cpp:136
  len = 0;
     ec2:	15 82       	std	Z+5, r1	; 0x05
     ec4:	14 82       	std	Z+4, r1	; 0x04
__base_ctor ():
C:\Users\luci\AppData\Local\Arduino15\packages\MiniCore\hardware\avr\3.1.1\cores\MCUdude_corefiles/WString.cpp:37
}

String::String(const String &value)
{
  init();
  *this = value;
     ec6:	0c 94 45 07 	jmp	0xe8a	; 0xe8a <String::operator=(String const&)>

00000eca <String::String(char const*)>:
_ZN6String4initEv():
C:\Users\luci\AppData\Local\Arduino15\packages\MiniCore\hardware\avr\3.1.1\cores\MCUdude_corefiles/WString.cpp:134
/*  Memory Management                        */
/*********************************************/

inline void String::init(void)
{
  buffer = NULL;
     eca:	fc 01       	movw	r30, r24
     ecc:	11 82       	std	Z+1, r1	; 0x01
     ece:	10 82       	st	Z, r1
C:\Users\luci\AppData\Local\Arduino15\packages\MiniCore\hardware\avr\3.1.1\cores\MCUdude_corefiles/WString.cpp:135
  capacity = 0;
     ed0:	13 82       	std	Z+3, r1	; 0x03
     ed2:	12 82       	std	Z+2, r1	; 0x02
C:\Users\luci\AppData\Local\Arduino15\packages\MiniCore\hardware\avr\3.1.1\cores\MCUdude_corefiles/WString.cpp:136
  len = 0;
     ed4:	15 82       	std	Z+5, r1	; 0x05
     ed6:	14 82       	std	Z+4, r1	; 0x04
__base_ctor ():
C:\Users\luci\AppData\Local\Arduino15\packages\MiniCore\hardware\avr\3.1.1\cores\MCUdude_corefiles/WString.cpp:31
/*********************************************/

String::String(const char *cstr)
{
  init();
  if (cstr) copy(cstr, strlen(cstr));
     ed8:	fb 01       	movw	r30, r22
     eda:	01 90       	ld	r0, Z+
     edc:	00 20       	and	r0, r0
     ede:	e9 f7       	brne	.-6      	; 0xeda <String::String(char const*)+0x10>
     ee0:	31 97       	sbiw	r30, 0x01	; 1
     ee2:	af 01       	movw	r20, r30
     ee4:	46 1b       	sub	r20, r22
     ee6:	57 0b       	sbc	r21, r23
     ee8:	0c 94 ec 06 	jmp	0xdd8	; 0xdd8 <String::copy(char const*, unsigned int)>

00000eec <String::substring(unsigned int, unsigned int) const>:
substring():
C:\Users\luci\AppData\Local\Arduino15\packages\MiniCore\hardware\avr\3.1.1\cores\MCUdude_corefiles/WString.cpp:616
  }
  return found;
}

String String::substring(unsigned int left, unsigned int right) const
{
     eec:	af 92       	push	r10
     eee:	bf 92       	push	r11
     ef0:	cf 92       	push	r12
     ef2:	df 92       	push	r13
     ef4:	ef 92       	push	r14
     ef6:	ff 92       	push	r15
     ef8:	0f 93       	push	r16
     efa:	1f 93       	push	r17
     efc:	cf 93       	push	r28
     efe:	df 93       	push	r29
     f00:	7c 01       	movw	r14, r24
     f02:	6b 01       	movw	r12, r22
     f04:	5a 01       	movw	r10, r20
     f06:	89 01       	movw	r16, r18
C:\Users\luci\AppData\Local\Arduino15\packages\MiniCore\hardware\avr\3.1.1\cores\MCUdude_corefiles/WString.cpp:617
  if (left > right) {
     f08:	24 17       	cp	r18, r20
     f0a:	35 07       	cpc	r19, r21
     f0c:	20 f4       	brcc	.+8      	; 0xf16 <String::substring(unsigned int, unsigned int) const+0x2a>
     f0e:	8b 2d       	mov	r24, r11
     f10:	59 01       	movw	r10, r18
     f12:	04 2f       	mov	r16, r20
     f14:	18 2f       	mov	r17, r24
C:\Users\luci\AppData\Local\Arduino15\packages\MiniCore\hardware\avr\3.1.1\cores\MCUdude_corefiles/WString.cpp:622
    unsigned int temp = right;
    right = left;
    left = temp;
  }
  String out;
     f16:	64 e4       	ldi	r22, 0x44	; 68
     f18:	71 e0       	ldi	r23, 0x01	; 1
     f1a:	c7 01       	movw	r24, r14
     f1c:	0e 94 65 07 	call	0xeca	; 0xeca <String::String(char const*)>
C:\Users\luci\AppData\Local\Arduino15\packages\MiniCore\hardware\avr\3.1.1\cores\MCUdude_corefiles/WString.cpp:623
  if (left >= len) return out;
     f20:	d6 01       	movw	r26, r12
     f22:	14 96       	adiw	r26, 0x04	; 4
     f24:	cd 91       	ld	r28, X+
     f26:	dc 91       	ld	r29, X
     f28:	ac 16       	cp	r10, r28
     f2a:	bd 06       	cpc	r11, r29
     f2c:	20 f5       	brcc	.+72     	; 0xf76 <String::substring(unsigned int, unsigned int) const+0x8a>
     f2e:	0c 17       	cp	r16, r28
     f30:	1d 07       	cpc	r17, r29
     f32:	08 f4       	brcc	.+2      	; 0xf36 <String::substring(unsigned int, unsigned int) const+0x4a>
     f34:	e8 01       	movw	r28, r16
C:\Users\luci\AppData\Local\Arduino15\packages\MiniCore\hardware\avr\3.1.1\cores\MCUdude_corefiles/WString.cpp:625
  if (right > len) right = len;
  char temp = buffer[right];  // save the replaced character
     f36:	d6 01       	movw	r26, r12
     f38:	ed 91       	ld	r30, X+
     f3a:	fc 91       	ld	r31, X
     f3c:	11 97       	sbiw	r26, 0x01	; 1
     f3e:	ec 0f       	add	r30, r28
     f40:	fd 1f       	adc	r31, r29
     f42:	10 81       	ld	r17, Z
C:\Users\luci\AppData\Local\Arduino15\packages\MiniCore\hardware\avr\3.1.1\cores\MCUdude_corefiles/WString.cpp:626
  buffer[right] = '\0'; 
     f44:	10 82       	st	Z, r1
C:\Users\luci\AppData\Local\Arduino15\packages\MiniCore\hardware\avr\3.1.1\cores\MCUdude_corefiles/WString.cpp:627
  out = buffer + left;  // pointer arithmetic
     f46:	6d 91       	ld	r22, X+
     f48:	7c 91       	ld	r23, X
     f4a:	6a 0d       	add	r22, r10
     f4c:	7b 1d       	adc	r23, r11
operator=():
C:\Users\luci\AppData\Local\Arduino15\packages\MiniCore\hardware\avr\3.1.1\cores\MCUdude_corefiles/WString.cpp:241
}
#endif

String & String::operator = (const char *cstr)
{
  if (cstr) copy(cstr, strlen(cstr));
     f4e:	61 15       	cp	r22, r1
     f50:	71 05       	cpc	r23, r1
     f52:	e9 f0       	breq	.+58     	; 0xf8e <String::substring(unsigned int, unsigned int) const+0xa2>
     f54:	fb 01       	movw	r30, r22
     f56:	01 90       	ld	r0, Z+
     f58:	00 20       	and	r0, r0
     f5a:	e9 f7       	brne	.-6      	; 0xf56 <String::substring(unsigned int, unsigned int) const+0x6a>
     f5c:	31 97       	sbiw	r30, 0x01	; 1
     f5e:	af 01       	movw	r20, r30
     f60:	46 1b       	sub	r20, r22
     f62:	57 0b       	sbc	r21, r23
     f64:	c7 01       	movw	r24, r14
     f66:	0e 94 ec 06 	call	0xdd8	; 0xdd8 <String::copy(char const*, unsigned int)>
substring():
C:\Users\luci\AppData\Local\Arduino15\packages\MiniCore\hardware\avr\3.1.1\cores\MCUdude_corefiles/WString.cpp:628
  if (left >= len) return out;
  if (right > len) right = len;
  char temp = buffer[right];  // save the replaced character
  buffer[right] = '\0'; 
  out = buffer + left;  // pointer arithmetic
  buffer[right] = temp;  //restore character
     f6a:	f6 01       	movw	r30, r12
     f6c:	80 81       	ld	r24, Z
     f6e:	91 81       	ldd	r25, Z+1	; 0x01
     f70:	c8 0f       	add	r28, r24
     f72:	d9 1f       	adc	r29, r25
     f74:	18 83       	st	Y, r17
C:\Users\luci\AppData\Local\Arduino15\packages\MiniCore\hardware\avr\3.1.1\cores\MCUdude_corefiles/WString.cpp:630
  return out;
}
     f76:	c7 01       	movw	r24, r14
     f78:	df 91       	pop	r29
     f7a:	cf 91       	pop	r28
     f7c:	1f 91       	pop	r17
     f7e:	0f 91       	pop	r16
     f80:	ff 90       	pop	r15
     f82:	ef 90       	pop	r14
     f84:	df 90       	pop	r13
     f86:	cf 90       	pop	r12
     f88:	bf 90       	pop	r11
     f8a:	af 90       	pop	r10
     f8c:	08 95       	ret
operator=():
C:\Users\luci\AppData\Local\Arduino15\packages\MiniCore\hardware\avr\3.1.1\cores\MCUdude_corefiles/WString.cpp:242
#endif

String & String::operator = (const char *cstr)
{
  if (cstr) copy(cstr, strlen(cstr));
  else invalidate();
     f8e:	c7 01       	movw	r24, r14
     f90:	0e 94 4e 06 	call	0xc9c	; 0xc9c <String::invalidate()>
     f94:	ea cf       	rjmp	.-44     	; 0xf6a <String::substring(unsigned int, unsigned int) const+0x7e>

00000f96 <String::String(__FlashStringHelper const*)>:
__base_ctor ():
C:\Users\luci\AppData\Local\Arduino15\packages\MiniCore\hardware\avr\3.1.1\cores\MCUdude_corefiles/WString.cpp:40
{
  init();
  *this = value;
}

String::String(const __FlashStringHelper *pstr)
     f96:	ef 92       	push	r14
     f98:	ff 92       	push	r15
     f9a:	0f 93       	push	r16
     f9c:	1f 93       	push	r17
     f9e:	cf 93       	push	r28
     fa0:	df 93       	push	r29
     fa2:	ec 01       	movw	r28, r24
     fa4:	8b 01       	movw	r16, r22
_ZN6String4initEv():
C:\Users\luci\AppData\Local\Arduino15\packages\MiniCore\hardware\avr\3.1.1\cores\MCUdude_corefiles/WString.cpp:134
/*  Memory Management                        */
/*********************************************/

inline void String::init(void)
{
  buffer = NULL;
     fa6:	19 82       	std	Y+1, r1	; 0x01
     fa8:	18 82       	st	Y, r1
C:\Users\luci\AppData\Local\Arduino15\packages\MiniCore\hardware\avr\3.1.1\cores\MCUdude_corefiles/WString.cpp:135
  capacity = 0;
     faa:	1b 82       	std	Y+3, r1	; 0x03
     fac:	1a 82       	std	Y+2, r1	; 0x02
C:\Users\luci\AppData\Local\Arduino15\packages\MiniCore\hardware\avr\3.1.1\cores\MCUdude_corefiles/WString.cpp:136
  len = 0;
     fae:	1d 82       	std	Y+5, r1	; 0x05
     fb0:	1c 82       	std	Y+4, r1	; 0x04
strlen_P():
c:\users\luci\appdata\local\arduino15\packages\arduino\tools\avr-gcc\7.3.0-atmel3.6.1-arduino7\avr\include\avr/pgmspace.h:1783
#else
extern size_t __strlen_P(const char *) __ATTR_CONST__;  /* internal helper function */
__attribute__((__always_inline__)) static __inline__ size_t strlen_P(const char * s);
static __inline__ size_t strlen_P(const char *s) {
  return __builtin_constant_p(__builtin_strlen(s))
     ? __builtin_strlen(s) : __strlen_P(s);
     fb2:	cb 01       	movw	r24, r22
     fb4:	0e 94 d1 15 	call	0x2ba2	; 0x2ba2 <__strlen_P>
     fb8:	7c 01       	movw	r14, r24
copy():
C:\Users\luci\AppData\Local\Arduino15\packages\MiniCore\hardware\avr\3.1.1\cores\MCUdude_corefiles/WString.cpp:184
  return *this;
}

String & String::copy(const __FlashStringHelper *pstr, unsigned int length)
{
  if (!reserve(length)) {
     fba:	bc 01       	movw	r22, r24
     fbc:	ce 01       	movw	r24, r28
     fbe:	0e 94 68 06 	call	0xcd0	; 0xcd0 <String::reserve(unsigned int)>
     fc2:	81 11       	cpse	r24, r1
     fc4:	09 c0       	rjmp	.+18     	; 0xfd8 <String::String(__FlashStringHelper const*)+0x42>
C:\Users\luci\AppData\Local\Arduino15\packages\MiniCore\hardware\avr\3.1.1\cores\MCUdude_corefiles/WString.cpp:185
    invalidate();
     fc6:	ce 01       	movw	r24, r28
__base_ctor ():
C:\Users\luci\AppData\Local\Arduino15\packages\MiniCore\hardware\avr\3.1.1\cores\MCUdude_corefiles/WString.cpp:44

String::String(const __FlashStringHelper *pstr)
{
  init();
  *this = pstr;
}
     fc8:	df 91       	pop	r29
     fca:	cf 91       	pop	r28
     fcc:	1f 91       	pop	r17
     fce:	0f 91       	pop	r16
     fd0:	ff 90       	pop	r15
     fd2:	ef 90       	pop	r14
copy():
C:\Users\luci\AppData\Local\Arduino15\packages\MiniCore\hardware\avr\3.1.1\cores\MCUdude_corefiles/WString.cpp:185
}

String & String::copy(const __FlashStringHelper *pstr, unsigned int length)
{
  if (!reserve(length)) {
    invalidate();
     fd4:	0c 94 4e 06 	jmp	0xc9c	; 0xc9c <String::invalidate()>
C:\Users\luci\AppData\Local\Arduino15\packages\MiniCore\hardware\avr\3.1.1\cores\MCUdude_corefiles/WString.cpp:188
    return *this;
  }
  len = length;
     fd8:	fd 82       	std	Y+5, r15	; 0x05
     fda:	ec 82       	std	Y+4, r14	; 0x04
C:\Users\luci\AppData\Local\Arduino15\packages\MiniCore\hardware\avr\3.1.1\cores\MCUdude_corefiles/WString.cpp:189
  strcpy_P(buffer, (PGM_P)pstr);
     fdc:	b8 01       	movw	r22, r16
     fde:	88 81       	ld	r24, Y
     fe0:	99 81       	ldd	r25, Y+1	; 0x01
__base_ctor ():
C:\Users\luci\AppData\Local\Arduino15\packages\MiniCore\hardware\avr\3.1.1\cores\MCUdude_corefiles/WString.cpp:44

String::String(const __FlashStringHelper *pstr)
{
  init();
  *this = pstr;
}
     fe2:	df 91       	pop	r29
     fe4:	cf 91       	pop	r28
     fe6:	1f 91       	pop	r17
     fe8:	0f 91       	pop	r16
     fea:	ff 90       	pop	r15
     fec:	ef 90       	pop	r14
copy():
C:\Users\luci\AppData\Local\Arduino15\packages\MiniCore\hardware\avr\3.1.1\cores\MCUdude_corefiles/WString.cpp:189
  if (!reserve(length)) {
    invalidate();
    return *this;
  }
  len = length;
  strcpy_P(buffer, (PGM_P)pstr);
     fee:	0c 94 ca 15 	jmp	0x2b94	; 0x2b94 <strcpy_P>

00000ff2 <waitAtAnswer()>:
waitAtAnswer():
D:\projects\arduino\figaro\OnlineGasDetector_FIGARO/SIM800L.ino:211
  } else {
    return false;
  }
}

String waitAtAnswer() {
     ff2:	af 92       	push	r10
     ff4:	bf 92       	push	r11
     ff6:	cf 92       	push	r12
     ff8:	df 92       	push	r13
     ffa:	ef 92       	push	r14
     ffc:	ff 92       	push	r15
     ffe:	0f 93       	push	r16
    1000:	1f 93       	push	r17
    1002:	cf 93       	push	r28
    1004:	df 93       	push	r29
    1006:	cd b7       	in	r28, 0x3d	; 61
    1008:	de b7       	in	r29, 0x3e	; 62
    100a:	c4 55       	subi	r28, 0x54	; 84
    100c:	d1 09       	sbc	r29, r1
    100e:	0f b6       	in	r0, 0x3f	; 63
    1010:	f8 94       	cli
    1012:	de bf       	out	0x3e, r29	; 62
    1014:	0f be       	out	0x3f, r0	; 63
    1016:	cd bf       	out	0x3d, r28	; 61
    1018:	5c 01       	movw	r10, r24
D:\projects\arduino\figaro\OnlineGasDetector_FIGARO/SIM800L.ino:212
  String response = "";
    101a:	64 e4       	ldi	r22, 0x44	; 68
    101c:	71 e0       	ldi	r23, 0x01	; 1
    101e:	ce 01       	movw	r24, r28
    1020:	81 5b       	subi	r24, 0xB1	; 177
    1022:	9f 4f       	sbci	r25, 0xFF	; 255
    1024:	0e 94 65 07 	call	0xeca	; 0xeca <String::String(char const*)>
D:\projects\arduino\figaro\OnlineGasDetector_FIGARO/SIM800L.ino:211
  } else {
    return false;
  }
}

String waitAtAnswer() {
    1028:	02 e9       	ldi	r16, 0x92	; 146
    102a:	11 e0       	ldi	r17, 0x01	; 1
D:\projects\arduino\figaro\OnlineGasDetector_FIGARO/SIM800L.ino:215
  String response = "";
  do {
    int waitCount = 0;
    while (!SIM800L.available()) {
    102c:	8b e7       	ldi	r24, 0x7B	; 123
    102e:	94 e0       	ldi	r25, 0x04	; 4
    1030:	0e 94 f5 03 	call	0x7ea	; 0x7ea <SoftwareSerial::available()>
    1034:	89 2b       	or	r24, r25
    1036:	69 f5       	brne	.+90     	; 0x1092 <waitAtAnswer()+0xa0>
    1038:	01 50       	subi	r16, 0x01	; 1
    103a:	11 09       	sbc	r17, r1
D:\projects\arduino\figaro\OnlineGasDetector_FIGARO/SIM800L.ino:216
      if (waitCount > 400) {
    103c:	19 f5       	brne	.+70     	; 0x1084 <waitAtAnswer()+0x92>
D:\projects\arduino\figaro\OnlineGasDetector_FIGARO/SIM800L.ino:217
        Serial.println(F("Timeout"));
    103e:	8d e0       	ldi	r24, 0x0D	; 13
    1040:	91 e0       	ldi	r25, 0x01	; 1
    1042:	0e 94 4f 05 	call	0xa9e	; 0xa9e <Print::println(__FlashStringHelper const*) [clone .constprop.8]>
D:\projects\arduino\figaro\OnlineGasDetector_FIGARO/SIM800L.ino:218
        RestartGsmModule();
    1046:	0e 94 61 04 	call	0x8c2	; 0x8c2 <RestartGsmModule()>
D:\projects\arduino\figaro\OnlineGasDetector_FIGARO/SIM800L.ino:219
        return "";
    104a:	64 e4       	ldi	r22, 0x44	; 68
    104c:	71 e0       	ldi	r23, 0x01	; 1
    104e:	c5 01       	movw	r24, r10
    1050:	0e 94 65 07 	call	0xeca	; 0xeca <String::String(char const*)>
D:\projects\arduino\figaro\OnlineGasDetector_FIGARO/SIM800L.ino:212
    return false;
  }
}

String waitAtAnswer() {
  String response = "";
    1054:	ce 01       	movw	r24, r28
    1056:	81 5b       	subi	r24, 0xB1	; 177
    1058:	9f 4f       	sbci	r25, 0xFF	; 255
    105a:	0e 94 60 06 	call	0xcc0	; 0xcc0 <String::~String()>
D:\projects\arduino\figaro\OnlineGasDetector_FIGARO/SIM800L.ino:228
    }
    response = SIM800L.readString();
    Serial.println(response);
  } while (response.indexOf(F("OK")) == -1 && IsGsmGarbage(response));
  return response;
}
    105e:	c5 01       	movw	r24, r10
    1060:	cc 5a       	subi	r28, 0xAC	; 172
    1062:	df 4f       	sbci	r29, 0xFF	; 255
    1064:	0f b6       	in	r0, 0x3f	; 63
    1066:	f8 94       	cli
    1068:	de bf       	out	0x3e, r29	; 62
    106a:	0f be       	out	0x3f, r0	; 63
    106c:	cd bf       	out	0x3d, r28	; 61
    106e:	df 91       	pop	r29
    1070:	cf 91       	pop	r28
    1072:	1f 91       	pop	r17
    1074:	0f 91       	pop	r16
    1076:	ff 90       	pop	r15
    1078:	ef 90       	pop	r14
    107a:	df 90       	pop	r13
    107c:	cf 90       	pop	r12
    107e:	bf 90       	pop	r11
    1080:	af 90       	pop	r10
    1082:	08 95       	ret
D:\projects\arduino\figaro\OnlineGasDetector_FIGARO/SIM800L.ino:221
      if (waitCount > 400) {
        Serial.println(F("Timeout"));
        RestartGsmModule();
        return "";
      }
      delay(250);
    1084:	6a ef       	ldi	r22, 0xFA	; 250
    1086:	70 e0       	ldi	r23, 0x00	; 0
    1088:	80 e0       	ldi	r24, 0x00	; 0
    108a:	90 e0       	ldi	r25, 0x00	; 0
    108c:	0e 94 0f 02 	call	0x41e	; 0x41e <delay>
    1090:	cd cf       	rjmp	.-102    	; 0x102c <waitAtAnswer()+0x3a>
readString():
C:\Users\luci\AppData\Local\Arduino15\packages\MiniCore\hardware\avr\3.1.1\cores\MCUdude_corefiles/Stream.cpp:233
  return index; // return number of characters, not including null terminator
}

String Stream::readString()
{
  String ret;
    1092:	64 e4       	ldi	r22, 0x44	; 68
    1094:	71 e0       	ldi	r23, 0x01	; 1
    1096:	ce 01       	movw	r24, r28
    1098:	01 96       	adiw	r24, 0x01	; 1
    109a:	0e 94 65 07 	call	0xeca	; 0xeca <String::String(char const*)>
C:\Users\luci\AppData\Local\Arduino15\packages\MiniCore\hardware\avr\3.1.1\cores\MCUdude_corefiles/Stream.cpp:234
  int c = timedRead();
    109e:	0e 94 2c 04 	call	0x858	; 0x858 <Stream::timedRead() [clone .constprop.11]>
C:\Users\luci\AppData\Local\Arduino15\packages\MiniCore\hardware\avr\3.1.1\cores\MCUdude_corefiles/Stream.cpp:235
  while (c >= 0)
    10a2:	97 fd       	sbrc	r25, 7
    10a4:	0c c0       	rjmp	.+24     	; 0x10be <waitAtAnswer()+0xcc>
C:\Users\luci\AppData\Local\Arduino15\packages\MiniCore\hardware\avr\3.1.1\cores\MCUdude_corefiles/Stream.cpp:237
  {
    ret += (char)c;
    10a6:	8f 83       	std	Y+7, r24	; 0x07
concat():
C:\Users\luci\AppData\Local\Arduino15\packages\MiniCore\hardware\avr\3.1.1\cores\MCUdude_corefiles/WString.cpp:285

unsigned char String::concat(char c)
{
  char buf[2];
  buf[0] = c;
  buf[1] = 0;
    10a8:	18 86       	std	Y+8, r1	; 0x08
C:\Users\luci\AppData\Local\Arduino15\packages\MiniCore\hardware\avr\3.1.1\cores\MCUdude_corefiles/WString.cpp:286
  return concat(buf, 1);
    10aa:	41 e0       	ldi	r20, 0x01	; 1
    10ac:	50 e0       	ldi	r21, 0x00	; 0
    10ae:	be 01       	movw	r22, r28
    10b0:	69 5f       	subi	r22, 0xF9	; 249
    10b2:	7f 4f       	sbci	r23, 0xFF	; 255
    10b4:	ce 01       	movw	r24, r28
    10b6:	01 96       	adiw	r24, 0x01	; 1
    10b8:	0e 94 90 06 	call	0xd20	; 0xd20 <String::concat(char const*, unsigned int)>
    10bc:	f0 cf       	rjmp	.-32     	; 0x109e <waitAtAnswer()+0xac>
operator=():
C:\Users\luci\AppData\Local\Arduino15\packages\MiniCore\hardware\avr\3.1.1\cores\MCUdude_corefiles/WString.cpp:228
}

#if __cplusplus >= 201103L || defined(__GXX_EXPERIMENTAL_CXX0X__)
String & String::operator = (String &&rval)
{
  if (this != &rval) move(rval);
    10be:	be 01       	movw	r22, r28
    10c0:	6f 5f       	subi	r22, 0xFF	; 255
    10c2:	7f 4f       	sbci	r23, 0xFF	; 255
    10c4:	ce 01       	movw	r24, r28
    10c6:	81 5b       	subi	r24, 0xB1	; 177
    10c8:	9f 4f       	sbci	r25, 0xFF	; 255
    10ca:	0e 94 15 06 	call	0xc2a	; 0xc2a <String::move(String&)>
waitAtAnswer():
D:\projects\arduino\figaro\OnlineGasDetector_FIGARO/SIM800L.ino:224
      waitCount++;
    }
    response = SIM800L.readString();
    10ce:	ce 01       	movw	r24, r28
    10d0:	01 96       	adiw	r24, 0x01	; 1
    10d2:	0e 94 60 06 	call	0xcc0	; 0xcc0 <String::~String()>
D:\projects\arduino\figaro\OnlineGasDetector_FIGARO/SIM800L.ino:225
    Serial.println(response);
    10d6:	be 01       	movw	r22, r28
    10d8:	61 5b       	subi	r22, 0xB1	; 177
    10da:	7f 4f       	sbci	r23, 0xFF	; 255
    10dc:	88 ed       	ldi	r24, 0xD8	; 216
    10de:	93 e0       	ldi	r25, 0x03	; 3
    10e0:	0e 94 5f 05 	call	0xabe	; 0xabe <Print::println(String const&)>
D:\projects\arduino\figaro\OnlineGasDetector_FIGARO/SIM800L.ino:226
  } while (response.indexOf(F("OK")) == -1 && IsGsmGarbage(response));
    10e4:	6a e0       	ldi	r22, 0x0A	; 10
    10e6:	71 e0       	ldi	r23, 0x01	; 1
    10e8:	ce 01       	movw	r24, r28
    10ea:	87 5b       	subi	r24, 0xB7	; 183
    10ec:	9f 4f       	sbci	r25, 0xFF	; 255
    10ee:	0e 94 cb 07 	call	0xf96	; 0xf96 <String::String(__FlashStringHelper const*)>
    10f2:	be 01       	movw	r22, r28
    10f4:	67 5b       	subi	r22, 0xB7	; 183
    10f6:	7f 4f       	sbci	r23, 0xFF	; 255
    10f8:	ce 01       	movw	r24, r28
    10fa:	81 5b       	subi	r24, 0xB1	; 177
    10fc:	9f 4f       	sbci	r25, 0xFF	; 255
    10fe:	0e 94 f5 05 	call	0xbea	; 0xbea <String::indexOf(String const&) const>
    1102:	10 e0       	ldi	r17, 0x00	; 0
    1104:	01 96       	adiw	r24, 0x01	; 1
    1106:	09 f0       	breq	.+2      	; 0x110a <waitAtAnswer()+0x118>
    1108:	0a c1       	rjmp	.+532    	; 0x131e <waitAtAnswer()+0x32c>
    110a:	be 01       	movw	r22, r28
    110c:	61 5b       	subi	r22, 0xB1	; 177
    110e:	7f 4f       	sbci	r23, 0xFF	; 255
    1110:	ce 01       	movw	r24, r28
    1112:	8d 5b       	subi	r24, 0xBD	; 189
    1114:	9f 4f       	sbci	r25, 0xFF	; 255
    1116:	0e 94 5c 07 	call	0xeb8	; 0xeb8 <String::String(String const&)>
IsGsmGarbage():
D:\projects\arduino\figaro\OnlineGasDetector_FIGARO/SIM800L.ino:231
  return response;
}

bool IsGsmGarbage(String text) {
  return (text.indexOf(F("Ready" )) >= 0 ||
    111a:	64 e0       	ldi	r22, 0x04	; 4
    111c:	71 e0       	ldi	r23, 0x01	; 1
    111e:	ce 01       	movw	r24, r28
    1120:	01 96       	adiw	r24, 0x01	; 1
    1122:	0e 94 cb 07 	call	0xf96	; 0xf96 <String::String(__FlashStringHelper const*)>
    1126:	be 01       	movw	r22, r28
    1128:	6f 5f       	subi	r22, 0xFF	; 255
    112a:	7f 4f       	sbci	r23, 0xFF	; 255
    112c:	ce 01       	movw	r24, r28
    112e:	8d 5b       	subi	r24, 0xBD	; 189
    1130:	9f 4f       	sbci	r25, 0xFF	; 255
    1132:	0e 94 f5 05 	call	0xbea	; 0xbea <String::indexOf(String const&) const>
D:\projects\arduino\figaro\OnlineGasDetector_FIGARO/SIM800L.ino:240
          text.indexOf(F("CMTI"  )) >= 0 ||
          text.indexOf(F("CME"   )) >= 0 ||
          text.indexOf(F("CPIN"  )) >= 0 ||
          text.indexOf(F("CFUN"  )) >= 0 ||
          text.indexOf(F("DST"   )) >= 0 ||
          text.indexOf(F("CTZV"  )) >= 0 ||
    1136:	97 ff       	sbrs	r25, 7
    1138:	07 c1       	rjmp	.+526    	; 0x1348 <waitAtAnswer()+0x356>
D:\projects\arduino\figaro\OnlineGasDetector_FIGARO/SIM800L.ino:232
  return response;
}

bool IsGsmGarbage(String text) {
  return (text.indexOf(F("Ready" )) >= 0 ||
          text.indexOf(F("Call"  )) >= 0 ||
    113a:	6f ef       	ldi	r22, 0xFF	; 255
    113c:	70 e0       	ldi	r23, 0x00	; 0
    113e:	ce 01       	movw	r24, r28
    1140:	07 96       	adiw	r24, 0x07	; 7
    1142:	0e 94 cb 07 	call	0xf96	; 0xf96 <String::String(__FlashStringHelper const*)>
    1146:	be 01       	movw	r22, r28
    1148:	69 5f       	subi	r22, 0xF9	; 249
    114a:	7f 4f       	sbci	r23, 0xFF	; 255
    114c:	ce 01       	movw	r24, r28
    114e:	8d 5b       	subi	r24, 0xBD	; 189
    1150:	9f 4f       	sbci	r25, 0xFF	; 255
    1152:	0e 94 f5 05 	call	0xbea	; 0xbea <String::indexOf(String const&) const>
D:\projects\arduino\figaro\OnlineGasDetector_FIGARO/SIM800L.ino:231
  } while (response.indexOf(F("OK")) == -1 && IsGsmGarbage(response));
  return response;
}

bool IsGsmGarbage(String text) {
  return (text.indexOf(F("Ready" )) >= 0 ||
    1156:	97 ff       	sbrs	r25, 7
    1158:	02 c1       	rjmp	.+516    	; 0x135e <waitAtAnswer()+0x36c>
D:\projects\arduino\figaro\OnlineGasDetector_FIGARO/SIM800L.ino:233
          text.indexOf(F("Call"  )) >= 0 ||
          text.indexOf(F("RDY"   )) >= 0 ||
    115a:	6b ef       	ldi	r22, 0xFB	; 251
    115c:	70 e0       	ldi	r23, 0x00	; 0
    115e:	ce 01       	movw	r24, r28
    1160:	0d 96       	adiw	r24, 0x0d	; 13
    1162:	0e 94 cb 07 	call	0xf96	; 0xf96 <String::String(__FlashStringHelper const*)>
    1166:	be 01       	movw	r22, r28
    1168:	63 5f       	subi	r22, 0xF3	; 243
    116a:	7f 4f       	sbci	r23, 0xFF	; 255
    116c:	ce 01       	movw	r24, r28
    116e:	8d 5b       	subi	r24, 0xBD	; 189
    1170:	9f 4f       	sbci	r25, 0xFF	; 255
    1172:	0e 94 f5 05 	call	0xbea	; 0xbea <String::indexOf(String const&) const>
waitAtAnswer():
D:\projects\arduino\figaro\OnlineGasDetector_FIGARO/SIM800L.ino:240
          text.indexOf(F("CMTI"  )) >= 0 ||
          text.indexOf(F("CME"   )) >= 0 ||
          text.indexOf(F("CPIN"  )) >= 0 ||
          text.indexOf(F("CFUN"  )) >= 0 ||
          text.indexOf(F("DST"   )) >= 0 ||
          text.indexOf(F("CTZV"  )) >= 0 ||
    1176:	c1 2c       	mov	r12, r1
    1178:	d1 2c       	mov	r13, r1
    117a:	e1 2c       	mov	r14, r1
IsGsmGarbage():
D:\projects\arduino\figaro\OnlineGasDetector_FIGARO/SIM800L.ino:232
  return response;
}

bool IsGsmGarbage(String text) {
  return (text.indexOf(F("Ready" )) >= 0 ||
          text.indexOf(F("Call"  )) >= 0 ||
    117c:	97 ff       	sbrs	r25, 7
    117e:	f9 c0       	rjmp	.+498    	; 0x1372 <waitAtAnswer()+0x380>
D:\projects\arduino\figaro\OnlineGasDetector_FIGARO/SIM800L.ino:234
          text.indexOf(F("RDY"   )) >= 0 ||
          text.indexOf(F("SMS"   )) >= 0 ||
    1180:	67 ef       	ldi	r22, 0xF7	; 247
    1182:	70 e0       	ldi	r23, 0x00	; 0
    1184:	ce 01       	movw	r24, r28
    1186:	43 96       	adiw	r24, 0x13	; 19
    1188:	0e 94 cb 07 	call	0xf96	; 0xf96 <String::String(__FlashStringHelper const*)>
    118c:	be 01       	movw	r22, r28
    118e:	6d 5e       	subi	r22, 0xED	; 237
    1190:	7f 4f       	sbci	r23, 0xFF	; 255
    1192:	ce 01       	movw	r24, r28
    1194:	8d 5b       	subi	r24, 0xBD	; 189
    1196:	9f 4f       	sbci	r25, 0xFF	; 255
    1198:	0e 94 f5 05 	call	0xbea	; 0xbea <String::indexOf(String const&) const>
waitAtAnswer():
D:\projects\arduino\figaro\OnlineGasDetector_FIGARO/SIM800L.ino:240
          text.indexOf(F("CMTI"  )) >= 0 ||
          text.indexOf(F("CME"   )) >= 0 ||
          text.indexOf(F("CPIN"  )) >= 0 ||
          text.indexOf(F("CFUN"  )) >= 0 ||
          text.indexOf(F("DST"   )) >= 0 ||
          text.indexOf(F("CTZV"  )) >= 0 ||
    119c:	c1 2c       	mov	r12, r1
    119e:	d1 2c       	mov	r13, r1
IsGsmGarbage():
D:\projects\arduino\figaro\OnlineGasDetector_FIGARO/SIM800L.ino:233
}

bool IsGsmGarbage(String text) {
  return (text.indexOf(F("Ready" )) >= 0 ||
          text.indexOf(F("Call"  )) >= 0 ||
          text.indexOf(F("RDY"   )) >= 0 ||
    11a0:	97 ff       	sbrs	r25, 7
    11a2:	e5 c0       	rjmp	.+458    	; 0x136e <waitAtAnswer()+0x37c>
D:\projects\arduino\figaro\OnlineGasDetector_FIGARO/SIM800L.ino:235
          text.indexOf(F("SMS"   )) >= 0 ||
          text.indexOf(F("CMTI"  )) >= 0 ||
    11a4:	62 ef       	ldi	r22, 0xF2	; 242
    11a6:	70 e0       	ldi	r23, 0x00	; 0
    11a8:	ce 01       	movw	r24, r28
    11aa:	49 96       	adiw	r24, 0x19	; 25
    11ac:	0e 94 cb 07 	call	0xf96	; 0xf96 <String::String(__FlashStringHelper const*)>
    11b0:	be 01       	movw	r22, r28
    11b2:	67 5e       	subi	r22, 0xE7	; 231
    11b4:	7f 4f       	sbci	r23, 0xFF	; 255
    11b6:	ce 01       	movw	r24, r28
    11b8:	8d 5b       	subi	r24, 0xBD	; 189
    11ba:	9f 4f       	sbci	r25, 0xFF	; 255
    11bc:	0e 94 f5 05 	call	0xbea	; 0xbea <String::indexOf(String const&) const>
waitAtAnswer():
D:\projects\arduino\figaro\OnlineGasDetector_FIGARO/SIM800L.ino:240
          text.indexOf(F("CME"   )) >= 0 ||
          text.indexOf(F("CPIN"  )) >= 0 ||
          text.indexOf(F("CFUN"  )) >= 0 ||
          text.indexOf(F("DST"   )) >= 0 ||
          text.indexOf(F("CTZV"  )) >= 0 ||
    11c0:	c1 2c       	mov	r12, r1
IsGsmGarbage():
D:\projects\arduino\figaro\OnlineGasDetector_FIGARO/SIM800L.ino:234

bool IsGsmGarbage(String text) {
  return (text.indexOf(F("Ready" )) >= 0 ||
          text.indexOf(F("Call"  )) >= 0 ||
          text.indexOf(F("RDY"   )) >= 0 ||
          text.indexOf(F("SMS"   )) >= 0 ||
    11c2:	97 ff       	sbrs	r25, 7
    11c4:	d2 c0       	rjmp	.+420    	; 0x136a <waitAtAnswer()+0x378>
D:\projects\arduino\figaro\OnlineGasDetector_FIGARO/SIM800L.ino:236
          text.indexOf(F("CMTI"  )) >= 0 ||
          text.indexOf(F("CME"   )) >= 0 ||
    11c6:	6e ee       	ldi	r22, 0xEE	; 238
    11c8:	70 e0       	ldi	r23, 0x00	; 0
    11ca:	ce 01       	movw	r24, r28
    11cc:	4f 96       	adiw	r24, 0x1f	; 31
    11ce:	0e 94 cb 07 	call	0xf96	; 0xf96 <String::String(__FlashStringHelper const*)>
    11d2:	be 01       	movw	r22, r28
    11d4:	61 5e       	subi	r22, 0xE1	; 225
    11d6:	7f 4f       	sbci	r23, 0xFF	; 255
    11d8:	ce 01       	movw	r24, r28
    11da:	8d 5b       	subi	r24, 0xBD	; 189
    11dc:	9f 4f       	sbci	r25, 0xFF	; 255
    11de:	0e 94 f5 05 	call	0xbea	; 0xbea <String::indexOf(String const&) const>
waitAtAnswer():
D:\projects\arduino\figaro\OnlineGasDetector_FIGARO/SIM800L.ino:235
bool IsGsmGarbage(String text) {
  return (text.indexOf(F("Ready" )) >= 0 ||
          text.indexOf(F("Call"  )) >= 0 ||
          text.indexOf(F("RDY"   )) >= 0 ||
          text.indexOf(F("SMS"   )) >= 0 ||
          text.indexOf(F("CMTI"  )) >= 0 ||
    11e2:	cc 24       	eor	r12, r12
    11e4:	c3 94       	inc	r12
IsGsmGarbage():
    11e6:	97 ff       	sbrs	r25, 7
    11e8:	c0 c0       	rjmp	.+384    	; 0x136a <waitAtAnswer()+0x378>
D:\projects\arduino\figaro\OnlineGasDetector_FIGARO/SIM800L.ino:237
          text.indexOf(F("CME"   )) >= 0 ||
          text.indexOf(F("CPIN"  )) >= 0 ||
    11ea:	69 ee       	ldi	r22, 0xE9	; 233
    11ec:	70 e0       	ldi	r23, 0x00	; 0
    11ee:	ce 01       	movw	r24, r28
    11f0:	85 96       	adiw	r24, 0x25	; 37
    11f2:	0e 94 cb 07 	call	0xf96	; 0xf96 <String::String(__FlashStringHelper const*)>
    11f6:	be 01       	movw	r22, r28
    11f8:	6b 5d       	subi	r22, 0xDB	; 219
    11fa:	7f 4f       	sbci	r23, 0xFF	; 255
    11fc:	ce 01       	movw	r24, r28
    11fe:	8d 5b       	subi	r24, 0xBD	; 189
    1200:	9f 4f       	sbci	r25, 0xFF	; 255
    1202:	0e 94 f5 05 	call	0xbea	; 0xbea <String::indexOf(String const&) const>
D:\projects\arduino\figaro\OnlineGasDetector_FIGARO/SIM800L.ino:236
  return (text.indexOf(F("Ready" )) >= 0 ||
          text.indexOf(F("Call"  )) >= 0 ||
          text.indexOf(F("RDY"   )) >= 0 ||
          text.indexOf(F("SMS"   )) >= 0 ||
          text.indexOf(F("CMTI"  )) >= 0 ||
          text.indexOf(F("CME"   )) >= 0 ||
    1206:	97 ff       	sbrs	r25, 7
    1208:	b7 c0       	rjmp	.+366    	; 0x1378 <waitAtAnswer()+0x386>
D:\projects\arduino\figaro\OnlineGasDetector_FIGARO/SIM800L.ino:238
          text.indexOf(F("CPIN"  )) >= 0 ||
          text.indexOf(F("CFUN"  )) >= 0 ||
    120a:	64 ee       	ldi	r22, 0xE4	; 228
    120c:	70 e0       	ldi	r23, 0x00	; 0
    120e:	ce 01       	movw	r24, r28
    1210:	8b 96       	adiw	r24, 0x2b	; 43
    1212:	0e 94 cb 07 	call	0xf96	; 0xf96 <String::String(__FlashStringHelper const*)>
    1216:	be 01       	movw	r22, r28
    1218:	65 5d       	subi	r22, 0xD5	; 213
    121a:	7f 4f       	sbci	r23, 0xFF	; 255
    121c:	ce 01       	movw	r24, r28
    121e:	8d 5b       	subi	r24, 0xBD	; 189
    1220:	9f 4f       	sbci	r25, 0xFF	; 255
    1222:	0e 94 f5 05 	call	0xbea	; 0xbea <String::indexOf(String const&) const>
D:\projects\arduino\figaro\OnlineGasDetector_FIGARO/SIM800L.ino:240
          text.indexOf(F("DST"   )) >= 0 ||
          text.indexOf(F("CTZV"  )) >= 0 ||
    1226:	11 e0       	ldi	r17, 0x01	; 1
D:\projects\arduino\figaro\OnlineGasDetector_FIGARO/SIM800L.ino:237
          text.indexOf(F("Call"  )) >= 0 ||
          text.indexOf(F("RDY"   )) >= 0 ||
          text.indexOf(F("SMS"   )) >= 0 ||
          text.indexOf(F("CMTI"  )) >= 0 ||
          text.indexOf(F("CME"   )) >= 0 ||
          text.indexOf(F("CPIN"  )) >= 0 ||
    1228:	97 ff       	sbrs	r25, 7
    122a:	41 c0       	rjmp	.+130    	; 0x12ae <waitAtAnswer()+0x2bc>
D:\projects\arduino\figaro\OnlineGasDetector_FIGARO/SIM800L.ino:239
          text.indexOf(F("CFUN"  )) >= 0 ||
          text.indexOf(F("DST"   )) >= 0 ||
    122c:	60 ee       	ldi	r22, 0xE0	; 224
    122e:	70 e0       	ldi	r23, 0x00	; 0
    1230:	ce 01       	movw	r24, r28
    1232:	c1 96       	adiw	r24, 0x31	; 49
    1234:	0e 94 cb 07 	call	0xf96	; 0xf96 <String::String(__FlashStringHelper const*)>
    1238:	be 01       	movw	r22, r28
    123a:	6f 5c       	subi	r22, 0xCF	; 207
    123c:	7f 4f       	sbci	r23, 0xFF	; 255
    123e:	ce 01       	movw	r24, r28
    1240:	8d 5b       	subi	r24, 0xBD	; 189
    1242:	9f 4f       	sbci	r25, 0xFF	; 255
    1244:	0e 94 f5 05 	call	0xbea	; 0xbea <String::indexOf(String const&) const>
D:\projects\arduino\figaro\OnlineGasDetector_FIGARO/SIM800L.ino:240
          text.indexOf(F("CTZV"  )) >= 0 ||
    1248:	11 e0       	ldi	r17, 0x01	; 1
D:\projects\arduino\figaro\OnlineGasDetector_FIGARO/SIM800L.ino:238
          text.indexOf(F("RDY"   )) >= 0 ||
          text.indexOf(F("SMS"   )) >= 0 ||
          text.indexOf(F("CMTI"  )) >= 0 ||
          text.indexOf(F("CME"   )) >= 0 ||
          text.indexOf(F("CPIN"  )) >= 0 ||
          text.indexOf(F("CFUN"  )) >= 0 ||
    124a:	97 ff       	sbrs	r25, 7
    124c:	2c c0       	rjmp	.+88     	; 0x12a6 <waitAtAnswer()+0x2b4>
D:\projects\arduino\figaro\OnlineGasDetector_FIGARO/SIM800L.ino:240
          text.indexOf(F("DST"   )) >= 0 ||
          text.indexOf(F("CTZV"  )) >= 0 ||
    124e:	6b ed       	ldi	r22, 0xDB	; 219
    1250:	70 e0       	ldi	r23, 0x00	; 0
    1252:	ce 01       	movw	r24, r28
    1254:	c7 96       	adiw	r24, 0x37	; 55
    1256:	0e 94 cb 07 	call	0xf96	; 0xf96 <String::String(__FlashStringHelper const*)>
    125a:	be 01       	movw	r22, r28
    125c:	69 5c       	subi	r22, 0xC9	; 201
    125e:	7f 4f       	sbci	r23, 0xFF	; 255
    1260:	ce 01       	movw	r24, r28
    1262:	8d 5b       	subi	r24, 0xBD	; 189
    1264:	9f 4f       	sbci	r25, 0xFF	; 255
    1266:	0e 94 f5 05 	call	0xbea	; 0xbea <String::indexOf(String const&) const>
D:\projects\arduino\figaro\OnlineGasDetector_FIGARO/SIM800L.ino:239
          text.indexOf(F("SMS"   )) >= 0 ||
          text.indexOf(F("CMTI"  )) >= 0 ||
          text.indexOf(F("CME"   )) >= 0 ||
          text.indexOf(F("CPIN"  )) >= 0 ||
          text.indexOf(F("CFUN"  )) >= 0 ||
          text.indexOf(F("DST"   )) >= 0 ||
    126a:	11 e0       	ldi	r17, 0x01	; 1
    126c:	97 ff       	sbrs	r25, 7
    126e:	17 c0       	rjmp	.+46     	; 0x129e <waitAtAnswer()+0x2ac>
D:\projects\arduino\figaro\OnlineGasDetector_FIGARO/SIM800L.ino:241
          text.indexOf(F("CTZV"  )) >= 0 ||
          text.indexOf(F("PSUTTZ")) >= 0);
    1270:	64 ed       	ldi	r22, 0xD4	; 212
    1272:	70 e0       	ldi	r23, 0x00	; 0
    1274:	ce 01       	movw	r24, r28
    1276:	cd 96       	adiw	r24, 0x3d	; 61
    1278:	0e 94 cb 07 	call	0xf96	; 0xf96 <String::String(__FlashStringHelper const*)>
    127c:	be 01       	movw	r22, r28
    127e:	63 5c       	subi	r22, 0xC3	; 195
    1280:	7f 4f       	sbci	r23, 0xFF	; 255
    1282:	ce 01       	movw	r24, r28
    1284:	8d 5b       	subi	r24, 0xBD	; 189
    1286:	9f 4f       	sbci	r25, 0xFF	; 255
    1288:	0e 94 f5 05 	call	0xbea	; 0xbea <String::indexOf(String const&) const>
D:\projects\arduino\figaro\OnlineGasDetector_FIGARO/SIM800L.ino:240
          text.indexOf(F("CMTI"  )) >= 0 ||
          text.indexOf(F("CME"   )) >= 0 ||
          text.indexOf(F("CPIN"  )) >= 0 ||
          text.indexOf(F("CFUN"  )) >= 0 ||
          text.indexOf(F("DST"   )) >= 0 ||
          text.indexOf(F("CTZV"  )) >= 0 ||
    128c:	90 95       	com	r25
    128e:	19 2f       	mov	r17, r25
    1290:	11 1f       	adc	r17, r17
    1292:	11 27       	eor	r17, r17
    1294:	11 1f       	adc	r17, r17
D:\projects\arduino\figaro\OnlineGasDetector_FIGARO/SIM800L.ino:241
          text.indexOf(F("PSUTTZ")) >= 0);
    1296:	ce 01       	movw	r24, r28
    1298:	cd 96       	adiw	r24, 0x3d	; 61
    129a:	0e 94 60 06 	call	0xcc0	; 0xcc0 <String::~String()>
D:\projects\arduino\figaro\OnlineGasDetector_FIGARO/SIM800L.ino:240
          text.indexOf(F("CMTI"  )) >= 0 ||
          text.indexOf(F("CME"   )) >= 0 ||
          text.indexOf(F("CPIN"  )) >= 0 ||
          text.indexOf(F("CFUN"  )) >= 0 ||
          text.indexOf(F("DST"   )) >= 0 ||
          text.indexOf(F("CTZV"  )) >= 0 ||
    129e:	ce 01       	movw	r24, r28
    12a0:	c7 96       	adiw	r24, 0x37	; 55
    12a2:	0e 94 60 06 	call	0xcc0	; 0xcc0 <String::~String()>
D:\projects\arduino\figaro\OnlineGasDetector_FIGARO/SIM800L.ino:239
          text.indexOf(F("SMS"   )) >= 0 ||
          text.indexOf(F("CMTI"  )) >= 0 ||
          text.indexOf(F("CME"   )) >= 0 ||
          text.indexOf(F("CPIN"  )) >= 0 ||
          text.indexOf(F("CFUN"  )) >= 0 ||
          text.indexOf(F("DST"   )) >= 0 ||
    12a6:	ce 01       	movw	r24, r28
    12a8:	c1 96       	adiw	r24, 0x31	; 49
    12aa:	0e 94 60 06 	call	0xcc0	; 0xcc0 <String::~String()>
D:\projects\arduino\figaro\OnlineGasDetector_FIGARO/SIM800L.ino:238
          text.indexOf(F("RDY"   )) >= 0 ||
          text.indexOf(F("SMS"   )) >= 0 ||
          text.indexOf(F("CMTI"  )) >= 0 ||
          text.indexOf(F("CME"   )) >= 0 ||
          text.indexOf(F("CPIN"  )) >= 0 ||
          text.indexOf(F("CFUN"  )) >= 0 ||
    12ae:	ce 01       	movw	r24, r28
    12b0:	8b 96       	adiw	r24, 0x2b	; 43
    12b2:	0e 94 60 06 	call	0xcc0	; 0xcc0 <String::~String()>
    12b6:	01 e0       	ldi	r16, 0x01	; 1
    12b8:	ff 24       	eor	r15, r15
    12ba:	f3 94       	inc	r15
    12bc:	ee 24       	eor	r14, r14
    12be:	e3 94       	inc	r14
    12c0:	dd 24       	eor	r13, r13
    12c2:	d3 94       	inc	r13
    12c4:	cc 24       	eor	r12, r12
    12c6:	c3 94       	inc	r12
D:\projects\arduino\figaro\OnlineGasDetector_FIGARO/SIM800L.ino:237
          text.indexOf(F("Call"  )) >= 0 ||
          text.indexOf(F("RDY"   )) >= 0 ||
          text.indexOf(F("SMS"   )) >= 0 ||
          text.indexOf(F("CMTI"  )) >= 0 ||
          text.indexOf(F("CME"   )) >= 0 ||
          text.indexOf(F("CPIN"  )) >= 0 ||
    12c8:	ce 01       	movw	r24, r28
    12ca:	85 96       	adiw	r24, 0x25	; 37
    12cc:	0e 94 60 06 	call	0xcc0	; 0xcc0 <String::~String()>
D:\projects\arduino\figaro\OnlineGasDetector_FIGARO/SIM800L.ino:236
  return (text.indexOf(F("Ready" )) >= 0 ||
          text.indexOf(F("Call"  )) >= 0 ||
          text.indexOf(F("RDY"   )) >= 0 ||
          text.indexOf(F("SMS"   )) >= 0 ||
          text.indexOf(F("CMTI"  )) >= 0 ||
          text.indexOf(F("CME"   )) >= 0 ||
    12d0:	cc 20       	and	r12, r12
    12d2:	21 f0       	breq	.+8      	; 0x12dc <waitAtAnswer()+0x2ea>
    12d4:	ce 01       	movw	r24, r28
    12d6:	4f 96       	adiw	r24, 0x1f	; 31
    12d8:	0e 94 60 06 	call	0xcc0	; 0xcc0 <String::~String()>
D:\projects\arduino\figaro\OnlineGasDetector_FIGARO/SIM800L.ino:235
bool IsGsmGarbage(String text) {
  return (text.indexOf(F("Ready" )) >= 0 ||
          text.indexOf(F("Call"  )) >= 0 ||
          text.indexOf(F("RDY"   )) >= 0 ||
          text.indexOf(F("SMS"   )) >= 0 ||
          text.indexOf(F("CMTI"  )) >= 0 ||
    12dc:	dd 20       	and	r13, r13
    12de:	21 f0       	breq	.+8      	; 0x12e8 <waitAtAnswer()+0x2f6>
    12e0:	ce 01       	movw	r24, r28
    12e2:	49 96       	adiw	r24, 0x19	; 25
    12e4:	0e 94 60 06 	call	0xcc0	; 0xcc0 <String::~String()>
D:\projects\arduino\figaro\OnlineGasDetector_FIGARO/SIM800L.ino:234

bool IsGsmGarbage(String text) {
  return (text.indexOf(F("Ready" )) >= 0 ||
          text.indexOf(F("Call"  )) >= 0 ||
          text.indexOf(F("RDY"   )) >= 0 ||
          text.indexOf(F("SMS"   )) >= 0 ||
    12e8:	ee 20       	and	r14, r14
    12ea:	21 f0       	breq	.+8      	; 0x12f4 <waitAtAnswer()+0x302>
    12ec:	ce 01       	movw	r24, r28
    12ee:	43 96       	adiw	r24, 0x13	; 19
    12f0:	0e 94 60 06 	call	0xcc0	; 0xcc0 <String::~String()>
D:\projects\arduino\figaro\OnlineGasDetector_FIGARO/SIM800L.ino:233
}

bool IsGsmGarbage(String text) {
  return (text.indexOf(F("Ready" )) >= 0 ||
          text.indexOf(F("Call"  )) >= 0 ||
          text.indexOf(F("RDY"   )) >= 0 ||
    12f4:	ff 20       	and	r15, r15
    12f6:	21 f0       	breq	.+8      	; 0x1300 <waitAtAnswer()+0x30e>
    12f8:	ce 01       	movw	r24, r28
    12fa:	0d 96       	adiw	r24, 0x0d	; 13
    12fc:	0e 94 60 06 	call	0xcc0	; 0xcc0 <String::~String()>
D:\projects\arduino\figaro\OnlineGasDetector_FIGARO/SIM800L.ino:232
  return response;
}

bool IsGsmGarbage(String text) {
  return (text.indexOf(F("Ready" )) >= 0 ||
          text.indexOf(F("Call"  )) >= 0 ||
    1300:	00 23       	and	r16, r16
    1302:	21 f0       	breq	.+8      	; 0x130c <waitAtAnswer()+0x31a>
    1304:	ce 01       	movw	r24, r28
    1306:	07 96       	adiw	r24, 0x07	; 7
    1308:	0e 94 60 06 	call	0xcc0	; 0xcc0 <String::~String()>
D:\projects\arduino\figaro\OnlineGasDetector_FIGARO/SIM800L.ino:231
  } while (response.indexOf(F("OK")) == -1 && IsGsmGarbage(response));
  return response;
}

bool IsGsmGarbage(String text) {
  return (text.indexOf(F("Ready" )) >= 0 ||
    130c:	ce 01       	movw	r24, r28
    130e:	01 96       	adiw	r24, 0x01	; 1
    1310:	0e 94 60 06 	call	0xcc0	; 0xcc0 <String::~String()>
waitAtAnswer():
D:\projects\arduino\figaro\OnlineGasDetector_FIGARO/SIM800L.ino:226
      delay(250);
      waitCount++;
    }
    response = SIM800L.readString();
    Serial.println(response);
  } while (response.indexOf(F("OK")) == -1 && IsGsmGarbage(response));
    1314:	ce 01       	movw	r24, r28
    1316:	8d 5b       	subi	r24, 0xBD	; 189
    1318:	9f 4f       	sbci	r25, 0xFF	; 255
    131a:	0e 94 60 06 	call	0xcc0	; 0xcc0 <String::~String()>
    131e:	ce 01       	movw	r24, r28
    1320:	87 5b       	subi	r24, 0xB7	; 183
    1322:	9f 4f       	sbci	r25, 0xFF	; 255
    1324:	0e 94 60 06 	call	0xcc0	; 0xcc0 <String::~String()>
    1328:	11 11       	cpse	r17, r1
    132a:	7e ce       	rjmp	.-772    	; 0x1028 <waitAtAnswer()+0x36>
_ZN6String4initEv():
C:\Users\luci\AppData\Local\Arduino15\packages\MiniCore\hardware\avr\3.1.1\cores\MCUdude_corefiles/WString.cpp:134
/*  Memory Management                        */
/*********************************************/

inline void String::init(void)
{
  buffer = NULL;
    132c:	f5 01       	movw	r30, r10
    132e:	11 82       	std	Z+1, r1	; 0x01
    1330:	10 82       	st	Z, r1
C:\Users\luci\AppData\Local\Arduino15\packages\MiniCore\hardware\avr\3.1.1\cores\MCUdude_corefiles/WString.cpp:135
  capacity = 0;
    1332:	13 82       	std	Z+3, r1	; 0x03
    1334:	12 82       	std	Z+2, r1	; 0x02
C:\Users\luci\AppData\Local\Arduino15\packages\MiniCore\hardware\avr\3.1.1\cores\MCUdude_corefiles/WString.cpp:136
  len = 0;
    1336:	15 82       	std	Z+5, r1	; 0x05
    1338:	14 82       	std	Z+4, r1	; 0x04
__base_ctor ():
C:\Users\luci\AppData\Local\Arduino15\packages\MiniCore\hardware\avr\3.1.1\cores\MCUdude_corefiles/WString.cpp:50

#if __cplusplus >= 201103L || defined(__GXX_EXPERIMENTAL_CXX0X__)
String::String(String &&rval)
{
  init();
  move(rval);
    133a:	be 01       	movw	r22, r28
    133c:	61 5b       	subi	r22, 0xB1	; 177
    133e:	7f 4f       	sbci	r23, 0xFF	; 255
    1340:	c5 01       	movw	r24, r10
    1342:	0e 94 15 06 	call	0xc2a	; 0xc2a <String::move(String&)>
    1346:	86 ce       	rjmp	.-756    	; 0x1054 <waitAtAnswer()+0x62>
waitAtAnswer():
D:\projects\arduino\figaro\OnlineGasDetector_FIGARO/SIM800L.ino:240
          text.indexOf(F("CMTI"  )) >= 0 ||
          text.indexOf(F("CME"   )) >= 0 ||
          text.indexOf(F("CPIN"  )) >= 0 ||
          text.indexOf(F("CFUN"  )) >= 0 ||
          text.indexOf(F("DST"   )) >= 0 ||
          text.indexOf(F("CTZV"  )) >= 0 ||
    1348:	c1 2c       	mov	r12, r1
    134a:	d1 2c       	mov	r13, r1
    134c:	e1 2c       	mov	r14, r1
    134e:	f1 2c       	mov	r15, r1
    1350:	00 e0       	ldi	r16, 0x00	; 0
    1352:	80 e0       	ldi	r24, 0x00	; 0
IsGsmGarbage():
D:\projects\arduino\figaro\OnlineGasDetector_FIGARO/SIM800L.ino:239
          text.indexOf(F("SMS"   )) >= 0 ||
          text.indexOf(F("CMTI"  )) >= 0 ||
          text.indexOf(F("CME"   )) >= 0 ||
          text.indexOf(F("CPIN"  )) >= 0 ||
          text.indexOf(F("CFUN"  )) >= 0 ||
          text.indexOf(F("DST"   )) >= 0 ||
    1354:	11 e0       	ldi	r17, 0x01	; 1
D:\projects\arduino\figaro\OnlineGasDetector_FIGARO/SIM800L.ino:237
          text.indexOf(F("Call"  )) >= 0 ||
          text.indexOf(F("RDY"   )) >= 0 ||
          text.indexOf(F("SMS"   )) >= 0 ||
          text.indexOf(F("CMTI"  )) >= 0 ||
          text.indexOf(F("CME"   )) >= 0 ||
          text.indexOf(F("CPIN"  )) >= 0 ||
    1356:	88 23       	and	r24, r24
    1358:	09 f4       	brne	.+2      	; 0x135c <waitAtAnswer()+0x36a>
    135a:	ba cf       	rjmp	.-140    	; 0x12d0 <waitAtAnswer()+0x2de>
    135c:	b5 cf       	rjmp	.-150    	; 0x12c8 <waitAtAnswer()+0x2d6>
waitAtAnswer():
D:\projects\arduino\figaro\OnlineGasDetector_FIGARO/SIM800L.ino:240
          text.indexOf(F("CFUN"  )) >= 0 ||
          text.indexOf(F("DST"   )) >= 0 ||
          text.indexOf(F("CTZV"  )) >= 0 ||
    135e:	c1 2c       	mov	r12, r1
    1360:	d1 2c       	mov	r13, r1
    1362:	e1 2c       	mov	r14, r1
    1364:	f1 2c       	mov	r15, r1
D:\projects\arduino\figaro\OnlineGasDetector_FIGARO/SIM800L.ino:231
  } while (response.indexOf(F("OK")) == -1 && IsGsmGarbage(response));
  return response;
}

bool IsGsmGarbage(String text) {
  return (text.indexOf(F("Ready" )) >= 0 ||
    1366:	01 e0       	ldi	r16, 0x01	; 1
    1368:	f4 cf       	rjmp	.-24     	; 0x1352 <waitAtAnswer()+0x360>
D:\projects\arduino\figaro\OnlineGasDetector_FIGARO/SIM800L.ino:234
          text.indexOf(F("Call"  )) >= 0 ||
          text.indexOf(F("RDY"   )) >= 0 ||
          text.indexOf(F("SMS"   )) >= 0 ||
    136a:	dd 24       	eor	r13, r13
    136c:	d3 94       	inc	r13
D:\projects\arduino\figaro\OnlineGasDetector_FIGARO/SIM800L.ino:233
}

bool IsGsmGarbage(String text) {
  return (text.indexOf(F("Ready" )) >= 0 ||
          text.indexOf(F("Call"  )) >= 0 ||
          text.indexOf(F("RDY"   )) >= 0 ||
    136e:	ee 24       	eor	r14, r14
    1370:	e3 94       	inc	r14
D:\projects\arduino\figaro\OnlineGasDetector_FIGARO/SIM800L.ino:232
  return response;
}

bool IsGsmGarbage(String text) {
  return (text.indexOf(F("Ready" )) >= 0 ||
          text.indexOf(F("Call"  )) >= 0 ||
    1372:	ff 24       	eor	r15, r15
    1374:	f3 94       	inc	r15
    1376:	f7 cf       	rjmp	.-18     	; 0x1366 <waitAtAnswer()+0x374>
D:\projects\arduino\figaro\OnlineGasDetector_FIGARO/SIM800L.ino:235
          text.indexOf(F("RDY"   )) >= 0 ||
          text.indexOf(F("SMS"   )) >= 0 ||
          text.indexOf(F("CMTI"  )) >= 0 ||
    1378:	cc 24       	eor	r12, r12
    137a:	c3 94       	inc	r12
D:\projects\arduino\figaro\OnlineGasDetector_FIGARO/SIM800L.ino:234

bool IsGsmGarbage(String text) {
  return (text.indexOf(F("Ready" )) >= 0 ||
          text.indexOf(F("Call"  )) >= 0 ||
          text.indexOf(F("RDY"   )) >= 0 ||
          text.indexOf(F("SMS"   )) >= 0 ||
    137c:	dd 24       	eor	r13, r13
    137e:	d3 94       	inc	r13
D:\projects\arduino\figaro\OnlineGasDetector_FIGARO/SIM800L.ino:233
}

bool IsGsmGarbage(String text) {
  return (text.indexOf(F("Ready" )) >= 0 ||
          text.indexOf(F("Call"  )) >= 0 ||
          text.indexOf(F("RDY"   )) >= 0 ||
    1380:	ee 24       	eor	r14, r14
    1382:	e3 94       	inc	r14
D:\projects\arduino\figaro\OnlineGasDetector_FIGARO/SIM800L.ino:232
  return response;
}

bool IsGsmGarbage(String text) {
  return (text.indexOf(F("Ready" )) >= 0 ||
          text.indexOf(F("Call"  )) >= 0 ||
    1384:	ff 24       	eor	r15, r15
    1386:	f3 94       	inc	r15
D:\projects\arduino\figaro\OnlineGasDetector_FIGARO/SIM800L.ino:231
  } while (response.indexOf(F("OK")) == -1 && IsGsmGarbage(response));
  return response;
}

bool IsGsmGarbage(String text) {
  return (text.indexOf(F("Ready" )) >= 0 ||
    1388:	01 e0       	ldi	r16, 0x01	; 1
D:\projects\arduino\figaro\OnlineGasDetector_FIGARO/SIM800L.ino:236
          text.indexOf(F("Call"  )) >= 0 ||
          text.indexOf(F("RDY"   )) >= 0 ||
          text.indexOf(F("SMS"   )) >= 0 ||
          text.indexOf(F("CMTI"  )) >= 0 ||
          text.indexOf(F("CME"   )) >= 0 ||
    138a:	81 e0       	ldi	r24, 0x01	; 1
    138c:	e3 cf       	rjmp	.-58     	; 0x1354 <waitAtAnswer()+0x362>

0000138e <sendAtCommand(String, bool)>:
sendAtCommand():
D:\projects\arduino\figaro\OnlineGasDetector_FIGARO/SIM800L.ino:244
          text.indexOf(F("DST"   )) >= 0 ||
          text.indexOf(F("CTZV"  )) >= 0 ||
          text.indexOf(F("PSUTTZ")) >= 0);
}

String sendAtCommand(String command, bool waitFeedback) {
    138e:	ff 92       	push	r15
    1390:	0f 93       	push	r16
    1392:	1f 93       	push	r17
    1394:	cf 93       	push	r28
    1396:	df 93       	push	r29
    1398:	8c 01       	movw	r16, r24
    139a:	eb 01       	movw	r28, r22
    139c:	f4 2e       	mov	r15, r20
equals():
C:\Users\luci\AppData\Local\Arduino15\packages\MiniCore\hardware\avr\3.1.1\cores\MCUdude_corefiles/WString.cpp:452
  return (len == s2.len && compareTo(s2) == 0);
}

unsigned char String::equals(const char *cstr) const
{
  if (len == 0) return (cstr == NULL || *cstr == 0);
    139e:	8c 81       	ldd	r24, Y+4	; 0x04
    13a0:	9d 81       	ldd	r25, Y+5	; 0x05
    13a2:	89 2b       	or	r24, r25
    13a4:	51 f4       	brne	.+20     	; 0x13ba <sendAtCommand(String, bool)+0x2c>
sendAtCommand():
D:\projects\arduino\figaro\OnlineGasDetector_FIGARO/SIM800L.ino:254
    Serial.println(command);
    SIM800L.println(command);
  }

  if (waitFeedback)
    return waitAtAnswer();
    13a6:	c8 01       	movw	r24, r16
    13a8:	0e 94 f9 07 	call	0xff2	; 0xff2 <waitAtAnswer()>
D:\projects\arduino\figaro\OnlineGasDetector_FIGARO/SIM800L.ino:256
  return "";
}
    13ac:	c8 01       	movw	r24, r16
    13ae:	df 91       	pop	r29
    13b0:	cf 91       	pop	r28
    13b2:	1f 91       	pop	r17
    13b4:	0f 91       	pop	r16
    13b6:	ff 90       	pop	r15
    13b8:	08 95       	ret
equals():
C:\Users\luci\AppData\Local\Arduino15\packages\MiniCore\hardware\avr\3.1.1\cores\MCUdude_corefiles/WString.cpp:454
  if (cstr == NULL) return buffer[0] == 0;
  return strcmp(buffer, cstr) == 0;
    13ba:	e8 81       	ld	r30, Y
    13bc:	f9 81       	ldd	r31, Y+1	; 0x01
sendAtCommand():
D:\projects\arduino\figaro\OnlineGasDetector_FIGARO/SIM800L.ino:245
          text.indexOf(F("CTZV"  )) >= 0 ||
          text.indexOf(F("PSUTTZ")) >= 0);
}

String sendAtCommand(String command, bool waitFeedback) {
  if (command == "") {
    13be:	80 81       	ld	r24, Z
    13c0:	88 23       	and	r24, r24
    13c2:	89 f3       	breq	.-30     	; 0x13a6 <sendAtCommand(String, bool)+0x18>
D:\projects\arduino\figaro\OnlineGasDetector_FIGARO/SIM800L.ino:248
    waitFeedback = true;
  } else {
    Serial.println(F("--------"));
    13c4:	85 e1       	ldi	r24, 0x15	; 21
    13c6:	91 e0       	ldi	r25, 0x01	; 1
    13c8:	0e 94 4f 05 	call	0xa9e	; 0xa9e <Print::println(__FlashStringHelper const*) [clone .constprop.8]>
D:\projects\arduino\figaro\OnlineGasDetector_FIGARO/SIM800L.ino:249
    Serial.println(command);
    13cc:	be 01       	movw	r22, r28
    13ce:	88 ed       	ldi	r24, 0xD8	; 216
    13d0:	93 e0       	ldi	r25, 0x03	; 3
    13d2:	0e 94 5f 05 	call	0xabe	; 0xabe <Print::println(String const&)>
D:\projects\arduino\figaro\OnlineGasDetector_FIGARO/SIM800L.ino:250
    SIM800L.println(command);
    13d6:	be 01       	movw	r22, r28
    13d8:	8b e7       	ldi	r24, 0x7B	; 123
    13da:	94 e0       	ldi	r25, 0x04	; 4
    13dc:	0e 94 5f 05 	call	0xabe	; 0xabe <Print::println(String const&)>
D:\projects\arduino\figaro\OnlineGasDetector_FIGARO/SIM800L.ino:253
  }

  if (waitFeedback)
    13e0:	f1 10       	cpse	r15, r1
    13e2:	e1 cf       	rjmp	.-62     	; 0x13a6 <sendAtCommand(String, bool)+0x18>
D:\projects\arduino\figaro\OnlineGasDetector_FIGARO/SIM800L.ino:255
    return waitAtAnswer();
  return "";
    13e4:	64 e4       	ldi	r22, 0x44	; 68
    13e6:	71 e0       	ldi	r23, 0x01	; 1
    13e8:	c8 01       	movw	r24, r16
    13ea:	0e 94 65 07 	call	0xeca	; 0xeca <String::String(char const*)>
    13ee:	de cf       	rjmp	.-68     	; 0x13ac <sendAtCommand(String, bool)+0x1e>

000013f0 <SendSMS(bool, String)>:
SendSMS():
D:\projects\arduino\figaro\OnlineGasDetector_FIGARO/SIM800L.ino:90
      delay(2000);
    }
  }
}

bool SendSMS(bool isTestMode, String phoneNumber) {
    13f0:	cf 92       	push	r12
    13f2:	df 92       	push	r13
    13f4:	ef 92       	push	r14
    13f6:	ff 92       	push	r15
    13f8:	1f 93       	push	r17
    13fa:	cf 93       	push	r28
    13fc:	df 93       	push	r29
    13fe:	cd b7       	in	r28, 0x3d	; 61
    1400:	de b7       	in	r29, 0x3e	; 62
    1402:	6e 97       	sbiw	r28, 0x1e	; 30
    1404:	0f b6       	in	r0, 0x3f	; 63
    1406:	f8 94       	cli
    1408:	de bf       	out	0x3e, r29	; 62
    140a:	0f be       	out	0x3f, r0	; 63
    140c:	cd bf       	out	0x3d, r28	; 61
    140e:	18 2f       	mov	r17, r24
    1410:	7b 01       	movw	r14, r22
D:\projects\arduino\figaro\OnlineGasDetector_FIGARO/SIM800L.ino:92
  // Устанавливаем текстовый режим SMS
  String response = sendAtCommand(F("AT+CMGF=1"), true);
    1412:	6a ec       	ldi	r22, 0xCA	; 202
    1414:	70 e0       	ldi	r23, 0x00	; 0
    1416:	ce 01       	movw	r24, r28
    1418:	01 96       	adiw	r24, 0x01	; 1
    141a:	0e 94 cb 07 	call	0xf96	; 0xf96 <String::String(__FlashStringHelper const*)>
    141e:	41 e0       	ldi	r20, 0x01	; 1
    1420:	be 01       	movw	r22, r28
    1422:	6f 5f       	subi	r22, 0xFF	; 255
    1424:	7f 4f       	sbci	r23, 0xFF	; 255
    1426:	ce 01       	movw	r24, r28
    1428:	0d 96       	adiw	r24, 0x0d	; 13
    142a:	0e 94 c7 09 	call	0x138e	; 0x138e <sendAtCommand(String, bool)>
    142e:	ce 01       	movw	r24, r28
    1430:	01 96       	adiw	r24, 0x01	; 1
    1432:	0e 94 60 06 	call	0xcc0	; 0xcc0 <String::~String()>
D:\projects\arduino\figaro\OnlineGasDetector_FIGARO/SIM800L.ino:93
  if (response.indexOf(F("OK")) == -1) {
    1436:	67 ec       	ldi	r22, 0xC7	; 199
    1438:	70 e0       	ldi	r23, 0x00	; 0
    143a:	ce 01       	movw	r24, r28
    143c:	01 96       	adiw	r24, 0x01	; 1
    143e:	0e 94 cb 07 	call	0xf96	; 0xf96 <String::String(__FlashStringHelper const*)>
    1442:	be 01       	movw	r22, r28
    1444:	6f 5f       	subi	r22, 0xFF	; 255
    1446:	7f 4f       	sbci	r23, 0xFF	; 255
    1448:	ce 01       	movw	r24, r28
    144a:	0d 96       	adiw	r24, 0x0d	; 13
    144c:	0e 94 f5 05 	call	0xbea	; 0xbea <String::indexOf(String const&) const>
    1450:	6c 01       	movw	r12, r24
    1452:	ce 01       	movw	r24, r28
    1454:	01 96       	adiw	r24, 0x01	; 1
    1456:	0e 94 60 06 	call	0xcc0	; 0xcc0 <String::~String()>
    145a:	cd 20       	and	r12, r13
    145c:	c0 94       	com	r12
    145e:	c1 f4       	brne	.+48     	; 0x1490 <SendSMS(bool, String)+0xa0>
D:\projects\arduino\figaro\OnlineGasDetector_FIGARO/SIM800L.ino:94
    Serial.println(F("Failed to set SMS text mode"));
    1460:	8b ea       	ldi	r24, 0xAB	; 171
    1462:	90 e0       	ldi	r25, 0x00	; 0
    1464:	0e 94 4f 05 	call	0xa9e	; 0xa9e <Print::println(__FlashStringHelper const*) [clone .constprop.8]>
D:\projects\arduino\figaro\OnlineGasDetector_FIGARO/SIM800L.ino:95
    return false;
    1468:	10 e0       	ldi	r17, 0x00	; 0
D:\projects\arduino\figaro\OnlineGasDetector_FIGARO/SIM800L.ino:92
  }
}

bool SendSMS(bool isTestMode, String phoneNumber) {
  // Устанавливаем текстовый режим SMS
  String response = sendAtCommand(F("AT+CMGF=1"), true);
    146a:	ce 01       	movw	r24, r28
    146c:	0d 96       	adiw	r24, 0x0d	; 13
    146e:	0e 94 60 06 	call	0xcc0	; 0xcc0 <String::~String()>
D:\projects\arduino\figaro\OnlineGasDetector_FIGARO/SIM800L.ino:132
  if (response.indexOf(F("+CMGS:")) >= 0 || response.indexOf(F("OK")) >= 0) {
    return true;
  }

  return false;
}
    1472:	81 2f       	mov	r24, r17
    1474:	6e 96       	adiw	r28, 0x1e	; 30
    1476:	0f b6       	in	r0, 0x3f	; 63
    1478:	f8 94       	cli
    147a:	de bf       	out	0x3e, r29	; 62
    147c:	0f be       	out	0x3f, r0	; 63
    147e:	cd bf       	out	0x3d, r28	; 61
    1480:	df 91       	pop	r29
    1482:	cf 91       	pop	r28
    1484:	1f 91       	pop	r17
    1486:	ff 90       	pop	r15
    1488:	ef 90       	pop	r14
    148a:	df 90       	pop	r13
    148c:	cf 90       	pop	r12
    148e:	08 95       	ret
D:\projects\arduino\figaro\OnlineGasDetector_FIGARO/SIM800L.ino:98
  if (response.indexOf(F("OK")) == -1) {
    Serial.println(F("Failed to set SMS text mode"));
    return false;
  }

  delay(500);
    1490:	64 ef       	ldi	r22, 0xF4	; 244
    1492:	71 e0       	ldi	r23, 0x01	; 1
    1494:	80 e0       	ldi	r24, 0x00	; 0
    1496:	90 e0       	ldi	r25, 0x00	; 0
    1498:	0e 94 0f 02 	call	0x41e	; 0x41e <delay>
D:\projects\arduino\figaro\OnlineGasDetector_FIGARO/SIM800L.ino:100

  sendAtCommand(F("AT+CSCS=\"GSM\""), true);
    149c:	6d e9       	ldi	r22, 0x9D	; 157
    149e:	70 e0       	ldi	r23, 0x00	; 0
    14a0:	ce 01       	movw	r24, r28
    14a2:	01 96       	adiw	r24, 0x01	; 1
    14a4:	0e 94 cb 07 	call	0xf96	; 0xf96 <String::String(__FlashStringHelper const*)>
    14a8:	41 e0       	ldi	r20, 0x01	; 1
    14aa:	be 01       	movw	r22, r28
    14ac:	6f 5f       	subi	r22, 0xFF	; 255
    14ae:	7f 4f       	sbci	r23, 0xFF	; 255
    14b0:	ce 01       	movw	r24, r28
    14b2:	07 96       	adiw	r24, 0x07	; 7
    14b4:	0e 94 c7 09 	call	0x138e	; 0x138e <sendAtCommand(String, bool)>
    14b8:	ce 01       	movw	r24, r28
    14ba:	07 96       	adiw	r24, 0x07	; 7
    14bc:	0e 94 60 06 	call	0xcc0	; 0xcc0 <String::~String()>
    14c0:	ce 01       	movw	r24, r28
    14c2:	01 96       	adiw	r24, 0x01	; 1
    14c4:	0e 94 60 06 	call	0xcc0	; 0xcc0 <String::~String()>
D:\projects\arduino\figaro\OnlineGasDetector_FIGARO/SIM800L.ino:101
  delay(500);
    14c8:	64 ef       	ldi	r22, 0xF4	; 244
    14ca:	71 e0       	ldi	r23, 0x01	; 1
    14cc:	80 e0       	ldi	r24, 0x00	; 0
    14ce:	90 e0       	ldi	r25, 0x00	; 0
    14d0:	0e 94 0f 02 	call	0x41e	; 0x41e <delay>
_ZN15StringSumHelperC2EPKc():
C:\Users\luci\AppData\Local\Arduino15\packages\MiniCore\hardware\avr\3.1.1\cores\MCUdude_corefiles/WString.h:217

class StringSumHelper : public String
{
public:
  StringSumHelper(const String &s) : String(s) {}
  StringSumHelper(const char *p) : String(p) {}
    14d4:	65 e4       	ldi	r22, 0x45	; 69
    14d6:	71 e0       	ldi	r23, 0x01	; 1
    14d8:	ce 01       	movw	r24, r28
    14da:	01 96       	adiw	r24, 0x01	; 1
    14dc:	0e 94 65 07 	call	0xeca	; 0xeca <String::String(char const*)>
SendSMS():
D:\projects\arduino\figaro\OnlineGasDetector_FIGARO/SIM800L.ino:104

  // Указываем номер получателя
  String atCommand = "AT+CMGS=\"" + phoneNumber + "\"";
    14e0:	b7 01       	movw	r22, r14
    14e2:	ce 01       	movw	r24, r28
    14e4:	01 96       	adiw	r24, 0x01	; 1
    14e6:	0e 94 d2 06 	call	0xda4	; 0xda4 <operator+(StringSumHelper const&, String const&)>
    14ea:	6c e5       	ldi	r22, 0x5C	; 92
    14ec:	73 e0       	ldi	r23, 0x03	; 3
    14ee:	0e 94 bc 06 	call	0xd78	; 0xd78 <operator+(StringSumHelper const&, char const*)>
    14f2:	bc 01       	movw	r22, r24
    14f4:	ce 01       	movw	r24, r28
    14f6:	43 96       	adiw	r24, 0x13	; 19
    14f8:	0e 94 5c 07 	call	0xeb8	; 0xeb8 <String::String(String const&)>
C:\Users\luci\AppData\Local\Arduino15\packages\MiniCore\hardware\avr\3.1.1\cores\MCUdude_corefiles/WString.h:213
       #if __cplusplus >= 201103L || defined(__GXX_EXPERIMENTAL_CXX0X__)
  void move(String &rhs);
  #endif
};

class StringSumHelper : public String
    14fc:	ce 01       	movw	r24, r28
    14fe:	01 96       	adiw	r24, 0x01	; 1
    1500:	0e 94 60 06 	call	0xcc0	; 0xcc0 <String::~String()>
D:\projects\arduino\figaro\OnlineGasDetector_FIGARO/SIM800L.ino:105
  SIM800L.println(atCommand);
    1504:	be 01       	movw	r22, r28
    1506:	6d 5e       	subi	r22, 0xED	; 237
    1508:	7f 4f       	sbci	r23, 0xFF	; 255
    150a:	8b e7       	ldi	r24, 0x7B	; 123
    150c:	94 e0       	ldi	r25, 0x04	; 4
    150e:	0e 94 5f 05 	call	0xabe	; 0xabe <Print::println(String const&)>
D:\projects\arduino\figaro\OnlineGasDetector_FIGARO/SIM800L.ino:106
  Serial.println(atCommand);
    1512:	be 01       	movw	r22, r28
    1514:	6d 5e       	subi	r22, 0xED	; 237
    1516:	7f 4f       	sbci	r23, 0xFF	; 255
    1518:	88 ed       	ldi	r24, 0xD8	; 216
    151a:	93 e0       	ldi	r25, 0x03	; 3
    151c:	0e 94 5f 05 	call	0xabe	; 0xabe <Print::println(String const&)>
D:\projects\arduino\figaro\OnlineGasDetector_FIGARO/SIM800L.ino:107
  delay(1000);
    1520:	68 ee       	ldi	r22, 0xE8	; 232
    1522:	73 e0       	ldi	r23, 0x03	; 3
    1524:	80 e0       	ldi	r24, 0x00	; 0
    1526:	90 e0       	ldi	r25, 0x00	; 0
    1528:	0e 94 0f 02 	call	0x41e	; 0x41e <delay>
D:\projects\arduino\figaro\OnlineGasDetector_FIGARO/SIM800L.ino:110

  // Формируем текст сообщения
  String smsText = "";
    152c:	64 e4       	ldi	r22, 0x44	; 68
    152e:	71 e0       	ldi	r23, 0x01	; 1
    1530:	ce 01       	movw	r24, r28
    1532:	49 96       	adiw	r24, 0x19	; 25
    1534:	0e 94 65 07 	call	0xeca	; 0xeca <String::String(char const*)>
D:\projects\arduino\figaro\OnlineGasDetector_FIGARO/SIM800L.ino:112
  if (isTestMode) {
    smsText = "Test alert. CO level: " + String((int)COConcentration) + " ppm";
    1538:	60 91 b7 03 	lds	r22, 0x03B7	; 0x8003b7 <COConcentration>
    153c:	70 91 b8 03 	lds	r23, 0x03B8	; 0x8003b8 <COConcentration+0x1>
    1540:	80 91 b9 03 	lds	r24, 0x03B9	; 0x8003b9 <COConcentration+0x2>
    1544:	90 91 ba 03 	lds	r25, 0x03BA	; 0x8003ba <COConcentration+0x3>
D:\projects\arduino\figaro\OnlineGasDetector_FIGARO/SIM800L.ino:111
  Serial.println(atCommand);
  delay(1000);

  // Формируем текст сообщения
  String smsText = "";
  if (isTestMode) {
    1548:	11 23       	and	r17, r17
    154a:	09 f4       	brne	.+2      	; 0x154e <SendSMS(bool, String)+0x15e>
    154c:	83 c0       	rjmp	.+262    	; 0x1654 <SendSMS(bool, String)+0x264>
D:\projects\arduino\figaro\OnlineGasDetector_FIGARO/SIM800L.ino:112
    smsText = "Test alert. CO level: " + String((int)COConcentration) + " ppm";
    154e:	0e 94 79 18 	call	0x30f2	; 0x30f2 <__fixsfsi>
    1552:	ce 01       	movw	r24, r28
    1554:	07 96       	adiw	r24, 0x07	; 7
    1556:	0e 94 0d 07 	call	0xe1a	; 0xe1a <String::String(int, unsigned char) [clone .constprop.12]>
_ZN15StringSumHelperC2EPKc():
C:\Users\luci\AppData\Local\Arduino15\packages\MiniCore\hardware\avr\3.1.1\cores\MCUdude_corefiles/WString.h:217
{
public:
  StringSumHelper(const String &s) : String(s) {}
  StringSumHelper(const char *p) : String(p) {}
    155a:	6f e4       	ldi	r22, 0x4F	; 79
    155c:	71 e0       	ldi	r23, 0x01	; 1
    155e:	ce 01       	movw	r24, r28
    1560:	01 96       	adiw	r24, 0x01	; 1
    1562:	0e 94 65 07 	call	0xeca	; 0xeca <String::String(char const*)>
SendSMS():
D:\projects\arduino\figaro\OnlineGasDetector_FIGARO/SIM800L.ino:114
  } else {
    smsText = "ALARM! CO detected: " + String((int)COConcentration) + " ppm";
    1566:	be 01       	movw	r22, r28
    1568:	69 5f       	subi	r22, 0xF9	; 249
    156a:	7f 4f       	sbci	r23, 0xFF	; 255
    156c:	ce 01       	movw	r24, r28
    156e:	01 96       	adiw	r24, 0x01	; 1
    1570:	0e 94 d2 06 	call	0xda4	; 0xda4 <operator+(StringSumHelper const&, String const&)>
    1574:	66 e6       	ldi	r22, 0x66	; 102
    1576:	71 e0       	ldi	r23, 0x01	; 1
    1578:	0e 94 bc 06 	call	0xd78	; 0xd78 <operator+(StringSumHelper const&, char const*)>
    157c:	bc 01       	movw	r22, r24
    157e:	ce 01       	movw	r24, r28
    1580:	49 96       	adiw	r24, 0x19	; 25
    1582:	0e 94 45 07 	call	0xe8a	; 0xe8a <String::operator=(String const&)>
_ZN15StringSumHelperD2Ev():
C:\Users\luci\AppData\Local\Arduino15\packages\MiniCore\hardware\avr\3.1.1\cores\MCUdude_corefiles/WString.h:213
       #if __cplusplus >= 201103L || defined(__GXX_EXPERIMENTAL_CXX0X__)
  void move(String &rhs);
  #endif
};

class StringSumHelper : public String
    1586:	ce 01       	movw	r24, r28
    1588:	01 96       	adiw	r24, 0x01	; 1
    158a:	0e 94 60 06 	call	0xcc0	; 0xcc0 <String::~String()>
SendSMS():
D:\projects\arduino\figaro\OnlineGasDetector_FIGARO/SIM800L.ino:114
    158e:	ce 01       	movw	r24, r28
    1590:	07 96       	adiw	r24, 0x07	; 7
    1592:	0e 94 60 06 	call	0xcc0	; 0xcc0 <String::~String()>
write():
C:\Users\luci\AppData\Local\Arduino15\packages\MiniCore\hardware\avr\3.1.1\cores\MCUdude_corefiles/Print.h:58
    1596:	4d 8d       	ldd	r20, Y+29	; 0x1d
    1598:	5e 8d       	ldd	r21, Y+30	; 0x1e
    159a:	69 8d       	ldd	r22, Y+25	; 0x19
    159c:	7a 8d       	ldd	r23, Y+26	; 0x1a
    159e:	8b e7       	ldi	r24, 0x7B	; 123
    15a0:	94 e0       	ldi	r25, 0x04	; 4
    15a2:	0e 94 58 02 	call	0x4b0	; 0x4b0 <Print::write(unsigned char const*, unsigned int)>
SendSMS():
D:\projects\arduino\figaro\OnlineGasDetector_FIGARO/SIM800L.ino:118
  }

  SIM800L.print(smsText);
  delay(500);
    15a6:	64 ef       	ldi	r22, 0xF4	; 244
    15a8:	71 e0       	ldi	r23, 0x01	; 1
    15aa:	80 e0       	ldi	r24, 0x00	; 0
    15ac:	90 e0       	ldi	r25, 0x00	; 0
    15ae:	0e 94 0f 02 	call	0x41e	; 0x41e <delay>
D:\projects\arduino\figaro\OnlineGasDetector_FIGARO/SIM800L.ino:121

  // Ctrl+Z — завершение SMS
  SIM800L.write(0x1A);
    15b2:	6a e1       	ldi	r22, 0x1A	; 26
    15b4:	8b e7       	ldi	r24, 0x7B	; 123
    15b6:	94 e0       	ldi	r25, 0x04	; 4
    15b8:	0e 94 99 03 	call	0x732	; 0x732 <SoftwareSerial::write(unsigned char)>
D:\projects\arduino\figaro\OnlineGasDetector_FIGARO/SIM800L.ino:122
  Serial.println(F("SMS text sent, waiting for confirmation..."));
    15bc:	82 e7       	ldi	r24, 0x72	; 114
    15be:	90 e0       	ldi	r25, 0x00	; 0
    15c0:	0e 94 4f 05 	call	0xa9e	; 0xa9e <Print::println(__FlashStringHelper const*) [clone .constprop.8]>
D:\projects\arduino\figaro\OnlineGasDetector_FIGARO/SIM800L.ino:124

  delay(5000);
    15c4:	68 e8       	ldi	r22, 0x88	; 136
    15c6:	73 e1       	ldi	r23, 0x13	; 19
    15c8:	80 e0       	ldi	r24, 0x00	; 0
    15ca:	90 e0       	ldi	r25, 0x00	; 0
    15cc:	0e 94 0f 02 	call	0x41e	; 0x41e <delay>
D:\projects\arduino\figaro\OnlineGasDetector_FIGARO/SIM800L.ino:125
  response = waitAtAnswer();
    15d0:	ce 01       	movw	r24, r28
    15d2:	01 96       	adiw	r24, 0x01	; 1
    15d4:	0e 94 f9 07 	call	0xff2	; 0xff2 <waitAtAnswer()>
operator=():
C:\Users\luci\AppData\Local\Arduino15\packages\MiniCore\hardware\avr\3.1.1\cores\MCUdude_corefiles/WString.cpp:228
}

#if __cplusplus >= 201103L || defined(__GXX_EXPERIMENTAL_CXX0X__)
String & String::operator = (String &&rval)
{
  if (this != &rval) move(rval);
    15d8:	be 01       	movw	r22, r28
    15da:	6f 5f       	subi	r22, 0xFF	; 255
    15dc:	7f 4f       	sbci	r23, 0xFF	; 255
    15de:	ce 01       	movw	r24, r28
    15e0:	0d 96       	adiw	r24, 0x0d	; 13
    15e2:	0e 94 15 06 	call	0xc2a	; 0xc2a <String::move(String&)>
SendSMS():
D:\projects\arduino\figaro\OnlineGasDetector_FIGARO/SIM800L.ino:125
    15e6:	ce 01       	movw	r24, r28
    15e8:	01 96       	adiw	r24, 0x01	; 1
    15ea:	0e 94 60 06 	call	0xcc0	; 0xcc0 <String::~String()>
D:\projects\arduino\figaro\OnlineGasDetector_FIGARO/SIM800L.ino:127

  if (response.indexOf(F("+CMGS:")) >= 0 || response.indexOf(F("OK")) >= 0) {
    15ee:	6b e6       	ldi	r22, 0x6B	; 107
    15f0:	70 e0       	ldi	r23, 0x00	; 0
    15f2:	ce 01       	movw	r24, r28
    15f4:	07 96       	adiw	r24, 0x07	; 7
    15f6:	0e 94 cb 07 	call	0xf96	; 0xf96 <String::String(__FlashStringHelper const*)>
    15fa:	be 01       	movw	r22, r28
    15fc:	69 5f       	subi	r22, 0xF9	; 249
    15fe:	7f 4f       	sbci	r23, 0xFF	; 255
    1600:	ce 01       	movw	r24, r28
    1602:	0d 96       	adiw	r24, 0x0d	; 13
    1604:	0e 94 f5 05 	call	0xbea	; 0xbea <String::indexOf(String const&) const>
    1608:	11 e0       	ldi	r17, 0x01	; 1
    160a:	97 ff       	sbrs	r25, 7
    160c:	16 c0       	rjmp	.+44     	; 0x163a <SendSMS(bool, String)+0x24a>
    160e:	68 e6       	ldi	r22, 0x68	; 104
    1610:	70 e0       	ldi	r23, 0x00	; 0
    1612:	ce 01       	movw	r24, r28
    1614:	01 96       	adiw	r24, 0x01	; 1
    1616:	0e 94 cb 07 	call	0xf96	; 0xf96 <String::String(__FlashStringHelper const*)>
    161a:	be 01       	movw	r22, r28
    161c:	6f 5f       	subi	r22, 0xFF	; 255
    161e:	7f 4f       	sbci	r23, 0xFF	; 255
    1620:	ce 01       	movw	r24, r28
    1622:	0d 96       	adiw	r24, 0x0d	; 13
    1624:	0e 94 f5 05 	call	0xbea	; 0xbea <String::indexOf(String const&) const>
    1628:	90 95       	com	r25
    162a:	19 2f       	mov	r17, r25
    162c:	11 1f       	adc	r17, r17
    162e:	11 27       	eor	r17, r17
    1630:	11 1f       	adc	r17, r17
    1632:	ce 01       	movw	r24, r28
    1634:	01 96       	adiw	r24, 0x01	; 1
    1636:	0e 94 60 06 	call	0xcc0	; 0xcc0 <String::~String()>
    163a:	ce 01       	movw	r24, r28
    163c:	07 96       	adiw	r24, 0x07	; 7
    163e:	0e 94 60 06 	call	0xcc0	; 0xcc0 <String::~String()>
D:\projects\arduino\figaro\OnlineGasDetector_FIGARO/SIM800L.ino:110
  SIM800L.println(atCommand);
  Serial.println(atCommand);
  delay(1000);

  // Формируем текст сообщения
  String smsText = "";
    1642:	ce 01       	movw	r24, r28
    1644:	49 96       	adiw	r24, 0x19	; 25
    1646:	0e 94 60 06 	call	0xcc0	; 0xcc0 <String::~String()>
D:\projects\arduino\figaro\OnlineGasDetector_FIGARO/SIM800L.ino:104

  sendAtCommand(F("AT+CSCS=\"GSM\""), true);
  delay(500);

  // Указываем номер получателя
  String atCommand = "AT+CMGS=\"" + phoneNumber + "\"";
    164a:	ce 01       	movw	r24, r28
    164c:	43 96       	adiw	r24, 0x13	; 19
    164e:	0e 94 60 06 	call	0xcc0	; 0xcc0 <String::~String()>
    1652:	0b cf       	rjmp	.-490    	; 0x146a <SendSMS(bool, String)+0x7a>
D:\projects\arduino\figaro\OnlineGasDetector_FIGARO/SIM800L.ino:114
  // Формируем текст сообщения
  String smsText = "";
  if (isTestMode) {
    smsText = "Test alert. CO level: " + String((int)COConcentration) + " ppm";
  } else {
    smsText = "ALARM! CO detected: " + String((int)COConcentration) + " ppm";
    1654:	0e 94 79 18 	call	0x30f2	; 0x30f2 <__fixsfsi>
    1658:	ce 01       	movw	r24, r28
    165a:	07 96       	adiw	r24, 0x07	; 7
    165c:	0e 94 0d 07 	call	0xe1a	; 0xe1a <String::String(int, unsigned char) [clone .constprop.12]>
_ZN15StringSumHelperC2EPKc():
C:\Users\luci\AppData\Local\Arduino15\packages\MiniCore\hardware\avr\3.1.1\cores\MCUdude_corefiles/WString.h:217
{
public:
  StringSumHelper(const String &s) : String(s) {}
  StringSumHelper(const char *p) : String(p) {}
    1660:	6b e6       	ldi	r22, 0x6B	; 107
    1662:	71 e0       	ldi	r23, 0x01	; 1
    1664:	7c cf       	rjmp	.-264    	; 0x155e <SendSMS(bool, String)+0x16e>

00001666 <__vector_16>:
__vector_16():
C:\Users\luci\AppData\Local\Arduino15\packages\MiniCore\hardware\avr\3.1.1\cores\MCUdude_corefiles/wiring.c:159
#if defined(__AVR_ATtiny24__) || defined(__AVR_ATtiny44__) || defined(__AVR_ATtiny84__)
ISR(TIM0_OVF_vect)
#else
ISR(TIMER0_OVF_vect)
#endif
{
    1666:	1f 92       	push	r1
    1668:	0f 92       	push	r0
    166a:	0f b6       	in	r0, 0x3f	; 63
    166c:	0f 92       	push	r0
    166e:	11 24       	eor	r1, r1
    1670:	2f 93       	push	r18
    1672:	3f 93       	push	r19
    1674:	8f 93       	push	r24
    1676:	9f 93       	push	r25
    1678:	af 93       	push	r26
    167a:	bf 93       	push	r27
C:\Users\luci\AppData\Local\Arduino15\packages\MiniCore\hardware\avr\3.1.1\cores\MCUdude_corefiles/wiring.c:167
  static unsigned char timer0_exact = 0;
#endif

  // copy these to local variables so they can be stored in registers
  // (volatile variables must be read from memory on every access, so this saves time)
  unsigned long m = timer0_millis;
    167c:	80 91 d0 03 	lds	r24, 0x03D0	; 0x8003d0 <timer0_millis>
    1680:	90 91 d1 03 	lds	r25, 0x03D1	; 0x8003d1 <timer0_millis+0x1>
    1684:	a0 91 d2 03 	lds	r26, 0x03D2	; 0x8003d2 <timer0_millis+0x2>
    1688:	b0 91 d3 03 	lds	r27, 0x03D3	; 0x8003d3 <timer0_millis+0x3>
C:\Users\luci\AppData\Local\Arduino15\packages\MiniCore\hardware\avr\3.1.1\cores\MCUdude_corefiles/wiring.c:168
  unsigned char f = timer0_fract;
    168c:	30 91 cf 03 	lds	r19, 0x03CF	; 0x8003cf <timer0_fract>
C:\Users\luci\AppData\Local\Arduino15\packages\MiniCore\hardware\avr\3.1.1\cores\MCUdude_corefiles/wiring.c:170

  f += FRACT_INC FRACT_INC_PLUS;
    1690:	23 e0       	ldi	r18, 0x03	; 3
    1692:	23 0f       	add	r18, r19
C:\Users\luci\AppData\Local\Arduino15\packages\MiniCore\hardware\avr\3.1.1\cores\MCUdude_corefiles/wiring.c:200
    ++f;
  }
#endif
#endif // CORRECT_EXACT_MILLIS

  if (f >= FRACT_MAX) {
    1694:	2d 37       	cpi	r18, 0x7D	; 125
    1696:	68 f1       	brcs	.+90     	; 0x16f2 <__vector_16+0x8c>
C:\Users\luci\AppData\Local\Arduino15\packages\MiniCore\hardware\avr\3.1.1\cores\MCUdude_corefiles/wiring.c:201
    f -= FRACT_MAX;
    1698:	26 e8       	ldi	r18, 0x86	; 134
    169a:	23 0f       	add	r18, r19
C:\Users\luci\AppData\Local\Arduino15\packages\MiniCore\hardware\avr\3.1.1\cores\MCUdude_corefiles/wiring.c:202
    m += MILLIS_INC + 1;
    169c:	02 96       	adiw	r24, 0x02	; 2
    169e:	a1 1d       	adc	r26, r1
    16a0:	b1 1d       	adc	r27, r1
C:\Users\luci\AppData\Local\Arduino15\packages\MiniCore\hardware\avr\3.1.1\cores\MCUdude_corefiles/wiring.c:208
  }
  else {
    m += MILLIS_INC;
  }

  timer0_fract = f;
    16a2:	20 93 cf 03 	sts	0x03CF, r18	; 0x8003cf <timer0_fract>
C:\Users\luci\AppData\Local\Arduino15\packages\MiniCore\hardware\avr\3.1.1\cores\MCUdude_corefiles/wiring.c:209
  timer0_millis = m;
    16a6:	80 93 d0 03 	sts	0x03D0, r24	; 0x8003d0 <timer0_millis>
    16aa:	90 93 d1 03 	sts	0x03D1, r25	; 0x8003d1 <timer0_millis+0x1>
    16ae:	a0 93 d2 03 	sts	0x03D2, r26	; 0x8003d2 <timer0_millis+0x2>
    16b2:	b0 93 d3 03 	sts	0x03D3, r27	; 0x8003d3 <timer0_millis+0x3>
C:\Users\luci\AppData\Local\Arduino15\packages\MiniCore\hardware\avr\3.1.1\cores\MCUdude_corefiles/wiring.c:211
#ifndef CORRECT_EXACT_MICROS
  timer0_overflow_count++;
    16b6:	80 91 d4 03 	lds	r24, 0x03D4	; 0x8003d4 <timer0_overflow_count>
    16ba:	90 91 d5 03 	lds	r25, 0x03D5	; 0x8003d5 <timer0_overflow_count+0x1>
    16be:	a0 91 d6 03 	lds	r26, 0x03D6	; 0x8003d6 <timer0_overflow_count+0x2>
    16c2:	b0 91 d7 03 	lds	r27, 0x03D7	; 0x8003d7 <timer0_overflow_count+0x3>
    16c6:	01 96       	adiw	r24, 0x01	; 1
    16c8:	a1 1d       	adc	r26, r1
    16ca:	b1 1d       	adc	r27, r1
    16cc:	80 93 d4 03 	sts	0x03D4, r24	; 0x8003d4 <timer0_overflow_count>
    16d0:	90 93 d5 03 	sts	0x03D5, r25	; 0x8003d5 <timer0_overflow_count+0x1>
    16d4:	a0 93 d6 03 	sts	0x03D6, r26	; 0x8003d6 <timer0_overflow_count+0x2>
    16d8:	b0 93 d7 03 	sts	0x03D7, r27	; 0x8003d7 <timer0_overflow_count+0x3>
C:\Users\luci\AppData\Local\Arduino15\packages\MiniCore\hardware\avr\3.1.1\cores\MCUdude_corefiles/wiring.c:213
#endif
}
    16dc:	bf 91       	pop	r27
    16de:	af 91       	pop	r26
    16e0:	9f 91       	pop	r25
    16e2:	8f 91       	pop	r24
    16e4:	3f 91       	pop	r19
    16e6:	2f 91       	pop	r18
    16e8:	0f 90       	pop	r0
    16ea:	0f be       	out	0x3f, r0	; 63
    16ec:	0f 90       	pop	r0
    16ee:	1f 90       	pop	r1
    16f0:	18 95       	reti
C:\Users\luci\AppData\Local\Arduino15\packages\MiniCore\hardware\avr\3.1.1\cores\MCUdude_corefiles/wiring.c:205
  if (f >= FRACT_MAX) {
    f -= FRACT_MAX;
    m += MILLIS_INC + 1;
  }
  else {
    m += MILLIS_INC;
    16f2:	01 96       	adiw	r24, 0x01	; 1
    16f4:	a1 1d       	adc	r26, r1
    16f6:	b1 1d       	adc	r27, r1
    16f8:	d4 cf       	rjmp	.-88     	; 0x16a2 <__vector_16+0x3c>

000016fa <__vector_2>:
__vector_2():
C:\Users\luci\AppData\Local\Arduino15\packages\MiniCore\hardware\avr\3.1.1\cores\MCUdude_corefiles/WInterrupts.c:489
|| defined(__AVR_ATmega48PB__)  || defined(__AVR_ATmega88__)  || defined(__AVR_ATmega88P__)  \
|| defined(__AVR_ATmega88PB__)  || defined(__AVR_ATmega168__) || defined(__AVR_ATmega168P__) \
|| defined(__AVR_ATmega168PB__) || defined(__AVR_ATmega328__) || defined(__AVR_ATmega328P__) \
|| defined(__AVR_ATmega328PB__)
  IMPLEMENT_ISR(INT0_vect, EXTERNAL_INT_0)
  IMPLEMENT_ISR(INT1_vect, EXTERNAL_INT_1)
    16fa:	1f 92       	push	r1
    16fc:	0f 92       	push	r0
    16fe:	0f b6       	in	r0, 0x3f	; 63
    1700:	0f 92       	push	r0
    1702:	11 24       	eor	r1, r1
    1704:	2f 93       	push	r18
    1706:	3f 93       	push	r19
    1708:	4f 93       	push	r20
    170a:	5f 93       	push	r21
    170c:	6f 93       	push	r22
    170e:	7f 93       	push	r23
    1710:	8f 93       	push	r24
    1712:	9f 93       	push	r25
    1714:	af 93       	push	r26
    1716:	bf 93       	push	r27
    1718:	ef 93       	push	r30
    171a:	ff 93       	push	r31
    171c:	e0 91 06 01 	lds	r30, 0x0106	; 0x800106 <intFunc+0x2>
    1720:	f0 91 07 01 	lds	r31, 0x0107	; 0x800107 <intFunc+0x3>
    1724:	09 95       	icall
    1726:	ff 91       	pop	r31
    1728:	ef 91       	pop	r30
    172a:	bf 91       	pop	r27
    172c:	af 91       	pop	r26
    172e:	9f 91       	pop	r25
    1730:	8f 91       	pop	r24
    1732:	7f 91       	pop	r23
    1734:	6f 91       	pop	r22
    1736:	5f 91       	pop	r21
    1738:	4f 91       	pop	r20
    173a:	3f 91       	pop	r19
    173c:	2f 91       	pop	r18
    173e:	0f 90       	pop	r0
    1740:	0f be       	out	0x3f, r0	; 63
    1742:	0f 90       	pop	r0
    1744:	1f 90       	pop	r1
    1746:	18 95       	reti

00001748 <__vector_1>:
__vector_1():
C:\Users\luci\AppData\Local\Arduino15\packages\MiniCore\hardware\avr\3.1.1\cores\MCUdude_corefiles/WInterrupts.c:488
#elif defined(__AVR_ATmega8__)  || defined(__AVR_ATmega48__)  || defined(__AVR_ATmega48P__)  \
|| defined(__AVR_ATmega48PB__)  || defined(__AVR_ATmega88__)  || defined(__AVR_ATmega88P__)  \
|| defined(__AVR_ATmega88PB__)  || defined(__AVR_ATmega168__) || defined(__AVR_ATmega168P__) \
|| defined(__AVR_ATmega168PB__) || defined(__AVR_ATmega328__) || defined(__AVR_ATmega328P__) \
|| defined(__AVR_ATmega328PB__)
  IMPLEMENT_ISR(INT0_vect, EXTERNAL_INT_0)
    1748:	1f 92       	push	r1
    174a:	0f 92       	push	r0
    174c:	0f b6       	in	r0, 0x3f	; 63
    174e:	0f 92       	push	r0
    1750:	11 24       	eor	r1, r1
    1752:	2f 93       	push	r18
    1754:	3f 93       	push	r19
    1756:	4f 93       	push	r20
    1758:	5f 93       	push	r21
    175a:	6f 93       	push	r22
    175c:	7f 93       	push	r23
    175e:	8f 93       	push	r24
    1760:	9f 93       	push	r25
    1762:	af 93       	push	r26
    1764:	bf 93       	push	r27
    1766:	ef 93       	push	r30
    1768:	ff 93       	push	r31
    176a:	e0 91 04 01 	lds	r30, 0x0104	; 0x800104 <intFunc>
    176e:	f0 91 05 01 	lds	r31, 0x0105	; 0x800105 <intFunc+0x1>
    1772:	09 95       	icall
    1774:	ff 91       	pop	r31
    1776:	ef 91       	pop	r30
    1778:	bf 91       	pop	r27
    177a:	af 91       	pop	r26
    177c:	9f 91       	pop	r25
    177e:	8f 91       	pop	r24
    1780:	7f 91       	pop	r23
    1782:	6f 91       	pop	r22
    1784:	5f 91       	pop	r21
    1786:	4f 91       	pop	r20
    1788:	3f 91       	pop	r19
    178a:	2f 91       	pop	r18
    178c:	0f 90       	pop	r0
    178e:	0f be       	out	0x3f, r0	; 63
    1790:	0f 90       	pop	r0
    1792:	1f 90       	pop	r1
    1794:	18 95       	reti

00001796 <__vector_19>:
__vector_19():
C:\Users\luci\AppData\Local\Arduino15\packages\MiniCore\hardware\avr\3.1.1\cores\MCUdude_corefiles/HardwareSerial0.cpp:63
#elif defined(USART0_UDRE_vect)
ISR(USART0_UDRE_vect)
#else
  #error "Don't know what the Data Register Empty vector is called for Serial"
#endif
{
    1796:	1f 92       	push	r1
    1798:	0f 92       	push	r0
    179a:	0f b6       	in	r0, 0x3f	; 63
    179c:	0f 92       	push	r0
    179e:	11 24       	eor	r1, r1
    17a0:	2f 93       	push	r18
    17a2:	3f 93       	push	r19
    17a4:	4f 93       	push	r20
    17a6:	5f 93       	push	r21
    17a8:	6f 93       	push	r22
    17aa:	7f 93       	push	r23
    17ac:	8f 93       	push	r24
    17ae:	9f 93       	push	r25
    17b0:	af 93       	push	r26
    17b2:	bf 93       	push	r27
    17b4:	ef 93       	push	r30
    17b6:	ff 93       	push	r31
C:\Users\luci\AppData\Local\Arduino15\packages\MiniCore\hardware\avr\3.1.1\cores\MCUdude_corefiles/HardwareSerial0.cpp:64
  Serial._tx_udr_empty_irq();
    17b8:	88 ed       	ldi	r24, 0xD8	; 216
    17ba:	93 e0       	ldi	r25, 0x03	; 3
    17bc:	0e 94 d6 02 	call	0x5ac	; 0x5ac <HardwareSerial::_tx_udr_empty_irq()>
C:\Users\luci\AppData\Local\Arduino15\packages\MiniCore\hardware\avr\3.1.1\cores\MCUdude_corefiles/HardwareSerial0.cpp:65
}
    17c0:	ff 91       	pop	r31
    17c2:	ef 91       	pop	r30
    17c4:	bf 91       	pop	r27
    17c6:	af 91       	pop	r26
    17c8:	9f 91       	pop	r25
    17ca:	8f 91       	pop	r24
    17cc:	7f 91       	pop	r23
    17ce:	6f 91       	pop	r22
    17d0:	5f 91       	pop	r21
    17d2:	4f 91       	pop	r20
    17d4:	3f 91       	pop	r19
    17d6:	2f 91       	pop	r18
    17d8:	0f 90       	pop	r0
    17da:	0f be       	out	0x3f, r0	; 63
    17dc:	0f 90       	pop	r0
    17de:	1f 90       	pop	r1
    17e0:	18 95       	reti

000017e2 <__vector_18>:
__vector_18():
C:\Users\luci\AppData\Local\Arduino15\packages\MiniCore\hardware\avr\3.1.1\cores\MCUdude_corefiles/HardwareSerial0.cpp:50
#elif defined(USART_RX_vect)
  ISR(USART_RX_vect)
#else
  #error "Don't know what the Data Received vector is called for Serial"
#endif
  {
    17e2:	1f 92       	push	r1
    17e4:	0f 92       	push	r0
    17e6:	0f b6       	in	r0, 0x3f	; 63
    17e8:	0f 92       	push	r0
    17ea:	11 24       	eor	r1, r1
    17ec:	2f 93       	push	r18
    17ee:	8f 93       	push	r24
    17f0:	9f 93       	push	r25
    17f2:	ef 93       	push	r30
    17f4:	ff 93       	push	r31
_rx_complete_irq():
C:\Users\luci\AppData\Local\Arduino15\packages\MiniCore\hardware\avr\3.1.1\cores\MCUdude_corefiles/HardwareSerial_private.h:100

// Actual interrupt handlers //////////////////////////////////////////////////////////////

void HardwareSerial::_rx_complete_irq(void)
{
  if (bit_is_clear(*_ucsra, UPE0)) {
    17f6:	e0 91 e8 03 	lds	r30, 0x03E8	; 0x8003e8 <Serial+0x10>
    17fa:	f0 91 e9 03 	lds	r31, 0x03E9	; 0x8003e9 <Serial+0x11>
    17fe:	80 81       	ld	r24, Z
    1800:	e0 91 ee 03 	lds	r30, 0x03EE	; 0x8003ee <Serial+0x16>
    1804:	f0 91 ef 03 	lds	r31, 0x03EF	; 0x8003ef <Serial+0x17>
    1808:	82 fd       	sbrc	r24, 2
    180a:	1b c0       	rjmp	.+54     	; 0x1842 <__vector_18+0x60>
C:\Users\luci\AppData\Local\Arduino15\packages\MiniCore\hardware\avr\3.1.1\cores\MCUdude_corefiles/HardwareSerial_private.h:103
    // No Parity error, read byte and store it in the buffer if there is
    // room
    unsigned char c = *_udr;
    180c:	90 81       	ld	r25, Z
C:\Users\luci\AppData\Local\Arduino15\packages\MiniCore\hardware\avr\3.1.1\cores\MCUdude_corefiles/HardwareSerial_private.h:104
    rx_buffer_index_t i = (unsigned int)(_rx_buffer_head + 1) % SERIAL_RX_BUFFER_SIZE;
    180e:	80 91 f1 03 	lds	r24, 0x03F1	; 0x8003f1 <Serial+0x19>
    1812:	8f 5f       	subi	r24, 0xFF	; 255
    1814:	8f 73       	andi	r24, 0x3F	; 63
C:\Users\luci\AppData\Local\Arduino15\packages\MiniCore\hardware\avr\3.1.1\cores\MCUdude_corefiles/HardwareSerial_private.h:110

    // if we should be storing the received character into the location
    // just before the tail (meaning that the head would advance to the
    // current location of the tail), we're about to overflow the buffer
    // and so we don't write the character or advance the head.
    if (i != _rx_buffer_tail) {
    1816:	20 91 f2 03 	lds	r18, 0x03F2	; 0x8003f2 <Serial+0x1a>
    181a:	82 17       	cp	r24, r18
    181c:	41 f0       	breq	.+16     	; 0x182e <__vector_18+0x4c>
C:\Users\luci\AppData\Local\Arduino15\packages\MiniCore\hardware\avr\3.1.1\cores\MCUdude_corefiles/HardwareSerial_private.h:111
      _rx_buffer[_rx_buffer_head] = c;
    181e:	e0 91 f1 03 	lds	r30, 0x03F1	; 0x8003f1 <Serial+0x19>
    1822:	f0 e0       	ldi	r31, 0x00	; 0
    1824:	e8 52       	subi	r30, 0x28	; 40
    1826:	fc 4f       	sbci	r31, 0xFC	; 252
    1828:	95 8f       	std	Z+29, r25	; 0x1d
C:\Users\luci\AppData\Local\Arduino15\packages\MiniCore\hardware\avr\3.1.1\cores\MCUdude_corefiles/HardwareSerial_private.h:112
      _rx_buffer_head = i;
    182a:	80 93 f1 03 	sts	0x03F1, r24	; 0x8003f1 <Serial+0x19>
__vector_18():
C:\Users\luci\AppData\Local\Arduino15\packages\MiniCore\hardware\avr\3.1.1\cores\MCUdude_corefiles/HardwareSerial0.cpp:52
    Serial._rx_complete_irq();
  }
    182e:	ff 91       	pop	r31
    1830:	ef 91       	pop	r30
    1832:	9f 91       	pop	r25
    1834:	8f 91       	pop	r24
    1836:	2f 91       	pop	r18
    1838:	0f 90       	pop	r0
    183a:	0f be       	out	0x3f, r0	; 63
    183c:	0f 90       	pop	r0
    183e:	1f 90       	pop	r1
    1840:	18 95       	reti
_rx_complete_irq():
C:\Users\luci\AppData\Local\Arduino15\packages\MiniCore\hardware\avr\3.1.1\cores\MCUdude_corefiles/HardwareSerial_private.h:116
    }
  } else {
    // Parity error, read byte but discard it
    *_udr;
    1842:	80 81       	ld	r24, Z
    1844:	f4 cf       	rjmp	.-24     	; 0x182e <__vector_18+0x4c>

00001846 <__vector_3>:
__vector_3():
C:\Users\luci\AppData\Local\Arduino15\packages\MiniCore\hardware\avr\3.1.1\libraries\SoftwareSerial\src/SoftwareSerial.cpp:239
  }
}

#if defined(PCINT0_vect)
ISR(PCINT0_vect)
{
    1846:	1f 92       	push	r1
    1848:	0f 92       	push	r0
    184a:	0f b6       	in	r0, 0x3f	; 63
    184c:	0f 92       	push	r0
    184e:	11 24       	eor	r1, r1
    1850:	2f 93       	push	r18
    1852:	3f 93       	push	r19
    1854:	4f 93       	push	r20
    1856:	5f 93       	push	r21
    1858:	6f 93       	push	r22
    185a:	7f 93       	push	r23
    185c:	8f 93       	push	r24
    185e:	9f 93       	push	r25
    1860:	af 93       	push	r26
    1862:	bf 93       	push	r27
    1864:	ef 93       	push	r30
    1866:	ff 93       	push	r31
_ZN14SoftwareSerial16handle_interruptEv():
C:\Users\luci\AppData\Local\Arduino15\packages\MiniCore\hardware\avr\3.1.1\libraries\SoftwareSerial\src/SoftwareSerial.cpp:231
#endif

/* static */
inline void SoftwareSerial::handle_interrupt()
{
  if (active_object)
    1868:	e0 91 b4 03 	lds	r30, 0x03B4	; 0x8003b4 <SoftwareSerial::active_object>
    186c:	f0 91 b5 03 	lds	r31, 0x03B5	; 0x8003b5 <SoftwareSerial::active_object+0x1>
    1870:	30 97       	sbiw	r30, 0x00	; 0
    1872:	49 f0       	breq	.+18     	; 0x1886 <__vector_3+0x40>
    1874:	a6 85       	ldd	r26, Z+14	; 0x0e
    1876:	b7 85       	ldd	r27, Z+15	; 0x0f
    1878:	85 85       	ldd	r24, Z+13	; 0x0d
_ZN14SoftwareSerial4recvEv():
C:\Users\luci\AppData\Local\Arduino15\packages\MiniCore\hardware\avr\3.1.1\libraries\SoftwareSerial\src/SoftwareSerial.cpp:148

  uint8_t d = 0;

  // If RX line is high, then we don't see any start bit
  // so interrupt is probably not for us
  if (_inverse_logic ? rx_pin_read() : !rx_pin_read())
    187a:	96 8d       	ldd	r25, Z+30	; 0x1e
    187c:	91 ff       	sbrs	r25, 1
    187e:	14 c0       	rjmp	.+40     	; 0x18a8 <__vector_3+0x62>
rx_pin_read():
C:\Users\luci\AppData\Local\Arduino15\packages\MiniCore\hardware\avr\3.1.1\libraries\SoftwareSerial\src/SoftwareSerial.cpp:213
#endif
}

uint8_t SoftwareSerial::rx_pin_read()
{
  return *_receivePortRegister & _receiveBitMask;
    1880:	9c 91       	ld	r25, X
    1882:	89 23       	and	r24, r25
_ZN14SoftwareSerial4recvEv():
C:\Users\luci\AppData\Local\Arduino15\packages\MiniCore\hardware\avr\3.1.1\libraries\SoftwareSerial\src/SoftwareSerial.cpp:148

  uint8_t d = 0;

  // If RX line is high, then we don't see any start bit
  // so interrupt is probably not for us
  if (_inverse_logic ? rx_pin_read() : !rx_pin_read())
    1884:	a1 f4       	brne	.+40     	; 0x18ae <__vector_3+0x68>
__vector_3():
C:\Users\luci\AppData\Local\Arduino15\packages\MiniCore\hardware\avr\3.1.1\libraries\SoftwareSerial\src/SoftwareSerial.cpp:241

#if defined(PCINT0_vect)
ISR(PCINT0_vect)
{
  SoftwareSerial::handle_interrupt();
}
    1886:	ff 91       	pop	r31
    1888:	ef 91       	pop	r30
    188a:	bf 91       	pop	r27
    188c:	af 91       	pop	r26
    188e:	9f 91       	pop	r25
    1890:	8f 91       	pop	r24
    1892:	7f 91       	pop	r23
    1894:	6f 91       	pop	r22
    1896:	5f 91       	pop	r21
    1898:	4f 91       	pop	r20
    189a:	3f 91       	pop	r19
    189c:	2f 91       	pop	r18
    189e:	0f 90       	pop	r0
    18a0:	0f be       	out	0x3f, r0	; 63
    18a2:	0f 90       	pop	r0
    18a4:	1f 90       	pop	r1
    18a6:	18 95       	reti
rx_pin_read():
C:\Users\luci\AppData\Local\Arduino15\packages\MiniCore\hardware\avr\3.1.1\libraries\SoftwareSerial\src/SoftwareSerial.cpp:213
#endif
}

uint8_t SoftwareSerial::rx_pin_read()
{
  return *_receivePortRegister & _receiveBitMask;
    18a8:	9c 91       	ld	r25, X
    18aa:	89 23       	and	r24, r25
_ZN14SoftwareSerial4recvEv():
C:\Users\luci\AppData\Local\Arduino15\packages\MiniCore\hardware\avr\3.1.1\libraries\SoftwareSerial\src/SoftwareSerial.cpp:148

  uint8_t d = 0;

  // If RX line is high, then we don't see any start bit
  // so interrupt is probably not for us
  if (_inverse_logic ? rx_pin_read() : !rx_pin_read())
    18ac:	61 f7       	brne	.-40     	; 0x1886 <__vector_3+0x40>
_ZN14SoftwareSerial11setRxIntMskEb():
C:\Users\luci\AppData\Local\Arduino15\packages\MiniCore\hardware\avr\3.1.1\libraries\SoftwareSerial\src/SoftwareSerial.cpp:442
void SoftwareSerial::setRxIntMsk(bool enable)
{
    if (enable)
      *_pcint_maskreg |= _pcint_maskvalue;
    else
      *_pcint_maskreg &= ~_pcint_maskvalue;
    18ae:	a3 89       	ldd	r26, Z+19	; 0x13
    18b0:	b4 89       	ldd	r27, Z+20	; 0x14
    18b2:	9c 91       	ld	r25, X
    18b4:	85 89       	ldd	r24, Z+21	; 0x15
    18b6:	80 95       	com	r24
    18b8:	89 23       	and	r24, r25
    18ba:	8c 93       	st	X, r24
_delay_loop_2():
c:\users\luci\appdata\local\arduino15\packages\arduino\tools\avr-gcc\7.3.0-atmel3.6.1-arduino7\avr\include\util/delay_basic.h:110
    18bc:	86 89       	ldd	r24, Z+22	; 0x16
    18be:	97 89       	ldd	r25, Z+23	; 0x17
    18c0:	01 97       	sbiw	r24, 0x01	; 1
    18c2:	f1 f7       	brne	.-4      	; 0x18c0 <__vector_3+0x7a>
_ZN14SoftwareSerial4recvEv():
C:\Users\luci\AppData\Local\Arduino15\packages\MiniCore\hardware\avr\3.1.1\libraries\SoftwareSerial\src/SoftwareSerial.cpp:162
    DebugPulse(_DEBUG_PIN2, 1);

    // Read each of the 8 bits
    for (uint8_t i=8; i > 0; --i)
    {
      tunedDelay(_rx_delay_intrabit);
    18c4:	60 8d       	ldd	r22, Z+24	; 0x18
    18c6:	71 8d       	ldd	r23, Z+25	; 0x19
rx_pin_read():
C:\Users\luci\AppData\Local\Arduino15\packages\MiniCore\hardware\avr\3.1.1\libraries\SoftwareSerial\src/SoftwareSerial.cpp:213
#endif
}

uint8_t SoftwareSerial::rx_pin_read()
{
  return *_receivePortRegister & _receiveBitMask;
    18c8:	a6 85       	ldd	r26, Z+14	; 0x0e
    18ca:	b7 85       	ldd	r27, Z+15	; 0x0f
    18cc:	55 85       	ldd	r21, Z+13	; 0x0d
    18ce:	38 e0       	ldi	r19, 0x08	; 8
__vector_3():
C:\Users\luci\AppData\Local\Arduino15\packages\MiniCore\hardware\avr\3.1.1\libraries\SoftwareSerial\src/SoftwareSerial.cpp:144
    "push r26 \n\t"
    "push r27 \n\t"
    ::);
#endif

  uint8_t d = 0;
    18d0:	20 e0       	ldi	r18, 0x00	; 0
_delay_loop_2():
c:\users\luci\appdata\local\arduino15\packages\arduino\tools\avr-gcc\7.3.0-atmel3.6.1-arduino7\avr\include\util/delay_basic.h:110
    18d2:	cb 01       	movw	r24, r22
    18d4:	01 97       	sbiw	r24, 0x01	; 1
    18d6:	f1 f7       	brne	.-4      	; 0x18d4 <__vector_3+0x8e>
_ZN14SoftwareSerial4recvEv():
C:\Users\luci\AppData\Local\Arduino15\packages\MiniCore\hardware\avr\3.1.1\libraries\SoftwareSerial\src/SoftwareSerial.cpp:163

    // Read each of the 8 bits
    for (uint8_t i=8; i > 0; --i)
    {
      tunedDelay(_rx_delay_intrabit);
      d >>= 1;
    18d8:	82 2f       	mov	r24, r18
    18da:	90 e0       	ldi	r25, 0x00	; 0
    18dc:	95 95       	asr	r25
    18de:	87 95       	ror	r24
    18e0:	28 2f       	mov	r18, r24
rx_pin_read():
C:\Users\luci\AppData\Local\Arduino15\packages\MiniCore\hardware\avr\3.1.1\libraries\SoftwareSerial\src/SoftwareSerial.cpp:213
#endif
}

uint8_t SoftwareSerial::rx_pin_read()
{
  return *_receivePortRegister & _receiveBitMask;
    18e2:	4c 91       	ld	r20, X
    18e4:	45 23       	and	r20, r21
_ZN14SoftwareSerial4recvEv():
C:\Users\luci\AppData\Local\Arduino15\packages\MiniCore\hardware\avr\3.1.1\libraries\SoftwareSerial\src/SoftwareSerial.cpp:165
    for (uint8_t i=8; i > 0; --i)
    {
      tunedDelay(_rx_delay_intrabit);
      d >>= 1;
      DebugPulse(_DEBUG_PIN2, 1);
      if (rx_pin_read())
    18e6:	09 f0       	breq	.+2      	; 0x18ea <__vector_3+0xa4>
C:\Users\luci\AppData\Local\Arduino15\packages\MiniCore\hardware\avr\3.1.1\libraries\SoftwareSerial\src/SoftwareSerial.cpp:166
        d |= 0x80;
    18e8:	20 68       	ori	r18, 0x80	; 128
    18ea:	31 50       	subi	r19, 0x01	; 1
C:\Users\luci\AppData\Local\Arduino15\packages\MiniCore\hardware\avr\3.1.1\libraries\SoftwareSerial\src/SoftwareSerial.cpp:160
    // Wait approximately 1/2 of a bit width to "center" the sample
    tunedDelay(_rx_delay_centering);
    DebugPulse(_DEBUG_PIN2, 1);

    // Read each of the 8 bits
    for (uint8_t i=8; i > 0; --i)
    18ec:	91 f7       	brne	.-28     	; 0x18d2 <__vector_3+0x8c>
C:\Users\luci\AppData\Local\Arduino15\packages\MiniCore\hardware\avr\3.1.1\libraries\SoftwareSerial\src/SoftwareSerial.cpp:169
      DebugPulse(_DEBUG_PIN2, 1);
      if (rx_pin_read())
        d |= 0x80;
    }

    if (_inverse_logic)
    18ee:	86 8d       	ldd	r24, Z+30	; 0x1e
    18f0:	81 fd       	sbrc	r24, 1
C:\Users\luci\AppData\Local\Arduino15\packages\MiniCore\hardware\avr\3.1.1\libraries\SoftwareSerial\src/SoftwareSerial.cpp:170
      d = ~d;
    18f2:	20 95       	com	r18
C:\Users\luci\AppData\Local\Arduino15\packages\MiniCore\hardware\avr\3.1.1\libraries\SoftwareSerial\src/SoftwareSerial.cpp:173

    // if buffer full, set the overflow flag and return
    uint8_t next = (_receive_buffer_tail + 1) % _SS_MAX_RX_BUFF;
    18f4:	80 91 b3 03 	lds	r24, 0x03B3	; 0x8003b3 <SoftwareSerial::_receive_buffer_tail>
    18f8:	90 e0       	ldi	r25, 0x00	; 0
    18fa:	01 96       	adiw	r24, 0x01	; 1
    18fc:	8f 73       	andi	r24, 0x3F	; 63
    18fe:	99 27       	eor	r25, r25
C:\Users\luci\AppData\Local\Arduino15\packages\MiniCore\hardware\avr\3.1.1\libraries\SoftwareSerial\src/SoftwareSerial.cpp:174
    if (next != _receive_buffer_head)
    1900:	30 91 b2 03 	lds	r19, 0x03B2	; 0x8003b2 <SoftwareSerial::_receive_buffer_head>
    1904:	38 17       	cp	r19, r24
    1906:	99 f0       	breq	.+38     	; 0x192e <__vector_3+0xe8>
C:\Users\luci\AppData\Local\Arduino15\packages\MiniCore\hardware\avr\3.1.1\libraries\SoftwareSerial\src/SoftwareSerial.cpp:177
    {
      // save new data in buffer: tail points to where byte goes
      _receive_buffer[_receive_buffer_tail] = d; // save new byte
    1908:	a0 91 b3 03 	lds	r26, 0x03B3	; 0x8003b3 <SoftwareSerial::_receive_buffer_tail>
    190c:	b0 e0       	ldi	r27, 0x00	; 0
    190e:	ae 58       	subi	r26, 0x8E	; 142
    1910:	bc 4f       	sbci	r27, 0xFC	; 252
    1912:	2c 93       	st	X, r18
C:\Users\luci\AppData\Local\Arduino15\packages\MiniCore\hardware\avr\3.1.1\libraries\SoftwareSerial\src/SoftwareSerial.cpp:178
      _receive_buffer_tail = next;
    1914:	80 93 b3 03 	sts	0x03B3, r24	; 0x8003b3 <SoftwareSerial::_receive_buffer_tail>
_delay_loop_2():
c:\users\luci\appdata\local\arduino15\packages\arduino\tools\avr-gcc\7.3.0-atmel3.6.1-arduino7\avr\include\util/delay_basic.h:110
    1918:	82 8d       	ldd	r24, Z+26	; 0x1a
    191a:	93 8d       	ldd	r25, Z+27	; 0x1b
    191c:	01 97       	sbiw	r24, 0x01	; 1
    191e:	f1 f7       	brne	.-4      	; 0x191c <__vector_3+0xd6>
_ZN14SoftwareSerial11setRxIntMskEb():
C:\Users\luci\AppData\Local\Arduino15\packages\MiniCore\hardware\avr\3.1.1\libraries\SoftwareSerial\src/SoftwareSerial.cpp:440
}

void SoftwareSerial::setRxIntMsk(bool enable)
{
    if (enable)
      *_pcint_maskreg |= _pcint_maskvalue;
    1920:	a3 89       	ldd	r26, Z+19	; 0x13
    1922:	b4 89       	ldd	r27, Z+20	; 0x14
    1924:	8c 91       	ld	r24, X
    1926:	95 89       	ldd	r25, Z+21	; 0x15
    1928:	89 2b       	or	r24, r25
    192a:	8c 93       	st	X, r24
    192c:	ac cf       	rjmp	.-168    	; 0x1886 <__vector_3+0x40>
_ZN14SoftwareSerial4recvEv():
C:\Users\luci\AppData\Local\Arduino15\packages\MiniCore\hardware\avr\3.1.1\libraries\SoftwareSerial\src/SoftwareSerial.cpp:183
      _receive_buffer_tail = next;
    }
    else
    {
      DebugPulse(_DEBUG_PIN1, 1);
      _buffer_overflow = true;
    192e:	86 8d       	ldd	r24, Z+30	; 0x1e
    1930:	81 60       	ori	r24, 0x01	; 1
    1932:	86 8f       	std	Z+30, r24	; 0x1e
    1934:	f1 cf       	rjmp	.-30     	; 0x1918 <__vector_3+0xd2>

00001936 <__vector_11>:
__vector_11():
D:\projects\arduino\figaro\OnlineGasDetector_FIGARO/ArduinoHelper.ino:26
void PrepareSerialPorts() {
  Serial.begin(9600);         //FORTEST
  SIM800L.begin(MODEM_BAUD);  //FORTEST
}

ISR(TIMER1_COMPA_vect) { 
    1936:	1f 92       	push	r1
    1938:	0f 92       	push	r0
    193a:	0f b6       	in	r0, 0x3f	; 63
    193c:	0f 92       	push	r0
    193e:	11 24       	eor	r1, r1
    1940:	2f 93       	push	r18
    1942:	3f 93       	push	r19
    1944:	4f 93       	push	r20
    1946:	5f 93       	push	r21
    1948:	6f 93       	push	r22
    194a:	7f 93       	push	r23
    194c:	8f 93       	push	r24
    194e:	9f 93       	push	r25
    1950:	af 93       	push	r26
    1952:	bf 93       	push	r27
    1954:	ef 93       	push	r30
    1956:	ff 93       	push	r31
GenerateSosSignal():
D:\projects\arduino\figaro\OnlineGasDetector_FIGARO/Notificator.ino:7
const int SosMinInterval = 100;
short SosCyclesCount = 0;

void GenerateSosSignal() {
  // Генерация сигнала S.O.S.
  if (Preparing && !TestAlertIsActive) 
    1958:	80 91 08 01 	lds	r24, 0x0108	; 0x800108 <Preparing>
    195c:	88 23       	and	r24, r24
    195e:	29 f0       	breq	.+10     	; 0x196a <__vector_11+0x34>
    1960:	80 91 c6 03 	lds	r24, 0x03C6	; 0x8003c6 <TestAlertIsActive>
    1964:	88 23       	and	r24, r24
    1966:	09 f4       	brne	.+2      	; 0x196a <__vector_11+0x34>
    1968:	4f c0       	rjmp	.+158    	; 0x1a08 <__vector_11+0xd2>
D:\projects\arduino\figaro\OnlineGasDetector_FIGARO/Notificator.ino:9
    return;
  if (AlertIsActive || TestAlertIsActive) {
    196a:	80 91 c1 03 	lds	r24, 0x03C1	; 0x8003c1 <AlertIsActive>
    196e:	81 11       	cpse	r24, r1
    1970:	05 c0       	rjmp	.+10     	; 0x197c <__vector_11+0x46>
    1972:	80 91 c6 03 	lds	r24, 0x03C6	; 0x8003c6 <TestAlertIsActive>
    1976:	88 23       	and	r24, r24
    1978:	09 f4       	brne	.+2      	; 0x197c <__vector_11+0x46>
    197a:	b0 c0       	rjmp	.+352    	; 0x1adc <__vector_11+0x1a6>
D:\projects\arduino\figaro\OnlineGasDetector_FIGARO/Notificator.ino:10
    if (SosSignalStep > 16) {
    197c:	80 91 70 03 	lds	r24, 0x0370	; 0x800370 <SosSignalStep>
    1980:	90 91 71 03 	lds	r25, 0x0371	; 0x800371 <SosSignalStep+0x1>
    1984:	41 97       	sbiw	r24, 0x11	; 17
    1986:	0c f4       	brge	.+2      	; 0x198a <__vector_11+0x54>
    1988:	58 c0       	rjmp	.+176    	; 0x1a3a <__vector_11+0x104>
D:\projects\arduino\figaro\OnlineGasDetector_FIGARO/Notificator.ino:11
      SignalSwitchWorkInterval = SosMinInterval * 10;
    198a:	88 ee       	ldi	r24, 0xE8	; 232
    198c:	93 e0       	ldi	r25, 0x03	; 3
    198e:	90 93 01 01 	sts	0x0101, r25	; 0x800101 <__data_start+0x1>
    1992:	80 93 00 01 	sts	0x0100, r24	; 0x800100 <__data_start>
D:\projects\arduino\figaro\OnlineGasDetector_FIGARO/Notificator.ino:12
      SetBuzzerState(0);
    1996:	80 e0       	ldi	r24, 0x00	; 0
    1998:	0e 94 6f 04 	call	0x8de	; 0x8de <SetBuzzerState(bool)>
D:\projects\arduino\figaro\OnlineGasDetector_FIGARO/Notificator.ino:13
      SosSignalStep = 0;
    199c:	10 92 71 03 	sts	0x0371, r1	; 0x800371 <SosSignalStep+0x1>
    19a0:	10 92 70 03 	sts	0x0370, r1	; 0x800370 <SosSignalStep>
D:\projects\arduino\figaro\OnlineGasDetector_FIGARO/Notificator.ino:14
      if(TestAlertIsActive) {
    19a4:	80 91 c6 03 	lds	r24, 0x03C6	; 0x8003c6 <TestAlertIsActive>
    19a8:	88 23       	and	r24, r24
    19aa:	99 f0       	breq	.+38     	; 0x19d2 <__vector_11+0x9c>
D:\projects\arduino\figaro\OnlineGasDetector_FIGARO/Notificator.ino:15
        SosCyclesCount++;
    19ac:	80 91 6e 03 	lds	r24, 0x036E	; 0x80036e <__data_end>
    19b0:	90 91 6f 03 	lds	r25, 0x036F	; 0x80036f <__data_end+0x1>
    19b4:	01 96       	adiw	r24, 0x01	; 1
    19b6:	90 93 6f 03 	sts	0x036F, r25	; 0x80036f <__data_end+0x1>
    19ba:	80 93 6e 03 	sts	0x036E, r24	; 0x80036e <__data_end>
D:\projects\arduino\figaro\OnlineGasDetector_FIGARO/Notificator.ino:16
        if(SosCyclesCount > 30){
    19be:	4f 97       	sbiw	r24, 0x1f	; 31
    19c0:	44 f0       	brlt	.+16     	; 0x19d2 <__vector_11+0x9c>
D:\projects\arduino\figaro\OnlineGasDetector_FIGARO/Notificator.ino:17
          TestAlertIsActive = false;
    19c2:	10 92 c6 03 	sts	0x03C6, r1	; 0x8003c6 <TestAlertIsActive>
D:\projects\arduino\figaro\OnlineGasDetector_FIGARO/Notificator.ino:18
          AlertIsActive = false;
    19c6:	10 92 c1 03 	sts	0x03C1, r1	; 0x8003c1 <AlertIsActive>
D:\projects\arduino\figaro\OnlineGasDetector_FIGARO/Notificator.ino:19
          SosCyclesCount = 0;
    19ca:	10 92 6f 03 	sts	0x036F, r1	; 0x80036f <__data_end+0x1>
    19ce:	10 92 6e 03 	sts	0x036E, r1	; 0x80036e <__data_end>
D:\projects\arduino\figaro\OnlineGasDetector_FIGARO/Notificator.ino:44
  } else {
    SetBuzzerState(0);
    SosSignalStep = 0;
  }
  // Рассчитываем следующий OCR1A на основе SignalSwitchWorkInterval (в мс)
  uint32_t ticks = ((F_CPU / 1024UL / 1000UL) * (uint32_t)SignalSwitchWorkInterval) - 1;
    19d2:	a0 91 00 01 	lds	r26, 0x0100	; 0x800100 <__data_start>
    19d6:	b0 91 01 01 	lds	r27, 0x0101	; 0x800101 <__data_start+0x1>
    19da:	2f e0       	ldi	r18, 0x0F	; 15
    19dc:	30 e0       	ldi	r19, 0x00	; 0
    19de:	0e 94 db 18 	call	0x31b6	; 0x31b6 <__usmulhisi3>
D:\projects\arduino\figaro\OnlineGasDetector_FIGARO/Notificator.ino:46
  if (ticks > 65535UL) ticks = 65535UL;  // Ограничение для 16-бит таймера
  next_ocr = (uint16_t)ticks;
    19e2:	dc 01       	movw	r26, r24
    19e4:	cb 01       	movw	r24, r22
    19e6:	01 97       	sbiw	r24, 0x01	; 1
    19e8:	a1 09       	sbc	r26, r1
    19ea:	b1 09       	sbc	r27, r1
    19ec:	00 97       	sbiw	r24, 0x00	; 0
    19ee:	21 e0       	ldi	r18, 0x01	; 1
    19f0:	a2 07       	cpc	r26, r18
    19f2:	b1 05       	cpc	r27, r1
    19f4:	20 f0       	brcs	.+8      	; 0x19fe <__vector_11+0xc8>
    19f6:	8f ef       	ldi	r24, 0xFF	; 255
    19f8:	9f ef       	ldi	r25, 0xFF	; 255
    19fa:	a0 e0       	ldi	r26, 0x00	; 0
    19fc:	b0 e0       	ldi	r27, 0x00	; 0
    19fe:	90 93 03 01 	sts	0x0103, r25	; 0x800103 <next_ocr+0x1>
    1a02:	80 93 02 01 	sts	0x0102, r24	; 0x800102 <next_ocr>
D:\projects\arduino\figaro\OnlineGasDetector_FIGARO/Notificator.ino:47
  wdt_reset();
    1a06:	a8 95       	wdr
__vector_11():
D:\projects\arduino\figaro\OnlineGasDetector_FIGARO/ArduinoHelper.ino:28
  GenerateSosSignal();
  OCR1A = next_ocr;  // Обновляем интервал для следующего прерывания
    1a08:	80 91 02 01 	lds	r24, 0x0102	; 0x800102 <next_ocr>
    1a0c:	90 91 03 01 	lds	r25, 0x0103	; 0x800103 <next_ocr+0x1>
    1a10:	90 93 89 00 	sts	0x0089, r25	; 0x800089 <__DATA_REGION_ORIGIN__+0x29>
    1a14:	80 93 88 00 	sts	0x0088, r24	; 0x800088 <__DATA_REGION_ORIGIN__+0x28>
D:\projects\arduino\figaro\OnlineGasDetector_FIGARO/ArduinoHelper.ino:29
}
    1a18:	ff 91       	pop	r31
    1a1a:	ef 91       	pop	r30
    1a1c:	bf 91       	pop	r27
    1a1e:	af 91       	pop	r26
    1a20:	9f 91       	pop	r25
    1a22:	8f 91       	pop	r24
    1a24:	7f 91       	pop	r23
    1a26:	6f 91       	pop	r22
    1a28:	5f 91       	pop	r21
    1a2a:	4f 91       	pop	r20
    1a2c:	3f 91       	pop	r19
    1a2e:	2f 91       	pop	r18
    1a30:	0f 90       	pop	r0
    1a32:	0f be       	out	0x3f, r0	; 63
    1a34:	0f 90       	pop	r0
    1a36:	1f 90       	pop	r1
    1a38:	18 95       	reti
GenerateSosSignal():
D:\projects\arduino\figaro\OnlineGasDetector_FIGARO/Notificator.ino:22
          TestAlertIsActive = false;
          AlertIsActive = false;
          SosCyclesCount = 0;
        }
      }
    } else if (SosSignalStep == 5 || SosSignalStep == 7 || SosSignalStep == 9 || SosSignalStep == 11) {
    1a3a:	80 91 70 03 	lds	r24, 0x0370	; 0x800370 <SosSignalStep>
    1a3e:	90 91 71 03 	lds	r25, 0x0371	; 0x800371 <SosSignalStep+0x1>
    1a42:	05 97       	sbiw	r24, 0x05	; 5
    1a44:	f1 f0       	breq	.+60     	; 0x1a82 <__vector_11+0x14c>
    1a46:	80 91 70 03 	lds	r24, 0x0370	; 0x800370 <SosSignalStep>
    1a4a:	90 91 71 03 	lds	r25, 0x0371	; 0x800371 <SosSignalStep+0x1>
    1a4e:	07 97       	sbiw	r24, 0x07	; 7
    1a50:	c1 f0       	breq	.+48     	; 0x1a82 <__vector_11+0x14c>
    1a52:	80 91 70 03 	lds	r24, 0x0370	; 0x800370 <SosSignalStep>
    1a56:	90 91 71 03 	lds	r25, 0x0371	; 0x800371 <SosSignalStep+0x1>
    1a5a:	09 97       	sbiw	r24, 0x09	; 9
    1a5c:	91 f0       	breq	.+36     	; 0x1a82 <__vector_11+0x14c>
    1a5e:	80 91 70 03 	lds	r24, 0x0370	; 0x800370 <SosSignalStep>
    1a62:	90 91 71 03 	lds	r25, 0x0371	; 0x800371 <SosSignalStep+0x1>
    1a66:	0b 97       	sbiw	r24, 0x0b	; 11
    1a68:	61 f0       	breq	.+24     	; 0x1a82 <__vector_11+0x14c>
D:\projects\arduino\figaro\OnlineGasDetector_FIGARO/Notificator.ino:26
      SetBuzzerState(0);
      SignalSwitchWorkInterval = SosMinInterval * 2;
      SosSignalStep++;
    } else if (SosSignalStep == 6 || SosSignalStep == 8 || SosSignalStep == 10) {
    1a6a:	80 91 70 03 	lds	r24, 0x0370	; 0x800370 <SosSignalStep>
    1a6e:	90 91 71 03 	lds	r25, 0x0371	; 0x800371 <SosSignalStep+0x1>
    1a72:	06 97       	sbiw	r24, 0x06	; 6
    1a74:	c9 f4       	brne	.+50     	; 0x1aa8 <__vector_11+0x172>
D:\projects\arduino\figaro\OnlineGasDetector_FIGARO/Notificator.ino:27
      SetBuzzerState(1);
    1a76:	81 e0       	ldi	r24, 0x01	; 1
    1a78:	0e 94 6f 04 	call	0x8de	; 0x8de <SetBuzzerState(bool)>
D:\projects\arduino\figaro\OnlineGasDetector_FIGARO/Notificator.ino:28
      SignalSwitchWorkInterval = SosMinInterval * 4;
    1a7c:	80 e9       	ldi	r24, 0x90	; 144
    1a7e:	91 e0       	ldi	r25, 0x01	; 1
    1a80:	05 c0       	rjmp	.+10     	; 0x1a8c <__vector_11+0x156>
D:\projects\arduino\figaro\OnlineGasDetector_FIGARO/Notificator.ino:23
          AlertIsActive = false;
          SosCyclesCount = 0;
        }
      }
    } else if (SosSignalStep == 5 || SosSignalStep == 7 || SosSignalStep == 9 || SosSignalStep == 11) {
      SetBuzzerState(0);
    1a82:	80 e0       	ldi	r24, 0x00	; 0
    1a84:	0e 94 6f 04 	call	0x8de	; 0x8de <SetBuzzerState(bool)>
D:\projects\arduino\figaro\OnlineGasDetector_FIGARO/Notificator.ino:24
      SignalSwitchWorkInterval = SosMinInterval * 2;
    1a88:	88 ec       	ldi	r24, 0xC8	; 200
    1a8a:	90 e0       	ldi	r25, 0x00	; 0
D:\projects\arduino\figaro\OnlineGasDetector_FIGARO/Notificator.ino:28
      SosSignalStep++;
    } else if (SosSignalStep == 6 || SosSignalStep == 8 || SosSignalStep == 10) {
      SetBuzzerState(1);
      SignalSwitchWorkInterval = SosMinInterval * 4;
    1a8c:	90 93 01 01 	sts	0x0101, r25	; 0x800101 <__data_start+0x1>
    1a90:	80 93 00 01 	sts	0x0100, r24	; 0x800100 <__data_start>
D:\projects\arduino\figaro\OnlineGasDetector_FIGARO/Notificator.ino:29
      SosSignalStep++;
    1a94:	80 91 70 03 	lds	r24, 0x0370	; 0x800370 <SosSignalStep>
    1a98:	90 91 71 03 	lds	r25, 0x0371	; 0x800371 <SosSignalStep+0x1>
    1a9c:	01 96       	adiw	r24, 0x01	; 1
    1a9e:	90 93 71 03 	sts	0x0371, r25	; 0x800371 <SosSignalStep+0x1>
    1aa2:	80 93 70 03 	sts	0x0370, r24	; 0x800370 <SosSignalStep>
    1aa6:	95 cf       	rjmp	.-214    	; 0x19d2 <__vector_11+0x9c>
D:\projects\arduino\figaro\OnlineGasDetector_FIGARO/Notificator.ino:26
      }
    } else if (SosSignalStep == 5 || SosSignalStep == 7 || SosSignalStep == 9 || SosSignalStep == 11) {
      SetBuzzerState(0);
      SignalSwitchWorkInterval = SosMinInterval * 2;
      SosSignalStep++;
    } else if (SosSignalStep == 6 || SosSignalStep == 8 || SosSignalStep == 10) {
    1aa8:	80 91 70 03 	lds	r24, 0x0370	; 0x800370 <SosSignalStep>
    1aac:	90 91 71 03 	lds	r25, 0x0371	; 0x800371 <SosSignalStep+0x1>
    1ab0:	08 97       	sbiw	r24, 0x08	; 8
    1ab2:	09 f3       	breq	.-62     	; 0x1a76 <__vector_11+0x140>
    1ab4:	80 91 70 03 	lds	r24, 0x0370	; 0x800370 <SosSignalStep>
    1ab8:	90 91 71 03 	lds	r25, 0x0371	; 0x800371 <SosSignalStep+0x1>
    1abc:	0a 97       	sbiw	r24, 0x0a	; 10
    1abe:	d9 f2       	breq	.-74     	; 0x1a76 <__vector_11+0x140>
D:\projects\arduino\figaro\OnlineGasDetector_FIGARO/Notificator.ino:30
      SetBuzzerState(1);
      SignalSwitchWorkInterval = SosMinInterval * 4;
      SosSignalStep++;
    } else if (SosSignalStep % 2 != 0) {
    1ac0:	80 91 70 03 	lds	r24, 0x0370	; 0x800370 <SosSignalStep>
    1ac4:	90 91 71 03 	lds	r25, 0x0371	; 0x800371 <SosSignalStep+0x1>
    1ac8:	80 fd       	sbrc	r24, 0
    1aca:	02 c0       	rjmp	.+4      	; 0x1ad0 <__vector_11+0x19a>
D:\projects\arduino\figaro\OnlineGasDetector_FIGARO/Notificator.ino:35
      SetBuzzerState(0);
      SignalSwitchWorkInterval = SosMinInterval;
      SosSignalStep++;
    } else {
      SetBuzzerState(1);
    1acc:	81 e0       	ldi	r24, 0x01	; 1
    1ace:	01 c0       	rjmp	.+2      	; 0x1ad2 <__vector_11+0x19c>
D:\projects\arduino\figaro\OnlineGasDetector_FIGARO/Notificator.ino:31
    } else if (SosSignalStep == 6 || SosSignalStep == 8 || SosSignalStep == 10) {
      SetBuzzerState(1);
      SignalSwitchWorkInterval = SosMinInterval * 4;
      SosSignalStep++;
    } else if (SosSignalStep % 2 != 0) {
      SetBuzzerState(0);
    1ad0:	80 e0       	ldi	r24, 0x00	; 0
D:\projects\arduino\figaro\OnlineGasDetector_FIGARO/Notificator.ino:35
      SignalSwitchWorkInterval = SosMinInterval;
      SosSignalStep++;
    } else {
      SetBuzzerState(1);
    1ad2:	0e 94 6f 04 	call	0x8de	; 0x8de <SetBuzzerState(bool)>
D:\projects\arduino\figaro\OnlineGasDetector_FIGARO/Notificator.ino:36
      SignalSwitchWorkInterval = SosMinInterval;
    1ad6:	84 e6       	ldi	r24, 0x64	; 100
    1ad8:	90 e0       	ldi	r25, 0x00	; 0
    1ada:	d8 cf       	rjmp	.-80     	; 0x1a8c <__vector_11+0x156>
D:\projects\arduino\figaro\OnlineGasDetector_FIGARO/Notificator.ino:40
      SosSignalStep++;
    }
  } else {
    SetBuzzerState(0);
    1adc:	80 e0       	ldi	r24, 0x00	; 0
    1ade:	0e 94 6f 04 	call	0x8de	; 0x8de <SetBuzzerState(bool)>
D:\projects\arduino\figaro\OnlineGasDetector_FIGARO/Notificator.ino:41
    SosSignalStep = 0;
    1ae2:	10 92 71 03 	sts	0x0371, r1	; 0x800371 <SosSignalStep+0x1>
    1ae6:	10 92 70 03 	sts	0x0370, r1	; 0x800370 <SosSignalStep>
    1aea:	73 cf       	rjmp	.-282    	; 0x19d2 <__vector_11+0x9c>

00001aec <global constructors keyed to 65535_0_OnlineGasDetector_FIGARO.ino.cpp.o.2329>:
_GLOBAL__I_65535_0_OnlineGasDetector_FIGARO.ino.cpp.o.2329():
    1aec:	cf 92       	push	r12
    1aee:	df 92       	push	r13
    1af0:	ef 92       	push	r14
    1af2:	ff 92       	push	r15
    1af4:	10 92 db 03 	sts	0x03DB, r1	; 0x8003db <Serial+0x3>
    1af8:	10 92 da 03 	sts	0x03DA, r1	; 0x8003da <Serial+0x2>
    1afc:	98 ee       	ldi	r25, 0xE8	; 232
    1afe:	c9 2e       	mov	r12, r25
    1b00:	93 e0       	ldi	r25, 0x03	; 3
    1b02:	d9 2e       	mov	r13, r25
    1b04:	e1 2c       	mov	r14, r1
    1b06:	f1 2c       	mov	r15, r1
    1b08:	c0 92 dc 03 	sts	0x03DC, r12	; 0x8003dc <Serial+0x4>
    1b0c:	d0 92 dd 03 	sts	0x03DD, r13	; 0x8003dd <Serial+0x5>
    1b10:	e0 92 de 03 	sts	0x03DE, r14	; 0x8003de <Serial+0x6>
    1b14:	f0 92 df 03 	sts	0x03DF, r15	; 0x8003df <Serial+0x7>
    1b18:	82 e2       	ldi	r24, 0x22	; 34
    1b1a:	91 e0       	ldi	r25, 0x01	; 1
    1b1c:	90 93 d9 03 	sts	0x03D9, r25	; 0x8003d9 <Serial+0x1>
    1b20:	80 93 d8 03 	sts	0x03D8, r24	; 0x8003d8 <Serial>
    1b24:	85 ec       	ldi	r24, 0xC5	; 197
    1b26:	90 e0       	ldi	r25, 0x00	; 0
    1b28:	90 93 e5 03 	sts	0x03E5, r25	; 0x8003e5 <Serial+0xd>
    1b2c:	80 93 e4 03 	sts	0x03E4, r24	; 0x8003e4 <Serial+0xc>
    1b30:	84 ec       	ldi	r24, 0xC4	; 196
    1b32:	90 e0       	ldi	r25, 0x00	; 0
    1b34:	90 93 e7 03 	sts	0x03E7, r25	; 0x8003e7 <Serial+0xf>
    1b38:	80 93 e6 03 	sts	0x03E6, r24	; 0x8003e6 <Serial+0xe>
    1b3c:	80 ec       	ldi	r24, 0xC0	; 192
    1b3e:	90 e0       	ldi	r25, 0x00	; 0
    1b40:	90 93 e9 03 	sts	0x03E9, r25	; 0x8003e9 <Serial+0x11>
    1b44:	80 93 e8 03 	sts	0x03E8, r24	; 0x8003e8 <Serial+0x10>
    1b48:	81 ec       	ldi	r24, 0xC1	; 193
    1b4a:	90 e0       	ldi	r25, 0x00	; 0
    1b4c:	90 93 eb 03 	sts	0x03EB, r25	; 0x8003eb <Serial+0x13>
    1b50:	80 93 ea 03 	sts	0x03EA, r24	; 0x8003ea <Serial+0x12>
    1b54:	82 ec       	ldi	r24, 0xC2	; 194
    1b56:	90 e0       	ldi	r25, 0x00	; 0
    1b58:	90 93 ed 03 	sts	0x03ED, r25	; 0x8003ed <Serial+0x15>
    1b5c:	80 93 ec 03 	sts	0x03EC, r24	; 0x8003ec <Serial+0x14>
    1b60:	86 ec       	ldi	r24, 0xC6	; 198
    1b62:	90 e0       	ldi	r25, 0x00	; 0
    1b64:	90 93 ef 03 	sts	0x03EF, r25	; 0x8003ef <Serial+0x17>
    1b68:	80 93 ee 03 	sts	0x03EE, r24	; 0x8003ee <Serial+0x16>
    1b6c:	10 92 f1 03 	sts	0x03F1, r1	; 0x8003f1 <Serial+0x19>
    1b70:	10 92 f2 03 	sts	0x03F2, r1	; 0x8003f2 <Serial+0x1a>
    1b74:	10 92 f3 03 	sts	0x03F3, r1	; 0x8003f3 <Serial+0x1b>
    1b78:	10 92 f4 03 	sts	0x03F4, r1	; 0x8003f4 <Serial+0x1c>
    1b7c:	60 e8       	ldi	r22, 0x80	; 128
    1b7e:	71 e0       	ldi	r23, 0x01	; 1
    1b80:	8a e9       	ldi	r24, 0x9A	; 154
    1b82:	94 e0       	ldi	r25, 0x04	; 4
    1b84:	0e 94 65 07 	call	0xeca	; 0xeca <String::String(char const*)>
    1b88:	10 92 7e 04 	sts	0x047E, r1	; 0x80047e <SIM800L+0x3>
    1b8c:	10 92 7d 04 	sts	0x047D, r1	; 0x80047d <SIM800L+0x2>
    1b90:	c0 92 7f 04 	sts	0x047F, r12	; 0x80047f <SIM800L+0x4>
    1b94:	d0 92 80 04 	sts	0x0480, r13	; 0x800480 <SIM800L+0x5>
    1b98:	e0 92 81 04 	sts	0x0481, r14	; 0x800481 <SIM800L+0x6>
    1b9c:	f0 92 82 04 	sts	0x0482, r15	; 0x800482 <SIM800L+0x7>
    1ba0:	84 e3       	ldi	r24, 0x34	; 52
    1ba2:	91 e0       	ldi	r25, 0x01	; 1
    1ba4:	90 93 7c 04 	sts	0x047C, r25	; 0x80047c <SIM800L+0x1>
    1ba8:	80 93 7b 04 	sts	0x047B, r24	; 0x80047b <SIM800L>
    1bac:	10 92 92 04 	sts	0x0492, r1	; 0x800492 <SIM800L+0x17>
    1bb0:	10 92 91 04 	sts	0x0491, r1	; 0x800491 <SIM800L+0x16>
    1bb4:	10 92 94 04 	sts	0x0494, r1	; 0x800494 <SIM800L+0x19>
    1bb8:	10 92 93 04 	sts	0x0493, r1	; 0x800493 <SIM800L+0x18>
    1bbc:	10 92 96 04 	sts	0x0496, r1	; 0x800496 <SIM800L+0x1b>
    1bc0:	10 92 95 04 	sts	0x0495, r1	; 0x800495 <SIM800L+0x1a>
    1bc4:	10 92 98 04 	sts	0x0498, r1	; 0x800498 <SIM800L+0x1d>
    1bc8:	10 92 97 04 	sts	0x0497, r1	; 0x800497 <SIM800L+0x1c>
    1bcc:	60 91 99 04 	lds	r22, 0x0499	; 0x800499 <SIM800L+0x1e>
    1bd0:	6e 7f       	andi	r22, 0xFE	; 254
    1bd2:	6d 7f       	andi	r22, 0xFD	; 253
    1bd4:	60 93 99 04 	sts	0x0499, r22	; 0x800499 <SIM800L+0x1e>
    1bd8:	66 95       	lsr	r22
    1bda:	61 70       	andi	r22, 0x01	; 1
    1bdc:	81 e0       	ldi	r24, 0x01	; 1
    1bde:	68 27       	eor	r22, r24
    1be0:	8b e0       	ldi	r24, 0x0B	; 11
    1be2:	0e 94 62 01 	call	0x2c4	; 0x2c4 <digitalWrite>
    1be6:	61 e0       	ldi	r22, 0x01	; 1
    1be8:	8b e0       	ldi	r24, 0x0B	; 11
    1bea:	0e 94 ae 01 	call	0x35c	; 0x35c <pinMode>
    1bee:	ef e5       	ldi	r30, 0x5F	; 95
    1bf0:	f2 e0       	ldi	r31, 0x02	; 2
    1bf2:	e4 91       	lpm	r30, Z
    1bf4:	e0 93 8b 04 	sts	0x048B, r30	; 0x80048b <SIM800L+0x10>
    1bf8:	e8 e4       	ldi	r30, 0x48	; 72
    1bfa:	f2 e0       	ldi	r31, 0x02	; 2
    1bfc:	e4 91       	lpm	r30, Z
    1bfe:	f0 e0       	ldi	r31, 0x00	; 0
    1c00:	ee 0f       	add	r30, r30
    1c02:	ff 1f       	adc	r31, r31
    1c04:	ed 5c       	subi	r30, 0xCD	; 205
    1c06:	fd 4f       	sbci	r31, 0xFD	; 253
    1c08:	85 91       	lpm	r24, Z+
    1c0a:	94 91       	lpm	r25, Z
    1c0c:	90 93 8d 04 	sts	0x048D, r25	; 0x80048d <SIM800L+0x12>
    1c10:	80 93 8c 04 	sts	0x048C, r24	; 0x80048c <SIM800L+0x11>
    1c14:	60 e0       	ldi	r22, 0x00	; 0
    1c16:	8a e0       	ldi	r24, 0x0A	; 10
    1c18:	0e 94 ae 01 	call	0x35c	; 0x35c <pinMode>
    1c1c:	80 91 99 04 	lds	r24, 0x0499	; 0x800499 <SIM800L+0x1e>
    1c20:	81 fd       	sbrc	r24, 1
    1c22:	04 c0       	rjmp	.+8      	; 0x1c2c <global constructors keyed to 65535_0_OnlineGasDetector_FIGARO.ino.cpp.o.2329+0x140>
    1c24:	61 e0       	ldi	r22, 0x01	; 1
    1c26:	8a e0       	ldi	r24, 0x0A	; 10
    1c28:	0e 94 62 01 	call	0x2c4	; 0x2c4 <digitalWrite>
    1c2c:	8a e0       	ldi	r24, 0x0A	; 10
    1c2e:	80 93 87 04 	sts	0x0487, r24	; 0x800487 <SIM800L+0xc>
    1c32:	ee e5       	ldi	r30, 0x5E	; 94
    1c34:	f2 e0       	ldi	r31, 0x02	; 2
    1c36:	e4 91       	lpm	r30, Z
    1c38:	e0 93 88 04 	sts	0x0488, r30	; 0x800488 <SIM800L+0xd>
    1c3c:	e7 e4       	ldi	r30, 0x47	; 71
    1c3e:	f2 e0       	ldi	r31, 0x02	; 2
    1c40:	e4 91       	lpm	r30, Z
    1c42:	f0 e0       	ldi	r31, 0x00	; 0
    1c44:	ee 0f       	add	r30, r30
    1c46:	ff 1f       	adc	r31, r31
    1c48:	e7 5d       	subi	r30, 0xD7	; 215
    1c4a:	fd 4f       	sbci	r31, 0xFD	; 253
    1c4c:	85 91       	lpm	r24, Z+
    1c4e:	94 91       	lpm	r25, Z
    1c50:	90 93 8a 04 	sts	0x048A, r25	; 0x80048a <SIM800L+0xf>
    1c54:	80 93 89 04 	sts	0x0489, r24	; 0x800489 <SIM800L+0xe>
    1c58:	64 e8       	ldi	r22, 0x84	; 132
    1c5a:	71 e0       	ldi	r23, 0x01	; 1
    1c5c:	85 e7       	ldi	r24, 0x75	; 117
    1c5e:	94 e0       	ldi	r25, 0x04	; 4
    1c60:	ff 90       	pop	r15
    1c62:	ef 90       	pop	r14
    1c64:	df 90       	pop	r13
    1c66:	cf 90       	pop	r12
    1c68:	0c 94 65 07 	jmp	0xeca	; 0xeca <String::String(char const*)>

00001c6c <main>:
main():
C:\Users\luci\AppData\Local\Arduino15\packages\MiniCore\hardware\avr\3.1.1\cores\MCUdude_corefiles/main.cpp:34

//void setupUSB() __attribute__((weak));
//void setupUSB() { }

int main(void)
{
    1c6c:	cf 93       	push	r28
    1c6e:	df 93       	push	r29
    1c70:	cd b7       	in	r28, 0x3d	; 61
    1c72:	de b7       	in	r29, 0x3e	; 62
    1c74:	a4 97       	sbiw	r28, 0x24	; 36
    1c76:	0f b6       	in	r0, 0x3f	; 63
    1c78:	f8 94       	cli
    1c7a:	de bf       	out	0x3e, r29	; 62
    1c7c:	0f be       	out	0x3f, r0	; 63
    1c7e:	cd bf       	out	0x3d, r28	; 61
init():
C:\Users\luci\AppData\Local\Arduino15\packages\MiniCore\hardware\avr\3.1.1\cores\MCUdude_corefiles/wiring.c:945

void init()
{
  // this needs to be called before setup() or some functions won't
  // work there
  sei();
    1c80:	78 94       	sei
C:\Users\luci\AppData\Local\Arduino15\packages\MiniCore\hardware\avr\3.1.1\cores\MCUdude_corefiles/wiring.c:957

  // On the ATmega168, timer 0 is also used for fast hardware pwm
  // (using phase-correct PWM would mean that timer 0 overflowed half as often
  // resulting in different millis() behavior on the ATmega8 and ATmega168)
#if defined(TCCR0A) && defined(WGM01)
  TCCR0A |= _BV(WGM01) | _BV(WGM00);
    1c82:	84 b5       	in	r24, 0x24	; 36
    1c84:	83 60       	ori	r24, 0x03	; 3
    1c86:	84 bd       	out	0x24, r24	; 36
C:\Users\luci\AppData\Local\Arduino15\packages\MiniCore\hardware\avr\3.1.1\cores\MCUdude_corefiles/wiring.c:972
  #if defined(WGM00) && defined(WGM01) // The ATmega8 doesn't have WGM00 and WGM01
    TCCR0 |= _BV(WGM01) | _BV(WGM00);
  #endif
#elif defined(TCCR0B) && defined(CS01) && defined(CS00)
  // This combination is for the standard 168/328/640/1280/1281/2560/2561
  TCCR0B |= _BV(CS01) | _BV(CS00);
    1c88:	85 b5       	in	r24, 0x25	; 37
    1c8a:	83 60       	ori	r24, 0x03	; 3
    1c8c:	85 bd       	out	0x25, r24	; 37
C:\Users\luci\AppData\Local\Arduino15\packages\MiniCore\hardware\avr\3.1.1\cores\MCUdude_corefiles/wiring.c:984

// Enable timer 0 overflow interrupt
#if defined(TIMSK) && defined(TOIE0)
  TIMSK |= _BV(TOIE0);
#elif defined(TIMSK0) && defined(TOIE0)
  TIMSK0 |= _BV(TOIE0);
    1c8e:	80 91 6e 00 	lds	r24, 0x006E	; 0x80006e <__DATA_REGION_ORIGIN__+0xe>
    1c92:	81 60       	ori	r24, 0x01	; 1
    1c94:	80 93 6e 00 	sts	0x006E, r24	; 0x80006e <__DATA_REGION_ORIGIN__+0xe>
C:\Users\luci\AppData\Local\Arduino15\packages\MiniCore\hardware\avr\3.1.1\cores\MCUdude_corefiles/wiring.c:995
// this is better for motors as it ensures an even waveform
// note, however, that fast pwm mode can achieve a frequency of up
// 8 MHz (with a 16 MHz clock) at 50% duty cycle

#if defined(TCCR1B) && defined(CS11) && defined(CS10)
  TCCR1B = _BV(CS11); // Set timer 1 prescale factor to 64
    1c98:	12 e0       	ldi	r17, 0x02	; 2
    1c9a:	10 93 81 00 	sts	0x0081, r17	; 0x800081 <__DATA_REGION_ORIGIN__+0x21>
C:\Users\luci\AppData\Local\Arduino15\packages\MiniCore\hardware\avr\3.1.1\cores\MCUdude_corefiles/wiring.c:997
#if F_CPU >= 8000000L
  TCCR1B |= _BV(CS10);
    1c9e:	80 91 81 00 	lds	r24, 0x0081	; 0x800081 <__DATA_REGION_ORIGIN__+0x21>
    1ca2:	81 60       	ori	r24, 0x01	; 1
    1ca4:	80 93 81 00 	sts	0x0081, r24	; 0x800081 <__DATA_REGION_ORIGIN__+0x21>
C:\Users\luci\AppData\Local\Arduino15\packages\MiniCore\hardware\avr\3.1.1\cores\MCUdude_corefiles/wiring.c:1006
#if F_CPU >= 8000000L
  TCCR1 |= _BV(CS10);
#endif
#endif
#if defined(TCCR1A) && defined(WGM10)
  TCCR1A |= _BV(WGM10); // Put timer 1 in 8-bit phase correct pwm mode
    1ca8:	80 91 80 00 	lds	r24, 0x0080	; 0x800080 <__DATA_REGION_ORIGIN__+0x20>
    1cac:	81 60       	ori	r24, 0x01	; 1
    1cae:	80 93 80 00 	sts	0x0080, r24	; 0x800080 <__DATA_REGION_ORIGIN__+0x20>
C:\Users\luci\AppData\Local\Arduino15\packages\MiniCore\hardware\avr\3.1.1\cores\MCUdude_corefiles/wiring.c:1013

// Set timer 2 prescale factor to 64
#if defined(TCCR2) && defined(CS22)
  TCCR2 |= _BV(CS22);
#elif defined(TCCR2B) && defined(CS22)
  TCCR2B |= _BV(CS22);
    1cb2:	80 91 b1 00 	lds	r24, 0x00B1	; 0x8000b1 <__DATA_REGION_ORIGIN__+0x51>
    1cb6:	84 60       	ori	r24, 0x04	; 4
    1cb8:	80 93 b1 00 	sts	0x00B1, r24	; 0x8000b1 <__DATA_REGION_ORIGIN__+0x51>
C:\Users\luci\AppData\Local\Arduino15\packages\MiniCore\hardware\avr\3.1.1\cores\MCUdude_corefiles/wiring.c:1022

// Configure timer 2 for phase correct pwm (8-bit)
#if defined(TCCR2) && defined(WGM20)
  TCCR2 |= _BV(WGM20);
#elif defined(TCCR2A) && defined(WGM20)
  TCCR2A |= _BV(WGM20);
    1cbc:	80 91 b0 00 	lds	r24, 0x00B0	; 0x8000b0 <__DATA_REGION_ORIGIN__+0x50>
    1cc0:	81 60       	ori	r24, 0x01	; 1
    1cc2:	80 93 b0 00 	sts	0x00B0, r24	; 0x8000b0 <__DATA_REGION_ORIGIN__+0x50>
C:\Users\luci\AppData\Local\Arduino15\packages\MiniCore\hardware\avr\3.1.1\cores\MCUdude_corefiles/wiring.c:1050
#endif

#if defined(ADCSRA)
  // set a2d prescaler so we are inside the desired 50-200 KHz range.
  #if F_CPU >= 16000000 // 16 MHz / 128 = 125 KHz
    ADCSRA = _BV(ADPS2) | _BV(ADPS1) | _BV(ADPS0) | _BV(ADEN);
    1cc6:	87 e8       	ldi	r24, 0x87	; 135
    1cc8:	80 93 7a 00 	sts	0x007A, r24	; 0x80007a <__DATA_REGION_ORIGIN__+0x1a>
C:\Users\luci\AppData\Local\Arduino15\packages\MiniCore\hardware\avr\3.1.1\cores\MCUdude_corefiles/wiring.c:1070
  // here so they can be used as normal digital i/o; they will be
  // reconnected in Serial.begin()
#if defined(UCSRB)
  UCSRB = 0;
#elif defined(UCSR0B)
  UCSR0B = 0;
    1ccc:	10 92 c1 00 	sts	0x00C1, r1	; 0x8000c1 <__DATA_REGION_ORIGIN__+0x61>
setup():
D:\projects\arduino\figaro\OnlineGasDetector_FIGARO/OnlineGasDetector_FIGARO.ino:71

//Програмная перезагрузка контроллера
void (*Reboot)(void) = 0;

void setup() {
  Preparing = true;
    1cd0:	81 e0       	ldi	r24, 0x01	; 1
    1cd2:	80 93 08 01 	sts	0x0108, r24	; 0x800108 <Preparing>
D:\projects\arduino\figaro\OnlineGasDetector_FIGARO/OnlineGasDetector_FIGARO.ino:73
  //Настройка режимов для пинов
  pinMode(BuzzerPin, OUTPUT);
    1cd6:	61 e0       	ldi	r22, 0x01	; 1
    1cd8:	8d e0       	ldi	r24, 0x0D	; 13
    1cda:	0e 94 ae 01 	call	0x35c	; 0x35c <pinMode>
D:\projects\arduino\figaro\OnlineGasDetector_FIGARO/OnlineGasDetector_FIGARO.ino:74
  pinMode(AlertLedPin, OUTPUT);
    1cde:	61 e0       	ldi	r22, 0x01	; 1
    1ce0:	84 e0       	ldi	r24, 0x04	; 4
    1ce2:	0e 94 ae 01 	call	0x35c	; 0x35c <pinMode>
D:\projects\arduino\figaro\OnlineGasDetector_FIGARO/OnlineGasDetector_FIGARO.ino:75
  pinMode(AliveLedPin, OUTPUT);
    1ce6:	61 e0       	ldi	r22, 0x01	; 1
    1ce8:	85 e0       	ldi	r24, 0x05	; 5
    1cea:	0e 94 ae 01 	call	0x35c	; 0x35c <pinMode>
D:\projects\arduino\figaro\OnlineGasDetector_FIGARO/OnlineGasDetector_FIGARO.ino:76
  pinMode(MuteButtonPin, INPUT_PULLUP);
    1cee:	62 e0       	ldi	r22, 0x02	; 2
    1cf0:	82 e0       	ldi	r24, 0x02	; 2
    1cf2:	0e 94 ae 01 	call	0x35c	; 0x35c <pinMode>
D:\projects\arduino\figaro\OnlineGasDetector_FIGARO/OnlineGasDetector_FIGARO.ino:77
  pinMode(TestButtonPin, INPUT_PULLUP);
    1cf6:	62 e0       	ldi	r22, 0x02	; 2
    1cf8:	83 e0       	ldi	r24, 0x03	; 3
    1cfa:	0e 94 ae 01 	call	0x35c	; 0x35c <pinMode>
D:\projects\arduino\figaro\OnlineGasDetector_FIGARO/OnlineGasDetector_FIGARO.ino:78
  pinMode(MODEM_POWER_PIN, OUTPUT);
    1cfe:	61 e0       	ldi	r22, 0x01	; 1
    1d00:	8c e0       	ldi	r24, 0x0C	; 12
    1d02:	0e 94 ae 01 	call	0x35c	; 0x35c <pinMode>
D:\projects\arduino\figaro\OnlineGasDetector_FIGARO/OnlineGasDetector_FIGARO.ino:79
  pinMode(FigaroAnalogPin, INPUT);
    1d06:	60 e0       	ldi	r22, 0x00	; 0
    1d08:	80 e1       	ldi	r24, 0x10	; 16
    1d0a:	0e 94 ae 01 	call	0x35c	; 0x35c <pinMode>
D:\projects\arduino\figaro\OnlineGasDetector_FIGARO/OnlineGasDetector_FIGARO.ino:81

  digitalWrite(BuzzerPin, LOW);
    1d0e:	60 e0       	ldi	r22, 0x00	; 0
    1d10:	8d e0       	ldi	r24, 0x0D	; 13
    1d12:	0e 94 62 01 	call	0x2c4	; 0x2c4 <digitalWrite>
attachInterrupt():
C:\Users\luci\AppData\Local\Arduino15\packages\MiniCore\hardware\avr\3.1.1\cores\MCUdude_corefiles/WInterrupts.c:66

void attachInterrupt(uint8_t interruptNum, void (*userFunc)(void), int mode)
{
  if(interruptNum < EXTERNAL_NUM_INTERRUPTS)
  {
    intFunc[interruptNum] = userFunc;
    1d16:	80 e9       	ldi	r24, 0x90	; 144
    1d18:	94 e0       	ldi	r25, 0x04	; 4
    1d1a:	90 93 05 01 	sts	0x0105, r25	; 0x800105 <intFunc+0x1>
    1d1e:	80 93 04 01 	sts	0x0104, r24	; 0x800104 <intFunc>
C:\Users\luci\AppData\Local\Arduino15\packages\MiniCore\hardware\avr\3.1.1\cores\MCUdude_corefiles/WInterrupts.c:231
      #elif defined(__AVR_ATmega48__) || defined(__AVR_ATmega48P__)  || defined(__AVR_ATmega48PB__)  \
      || defined(__AVR_ATmega88__)    || defined(__AVR_ATmega88P__)  || defined(__AVR_ATmega88PB__)  \
      || defined(__AVR_ATmega168__)   || defined(__AVR_ATmega168P__) || defined(__AVR_ATmega168PB__) \
      || defined(__AVR_ATmega328__)   || defined(__AVR_ATmega328P__) || defined(__AVR_ATmega328PB__)
        case 0:
          EICRA = (EICRA & ~((1 << ISC00) | (1 << ISC01))) | (mode << ISC00);
    1d22:	80 91 69 00 	lds	r24, 0x0069	; 0x800069 <__DATA_REGION_ORIGIN__+0x9>
    1d26:	8c 7f       	andi	r24, 0xFC	; 252
    1d28:	82 60       	ori	r24, 0x02	; 2
    1d2a:	80 93 69 00 	sts	0x0069, r24	; 0x800069 <__DATA_REGION_ORIGIN__+0x9>
C:\Users\luci\AppData\Local\Arduino15\packages\MiniCore\hardware\avr\3.1.1\cores\MCUdude_corefiles/WInterrupts.c:232
          EIMSK |= (1 << INT0);
    1d2e:	e8 9a       	sbi	0x1d, 0	; 29
C:\Users\luci\AppData\Local\Arduino15\packages\MiniCore\hardware\avr\3.1.1\cores\MCUdude_corefiles/WInterrupts.c:66

void attachInterrupt(uint8_t interruptNum, void (*userFunc)(void), int mode)
{
  if(interruptNum < EXTERNAL_NUM_INTERRUPTS)
  {
    intFunc[interruptNum] = userFunc;
    1d30:	8e e4       	ldi	r24, 0x4E	; 78
    1d32:	92 e0       	ldi	r25, 0x02	; 2
    1d34:	90 93 07 01 	sts	0x0107, r25	; 0x800107 <intFunc+0x3>
    1d38:	80 93 06 01 	sts	0x0106, r24	; 0x800106 <intFunc+0x2>
C:\Users\luci\AppData\Local\Arduino15\packages\MiniCore\hardware\avr\3.1.1\cores\MCUdude_corefiles/WInterrupts.c:235
        case 0:
          EICRA = (EICRA & ~((1 << ISC00) | (1 << ISC01))) | (mode << ISC00);
          EIMSK |= (1 << INT0);
          break;
        case 1:
          EICRA = (EICRA & ~((1 << ISC10) | (1 << ISC11))) | (mode << ISC10);
    1d3c:	80 91 69 00 	lds	r24, 0x0069	; 0x800069 <__DATA_REGION_ORIGIN__+0x9>
    1d40:	83 7f       	andi	r24, 0xF3	; 243
    1d42:	88 60       	ori	r24, 0x08	; 8
    1d44:	80 93 69 00 	sts	0x0069, r24	; 0x800069 <__DATA_REGION_ORIGIN__+0x9>
C:\Users\luci\AppData\Local\Arduino15\packages\MiniCore\hardware\avr\3.1.1\cores\MCUdude_corefiles/WInterrupts.c:236
          EIMSK |= (1 << INT1);
    1d48:	e9 9a       	sbi	0x1d, 1	; 29
analogReference():
C:\Users\luci\AppData\Local\Arduino15\packages\MiniCore\hardware\avr\3.1.1\cores\MCUdude_corefiles/wiring_analog.c:41
void analogReference(uint8_t mode)
{
  // can't actually set the register here because the default setting
  // will connect AVCC and the AREF pin, which would cause a short if
  // there's something connected to AREF.
  analog_reference = mode;
    1d4a:	10 92 09 01 	sts	0x0109, r1	; 0x800109 <analog_reference>
begin():
C:\Users\luci\AppData\Local\Arduino15\packages\MiniCore\hardware\avr\3.1.1\cores\MCUdude_corefiles/HardwareSerial.cpp:121

void HardwareSerial::begin(unsigned long baud, byte config)
{
  // Try u2x mode first
  uint16_t baud_setting = (F_CPU / 4 / baud - 1) / 2;
  *_ucsra = 1 << U2X0;
    1d4e:	e0 91 e8 03 	lds	r30, 0x03E8	; 0x8003e8 <Serial+0x10>
    1d52:	f0 91 e9 03 	lds	r31, 0x03E9	; 0x8003e9 <Serial+0x11>
    1d56:	10 83       	st	Z, r17
C:\Users\luci\AppData\Local\Arduino15\packages\MiniCore\hardware\avr\3.1.1\cores\MCUdude_corefiles/HardwareSerial.cpp:135
    *_ucsra = 0;
    baud_setting = (F_CPU / 8 / baud - 1) / 2;
  }

  // assign the baud_setting, a.k.a. ubrr (USART Baud Rate Register)
  *_ubrrh = baud_setting >> 8;
    1d58:	e0 91 e4 03 	lds	r30, 0x03E4	; 0x8003e4 <Serial+0xc>
    1d5c:	f0 91 e5 03 	lds	r31, 0x03E5	; 0x8003e5 <Serial+0xd>
    1d60:	10 82       	st	Z, r1
C:\Users\luci\AppData\Local\Arduino15\packages\MiniCore\hardware\avr\3.1.1\cores\MCUdude_corefiles/HardwareSerial.cpp:136
  *_ubrrl = baud_setting;
    1d62:	e0 91 e6 03 	lds	r30, 0x03E6	; 0x8003e6 <Serial+0xe>
    1d66:	f0 91 e7 03 	lds	r31, 0x03E7	; 0x8003e7 <Serial+0xf>
    1d6a:	8f ec       	ldi	r24, 0xCF	; 207
    1d6c:	80 83       	st	Z, r24
C:\Users\luci\AppData\Local\Arduino15\packages\MiniCore\hardware\avr\3.1.1\cores\MCUdude_corefiles/HardwareSerial.cpp:138

  _written = false;
    1d6e:	10 92 f0 03 	sts	0x03F0, r1	; 0x8003f0 <Serial+0x18>
C:\Users\luci\AppData\Local\Arduino15\packages\MiniCore\hardware\avr\3.1.1\cores\MCUdude_corefiles/HardwareSerial.cpp:146
#if defined(__AVR_ATmega8__) || defined(__AVR_ATmega8515__) || defined(__AVR_ATmega162__) \
|| defined(__AVR_ATmega8535__) || defined(__AVR_ATmega16__)|| defined(__AVR_ATmega32__)   \
|| defined(__AVR_ATmega162__)
  config |= 0x80; // select UCSRC register (shared with UBRRH)
#endif
  *_ucsrc = config;
    1d72:	e0 91 ec 03 	lds	r30, 0x03EC	; 0x8003ec <Serial+0x14>
    1d76:	f0 91 ed 03 	lds	r31, 0x03ED	; 0x8003ed <Serial+0x15>
    1d7a:	86 e0       	ldi	r24, 0x06	; 6
    1d7c:	80 83       	st	Z, r24
C:\Users\luci\AppData\Local\Arduino15\packages\MiniCore\hardware\avr\3.1.1\cores\MCUdude_corefiles/HardwareSerial.cpp:148
  
  *_ucsrb |= _BV(RXEN0) | _BV(TXEN0) | _BV(RXCIE0);
    1d7e:	e0 91 ea 03 	lds	r30, 0x03EA	; 0x8003ea <Serial+0x12>
    1d82:	f0 91 eb 03 	lds	r31, 0x03EB	; 0x8003eb <Serial+0x13>
    1d86:	80 81       	ld	r24, Z
    1d88:	88 69       	ori	r24, 0x98	; 152
    1d8a:	80 83       	st	Z, r24
C:\Users\luci\AppData\Local\Arduino15\packages\MiniCore\hardware\avr\3.1.1\cores\MCUdude_corefiles/HardwareSerial.cpp:149
  *_ucsrb &= ~_BV(UDRIE0);
    1d8c:	e0 91 ea 03 	lds	r30, 0x03EA	; 0x8003ea <Serial+0x12>
    1d90:	f0 91 eb 03 	lds	r31, 0x03EB	; 0x8003eb <Serial+0x13>
    1d94:	80 81       	ld	r24, Z
    1d96:	8f 7d       	andi	r24, 0xDF	; 223
    1d98:	80 83       	st	Z, r24
C:\Users\luci\AppData\Local\Arduino15\packages\MiniCore\hardware\avr\3.1.1\libraries\SoftwareSerial\src/SoftwareSerial.cpp:316
// Public methods
//

void SoftwareSerial::begin(long speed)
{
  _rx_delay_centering = _rx_delay_intrabit = _rx_delay_stopbit = _tx_delay = 0;
    1d9a:	10 92 96 04 	sts	0x0496, r1	; 0x800496 <SIM800L+0x1b>
    1d9e:	10 92 95 04 	sts	0x0495, r1	; 0x800495 <SIM800L+0x1a>
    1da2:	10 92 94 04 	sts	0x0494, r1	; 0x800494 <SIM800L+0x19>
    1da6:	10 92 93 04 	sts	0x0493, r1	; 0x800493 <SIM800L+0x18>
    1daa:	10 92 92 04 	sts	0x0492, r1	; 0x800492 <SIM800L+0x17>
    1dae:	10 92 91 04 	sts	0x0491, r1	; 0x800491 <SIM800L+0x16>
C:\Users\luci\AppData\Local\Arduino15\packages\MiniCore\hardware\avr\3.1.1\libraries\SoftwareSerial\src/SoftwareSerial.cpp:326
  // 12 (gcc 4.8.2) or 13 (gcc 4.3.2) cycles from start bit to first bit,
  // 15 (gcc 4.8.2) or 16 (gcc 4.3.2) cycles between bits,
  // 12 (gcc 4.8.2) or 14 (gcc 4.3.2) cycles from last bit to stop bit
  // These are all close enough to just use 15 cycles, since the inter-bit
  // timings are the most critical (deviations stack 8 times)
  _tx_delay = subtract_cap(bit_delay, 15 / 4);
    1db2:	8d ec       	ldi	r24, 0xCD	; 205
    1db4:	90 e0       	ldi	r25, 0x00	; 0
    1db6:	90 93 98 04 	sts	0x0498, r25	; 0x800498 <SIM800L+0x1d>
    1dba:	80 93 97 04 	sts	0x0497, r24	; 0x800497 <SIM800L+0x1c>
C:\Users\luci\AppData\Local\Arduino15\packages\MiniCore\hardware\avr\3.1.1\libraries\SoftwareSerial\src/SoftwareSerial.cpp:330

#if defined(PCINT_ONLY) || defined(INT_AND_PCINT)
  // Only setup rx when we have a valid PCINT for this pin
  if (digitalPinToPCICR(_receivePin)) {
    1dbe:	80 91 87 04 	lds	r24, 0x0487	; 0x800487 <SIM800L+0xc>
    1dc2:	87 31       	cpi	r24, 0x17	; 23
    1dc4:	08 f0       	brcs	.+2      	; 0x1dc8 <main+0x15c>
    1dc6:	4b c0       	rjmp	.+150    	; 0x1e5e <main+0x1f2>
C:\Users\luci\AppData\Local\Arduino15\packages\MiniCore\hardware\avr\3.1.1\libraries\SoftwareSerial\src/SoftwareSerial.cpp:345
    // are 17 more cycles until the pin value is read (excluding the
    // delay in the loop).
    // We want to have a total delay of 1.5 bit time. Inside the loop,
    // we already wait for 1 bit time - 23 cycles, so here we wait for
    // 0.5 bit time - (71 + 18 - 22) cycles.
    _rx_delay_centering = subtract_cap(bit_delay / 2, (4 + 4 + 75 + 17 - 23) / 4);
    1dc8:	25 e5       	ldi	r18, 0x55	; 85
    1dca:	30 e0       	ldi	r19, 0x00	; 0
    1dcc:	30 93 92 04 	sts	0x0492, r19	; 0x800492 <SIM800L+0x17>
    1dd0:	20 93 91 04 	sts	0x0491, r18	; 0x800491 <SIM800L+0x16>
C:\Users\luci\AppData\Local\Arduino15\packages\MiniCore\hardware\avr\3.1.1\libraries\SoftwareSerial\src/SoftwareSerial.cpp:348

    // There are 23 cycles in each loop iteration (excluding the delay)
    _rx_delay_intrabit = subtract_cap(bit_delay, 23 / 4);
    1dd4:	2b ec       	ldi	r18, 0xCB	; 203
    1dd6:	30 e0       	ldi	r19, 0x00	; 0
    1dd8:	30 93 94 04 	sts	0x0494, r19	; 0x800494 <SIM800L+0x19>
    1ddc:	20 93 93 04 	sts	0x0493, r18	; 0x800493 <SIM800L+0x18>
C:\Users\luci\AppData\Local\Arduino15\packages\MiniCore\hardware\avr\3.1.1\libraries\SoftwareSerial\src/SoftwareSerial.cpp:357
    // mask is enabled again (which _must_ happen during the stopbit).
    // This delay aims at 3/4 of a bit time, meaning the end of the
    // delay will be at 1/4th of the stopbit. This allows some extra
    // time for ISR cleanup, which makes 115200 baud at 16Mhz work more
    // reliably
    _rx_delay_stopbit = subtract_cap(bit_delay * 3 / 4, (37 + 11) / 4);
    1de0:	20 e9       	ldi	r18, 0x90	; 144
    1de2:	30 e0       	ldi	r19, 0x00	; 0
    1de4:	30 93 96 04 	sts	0x0496, r19	; 0x800496 <SIM800L+0x1b>
    1de8:	20 93 95 04 	sts	0x0495, r18	; 0x800495 <SIM800L+0x1a>
C:\Users\luci\AppData\Local\Arduino15\packages\MiniCore\hardware\avr\3.1.1\libraries\SoftwareSerial\src/SoftwareSerial.cpp:371


    // Enable the PCINT for the entire port here, but never disable it
    // (others might also need it, so we disable the interrupt by using
    // the per-pin PCMSK register).
    *digitalPinToPCICR(_receivePin) |= _BV(digitalPinToPCICRbit(_receivePin));
    1dec:	20 91 68 00 	lds	r18, 0x0068	; 0x800068 <__DATA_REGION_ORIGIN__+0x8>
main():
    1df0:	94 e0       	ldi	r25, 0x04	; 4
begin():
    1df2:	88 30       	cpi	r24, 0x08	; 8
    1df4:	54 f0       	brlt	.+20     	; 0x1e0a <main+0x19e>
main():
    1df6:	91 e0       	ldi	r25, 0x01	; 1
begin():
    1df8:	8e 30       	cpi	r24, 0x0E	; 14
    1dfa:	3c f0       	brlt	.+14     	; 0x1e0a <main+0x19e>
main():
    1dfc:	92 e0       	ldi	r25, 0x02	; 2
begin():
    1dfe:	84 31       	cpi	r24, 0x14	; 20
    1e00:	24 f0       	brlt	.+8      	; 0x1e0a <main+0x19e>
    1e02:	91 e0       	ldi	r25, 0x01	; 1
    1e04:	86 31       	cpi	r24, 0x16	; 22
    1e06:	09 f4       	brne	.+2      	; 0x1e0a <main+0x19e>
    1e08:	90 e0       	ldi	r25, 0x00	; 0
    1e0a:	92 2b       	or	r25, r18
    1e0c:	90 93 68 00 	sts	0x0068, r25	; 0x800068 <__DATA_REGION_ORIGIN__+0x8>
main():
C:\Users\luci\AppData\Local\Arduino15\packages\MiniCore\hardware\avr\3.1.1\libraries\SoftwareSerial\src/SoftwareSerial.cpp:374
    // Precalculate the pcint mask register and value, so setRxIntMask
    // can be used inside the ISR without costing too much time.
    _pcint_maskreg = digitalPinToPCMSK(_receivePin);
    1e10:	2d e6       	ldi	r18, 0x6D	; 109
    1e12:	30 e0       	ldi	r19, 0x00	; 0
begin():
    1e14:	88 30       	cpi	r24, 0x08	; 8
    1e16:	74 f0       	brlt	.+28     	; 0x1e34 <main+0x1c8>
    1e18:	8e 30       	cpi	r24, 0x0E	; 14
    1e1a:	0c f4       	brge	.+2      	; 0x1e1e <main+0x1b2>
    1e1c:	19 c2       	rjmp	.+1074   	; 0x2250 <main+0x5e4>
    1e1e:	84 31       	cpi	r24, 0x14	; 20
    1e20:	3c f0       	brlt	.+14     	; 0x1e30 <main+0x1c4>
    1e22:	86 31       	cpi	r24, 0x16	; 22
    1e24:	0c f4       	brge	.+2      	; 0x1e28 <main+0x1bc>
    1e26:	14 c2       	rjmp	.+1064   	; 0x2250 <main+0x5e4>
main():
    1e28:	30 e0       	ldi	r19, 0x00	; 0
    1e2a:	20 e0       	ldi	r18, 0x00	; 0
begin():
    1e2c:	86 31       	cpi	r24, 0x16	; 22
    1e2e:	11 f4       	brne	.+4      	; 0x1e34 <main+0x1c8>
main():
    1e30:	2c e6       	ldi	r18, 0x6C	; 108
    1e32:	30 e0       	ldi	r19, 0x00	; 0
begin():
    1e34:	30 93 8f 04 	sts	0x048F, r19	; 0x80048f <SIM800L+0x14>
    1e38:	20 93 8e 04 	sts	0x048E, r18	; 0x80048e <SIM800L+0x13>
C:\Users\luci\AppData\Local\Arduino15\packages\MiniCore\hardware\avr\3.1.1\libraries\SoftwareSerial\src/SoftwareSerial.cpp:375
    _pcint_maskvalue = _BV(digitalPinToPCMSKbit(_receivePin));
    1e3c:	88 30       	cpi	r24, 0x08	; 8
    1e3e:	0c f0       	brlt	.+2      	; 0x1e42 <main+0x1d6>
    1e40:	0a c2       	rjmp	.+1044   	; 0x2256 <main+0x5ea>
    1e42:	91 e0       	ldi	r25, 0x01	; 1
    1e44:	01 c0       	rjmp	.+2      	; 0x1e48 <main+0x1dc>
    1e46:	99 0f       	add	r25, r25
    1e48:	8a 95       	dec	r24
    1e4a:	ea f7       	brpl	.-6      	; 0x1e46 <main+0x1da>
    1e4c:	89 2f       	mov	r24, r25
    1e4e:	80 93 90 04 	sts	0x0490, r24	; 0x800490 <SIM800L+0x15>
_delay_loop_2():
c:\users\luci\appdata\local\arduino15\packages\arduino\tools\avr-gcc\7.3.0-atmel3.6.1-arduino7\avr\include\util/delay_basic.h:110
    1e52:	80 91 97 04 	lds	r24, 0x0497	; 0x800497 <SIM800L+0x1c>
    1e56:	90 91 98 04 	lds	r25, 0x0498	; 0x800498 <SIM800L+0x1d>
    1e5a:	01 97       	sbiw	r24, 0x01	; 1
    1e5c:	f1 f7       	brne	.-4      	; 0x1e5a <main+0x1ee>
listen():
C:\Users\luci\AppData\Local\Arduino15\packages\MiniCore\hardware\avr\3.1.1\libraries\SoftwareSerial\src/SoftwareSerial.cpp:91

// This function sets the current object as the "listening"
// one and returns true if it replaces another
bool SoftwareSerial::listen()
{
  if (!_rx_delay_stopbit)
    1e5e:	80 91 95 04 	lds	r24, 0x0495	; 0x800495 <SIM800L+0x1a>
    1e62:	90 91 96 04 	lds	r25, 0x0496	; 0x800496 <SIM800L+0x1b>
    1e66:	89 2b       	or	r24, r25
    1e68:	49 f1       	breq	.+82     	; 0x1ebc <main+0x250>
C:\Users\luci\AppData\Local\Arduino15\packages\MiniCore\hardware\avr\3.1.1\libraries\SoftwareSerial\src/SoftwareSerial.cpp:94
    return false;

  if (active_object != this)
    1e6a:	e0 91 b4 03 	lds	r30, 0x03B4	; 0x8003b4 <SoftwareSerial::active_object>
    1e6e:	f0 91 b5 03 	lds	r31, 0x03B5	; 0x8003b5 <SoftwareSerial::active_object+0x1>
    1e72:	24 e0       	ldi	r18, 0x04	; 4
    1e74:	eb 37       	cpi	r30, 0x7B	; 123
    1e76:	f2 07       	cpc	r31, r18
    1e78:	09 f1       	breq	.+66     	; 0x1ebc <main+0x250>
C:\Users\luci\AppData\Local\Arduino15\packages\MiniCore\hardware\avr\3.1.1\libraries\SoftwareSerial\src/SoftwareSerial.cpp:96
  {
    if (active_object)
    1e7a:	30 97       	sbiw	r30, 0x00	; 0
    1e7c:	39 f0       	breq	.+14     	; 0x1e8c <main+0x220>
_ZN14SoftwareSerial11setRxIntMskEb():
C:\Users\luci\AppData\Local\Arduino15\packages\MiniCore\hardware\avr\3.1.1\libraries\SoftwareSerial\src/SoftwareSerial.cpp:442
void SoftwareSerial::setRxIntMsk(bool enable)
{
    if (enable)
      *_pcint_maskreg |= _pcint_maskvalue;
    else
      *_pcint_maskreg &= ~_pcint_maskvalue;
    1e7e:	a3 89       	ldd	r26, Z+19	; 0x13
    1e80:	b4 89       	ldd	r27, Z+20	; 0x14
    1e82:	9c 91       	ld	r25, X
    1e84:	85 89       	ldd	r24, Z+21	; 0x15
    1e86:	80 95       	com	r24
    1e88:	89 23       	and	r24, r25
    1e8a:	8c 93       	st	X, r24
listen():
C:\Users\luci\AppData\Local\Arduino15\packages\MiniCore\hardware\avr\3.1.1\libraries\SoftwareSerial\src/SoftwareSerial.cpp:99
  if (active_object != this)
  {
    if (active_object)
      active_object->stopListening();

    _buffer_overflow = false;
    1e8c:	80 91 99 04 	lds	r24, 0x0499	; 0x800499 <SIM800L+0x1e>
    1e90:	8e 7f       	andi	r24, 0xFE	; 254
    1e92:	80 93 99 04 	sts	0x0499, r24	; 0x800499 <SIM800L+0x1e>
C:\Users\luci\AppData\Local\Arduino15\packages\MiniCore\hardware\avr\3.1.1\libraries\SoftwareSerial\src/SoftwareSerial.cpp:100
    _receive_buffer_head = _receive_buffer_tail = 0;
    1e96:	10 92 b3 03 	sts	0x03B3, r1	; 0x8003b3 <SoftwareSerial::_receive_buffer_tail>
    1e9a:	10 92 b2 03 	sts	0x03B2, r1	; 0x8003b2 <SoftwareSerial::_receive_buffer_head>
C:\Users\luci\AppData\Local\Arduino15\packages\MiniCore\hardware\avr\3.1.1\libraries\SoftwareSerial\src/SoftwareSerial.cpp:101
    active_object = this;
    1e9e:	8b e7       	ldi	r24, 0x7B	; 123
    1ea0:	94 e0       	ldi	r25, 0x04	; 4
    1ea2:	90 93 b5 03 	sts	0x03B5, r25	; 0x8003b5 <SoftwareSerial::active_object+0x1>
    1ea6:	80 93 b4 03 	sts	0x03B4, r24	; 0x8003b4 <SoftwareSerial::active_object>
_ZN14SoftwareSerial11setRxIntMskEb():
C:\Users\luci\AppData\Local\Arduino15\packages\MiniCore\hardware\avr\3.1.1\libraries\SoftwareSerial\src/SoftwareSerial.cpp:440
}

void SoftwareSerial::setRxIntMsk(bool enable)
{
    if (enable)
      *_pcint_maskreg |= _pcint_maskvalue;
    1eaa:	e0 91 8e 04 	lds	r30, 0x048E	; 0x80048e <SIM800L+0x13>
    1eae:	f0 91 8f 04 	lds	r31, 0x048F	; 0x80048f <SIM800L+0x14>
    1eb2:	80 81       	ld	r24, Z
    1eb4:	90 91 90 04 	lds	r25, 0x0490	; 0x800490 <SIM800L+0x15>
    1eb8:	89 2b       	or	r24, r25
    1eba:	80 83       	st	Z, r24
PrintResetCause():
D:\projects\arduino\figaro\OnlineGasDetector_FIGARO/ArduinoHelper.ino:57
  AlertIsActive = true;
  NeedForSendRequest = true;
}

void PrintResetCause() {
  uint8_t mcusr = MCUSR;      // читаем сразу
    1ebc:	14 b7       	in	r17, 0x34	; 52
D:\projects\arduino\figaro\OnlineGasDetector_FIGARO/ArduinoHelper.ino:58
  MCUSR = 0;                  // очищаем, чтобы не мешать следующим сбросам
    1ebe:	14 be       	out	0x34, r1	; 52
wdt_disable():
c:\users\luci\appdata\local\arduino15\packages\arduino\tools\avr-gcc\7.3.0-atmel3.6.1-arduino7\avr\include\avr/wdt.h:528
				"out __SREG__,__tmp_reg__"   "\n\t"
				: [TEMPREG] "=d" (temp_reg)
				: [WDTREG]  "n"  (_SFR_MEM_ADDR(_WD_CONTROL_REG)),
				[WDCE_WDE]  "n"  ((uint8_t)(_BV(_WD_CHANGE_BIT) | _BV(WDE)))
				: "r0"
		);
    1ec0:	0f b6       	in	r0, 0x3f	; 63
    1ec2:	f8 94       	cli
    1ec4:	a8 95       	wdr
    1ec6:	80 91 60 00 	lds	r24, 0x0060	; 0x800060 <__DATA_REGION_ORIGIN__>
    1eca:	88 61       	ori	r24, 0x18	; 24
    1ecc:	80 93 60 00 	sts	0x0060, r24	; 0x800060 <__DATA_REGION_ORIGIN__>
    1ed0:	10 92 60 00 	sts	0x0060, r1	; 0x800060 <__DATA_REGION_ORIGIN__>
    1ed4:	0f be       	out	0x3f, r0	; 63
write():
    1ed6:	63 e9       	ldi	r22, 0x93	; 147
    1ed8:	71 e0       	ldi	r23, 0x01	; 1
    1eda:	88 ed       	ldi	r24, 0xD8	; 216
    1edc:	93 e0       	ldi	r25, 0x03	; 3
    1ede:	0e 94 e7 04 	call	0x9ce	; 0x9ce <Print::write(char const*) [clone .part.2]>
print():
C:\Users\luci\AppData\Local\Arduino15\packages\MiniCore\hardware\avr\3.1.1\cores\MCUdude_corefiles/Print.cpp:74
  return write(c);
}

size_t Print::print(unsigned char b, int base)
{
  return print((unsigned long) b, base);
    1ee2:	61 2f       	mov	r22, r17
    1ee4:	70 e0       	ldi	r23, 0x00	; 0
    1ee6:	90 e0       	ldi	r25, 0x00	; 0
    1ee8:	80 e0       	ldi	r24, 0x00	; 0
C:\Users\luci\AppData\Local\Arduino15\packages\MiniCore\hardware\avr\3.1.1\cores\MCUdude_corefiles/Print.cpp:106
}

size_t Print::print(unsigned long n, int base)
{
  if (base == 0) return write(n);
  else return printNumber(n, base);
    1eea:	42 e0       	ldi	r20, 0x02	; 2
    1eec:	0e 94 f6 04 	call	0x9ec	; 0x9ec <Print::printNumber(unsigned long, unsigned char) [clone .constprop.26]>
PrintResetCause():
D:\projects\arduino\figaro\OnlineGasDetector_FIGARO/ArduinoHelper.ino:65

  while (!Serial); // если нужно подождать

  Serial.print("Причина перезагрузки (MCUSR = 0b");
  Serial.print(mcusr, BIN);
  Serial.println("):");
    1ef0:	87 ec       	ldi	r24, 0xC7	; 199
    1ef2:	91 e0       	ldi	r25, 0x01	; 1
    1ef4:	0e 94 3c 05 	call	0xa78	; 0xa78 <Print::println(char const*) [clone .constprop.27]>
D:\projects\arduino\figaro\OnlineGasDetector_FIGARO/ArduinoHelper.ino:67

  if (mcusr & (1 << PORF))  Serial.println("  - Power-on reset (включение питания)");
    1ef8:	10 ff       	sbrs	r17, 0
    1efa:	04 c0       	rjmp	.+8      	; 0x1f04 <main+0x298>
    1efc:	8a ec       	ldi	r24, 0xCA	; 202
    1efe:	91 e0       	ldi	r25, 0x01	; 1
    1f00:	0e 94 3c 05 	call	0xa78	; 0xa78 <Print::println(char const*) [clone .constprop.27]>
D:\projects\arduino\figaro\OnlineGasDetector_FIGARO/ArduinoHelper.ino:68
  if (mcusr & (1 << EXTRF)) Serial.println("  - External reset (кнопка Reset или пин RESET)");
    1f04:	11 ff       	sbrs	r17, 1
    1f06:	04 c0       	rjmp	.+8      	; 0x1f10 <main+0x2a4>
    1f08:	81 e0       	ldi	r24, 0x01	; 1
    1f0a:	92 e0       	ldi	r25, 0x02	; 2
    1f0c:	0e 94 3c 05 	call	0xa78	; 0xa78 <Print::println(char const*) [clone .constprop.27]>
D:\projects\arduino\figaro\OnlineGasDetector_FIGARO/ArduinoHelper.ino:69
  if (mcusr & (1 << BORF))  Serial.println("  - Brown-out reset (падение напряжения)");
    1f10:	12 ff       	sbrs	r17, 2
    1f12:	04 c0       	rjmp	.+8      	; 0x1f1c <main+0x2b0>
    1f14:	8d e3       	ldi	r24, 0x3D	; 61
    1f16:	92 e0       	ldi	r25, 0x02	; 2
    1f18:	0e 94 3c 05 	call	0xa78	; 0xa78 <Print::println(char const*) [clone .constprop.27]>
D:\projects\arduino\figaro\OnlineGasDetector_FIGARO/ArduinoHelper.ino:70
  if (mcusr & (1 << WDRF))  Serial.println("  - Watchdog reset (сработал сторожевой таймер)");
    1f1c:	87 e7       	ldi	r24, 0x77	; 119
    1f1e:	92 e0       	ldi	r25, 0x02	; 2
    1f20:	13 fd       	sbrc	r17, 3
    1f22:	04 c0       	rjmp	.+8      	; 0x1f2c <main+0x2c0>
D:\projects\arduino\figaro\OnlineGasDetector_FIGARO/ArduinoHelper.ino:72

  if (mcusr == 0) Serial.println("  - Возможно программный jump на 0 или Serial-DTR сброс");
    1f24:	11 11       	cpse	r17, r1
    1f26:	04 c0       	rjmp	.+8      	; 0x1f30 <main+0x2c4>
    1f28:	8f eb       	ldi	r24, 0xBF	; 191
    1f2a:	92 e0       	ldi	r25, 0x02	; 2
    1f2c:	0e 94 3c 05 	call	0xa78	; 0xa78 <Print::println(char const*) [clone .constprop.27]>
write():
    1f30:	62 e4       	ldi	r22, 0x42	; 66
    1f32:	71 e0       	ldi	r23, 0x01	; 1
    1f34:	88 ed       	ldi	r24, 0xD8	; 216
    1f36:	93 e0       	ldi	r25, 0x03	; 3
    1f38:	0e 94 e7 04 	call	0x9ce	; 0x9ce <Print::write(char const*) [clone .part.2]>
EnableInterruptTimer():
D:\projects\arduino\figaro\OnlineGasDetector_FIGARO/ArduinoHelper.ino:32
  GenerateSosSignal();
  OCR1A = next_ocr;  // Обновляем интервал для следующего прерывания
}

void EnableInterruptTimer() {
  cli();  // Отключаем глобальные прерывания
    1f3c:	f8 94       	cli
D:\projects\arduino\figaro\OnlineGasDetector_FIGARO/ArduinoHelper.ino:33
  TCCR1A = 0;
    1f3e:	10 92 80 00 	sts	0x0080, r1	; 0x800080 <__DATA_REGION_ORIGIN__+0x20>
D:\projects\arduino\figaro\OnlineGasDetector_FIGARO/ArduinoHelper.ino:34
  TCCR1B = 0;
    1f42:	10 92 81 00 	sts	0x0081, r1	; 0x800081 <__DATA_REGION_ORIGIN__+0x21>
D:\projects\arduino\figaro\OnlineGasDetector_FIGARO/ArduinoHelper.ino:35
  TCNT1 = 0;
    1f46:	10 92 85 00 	sts	0x0085, r1	; 0x800085 <__DATA_REGION_ORIGIN__+0x25>
    1f4a:	10 92 84 00 	sts	0x0084, r1	; 0x800084 <__DATA_REGION_ORIGIN__+0x24>
D:\projects\arduino\figaro\OnlineGasDetector_FIGARO/ArduinoHelper.ino:36
  OCR1A = 1561;                         // Начальный для 100 мс
    1f4e:	89 e1       	ldi	r24, 0x19	; 25
    1f50:	96 e0       	ldi	r25, 0x06	; 6
    1f52:	90 93 89 00 	sts	0x0089, r25	; 0x800089 <__DATA_REGION_ORIGIN__+0x29>
    1f56:	80 93 88 00 	sts	0x0088, r24	; 0x800088 <__DATA_REGION_ORIGIN__+0x28>
D:\projects\arduino\figaro\OnlineGasDetector_FIGARO/ArduinoHelper.ino:37
  TCCR1B |= (1 << WGM12);               // Режим CTC
    1f5a:	80 91 81 00 	lds	r24, 0x0081	; 0x800081 <__DATA_REGION_ORIGIN__+0x21>
    1f5e:	88 60       	ori	r24, 0x08	; 8
    1f60:	80 93 81 00 	sts	0x0081, r24	; 0x800081 <__DATA_REGION_ORIGIN__+0x21>
D:\projects\arduino\figaro\OnlineGasDetector_FIGARO/ArduinoHelper.ino:38
  TCCR1B |= (1 << CS12) | (1 << CS10);  // Предделитель 1024 (CS12=1, CS11=0, CS10=1)
    1f64:	80 91 81 00 	lds	r24, 0x0081	; 0x800081 <__DATA_REGION_ORIGIN__+0x21>
    1f68:	85 60       	ori	r24, 0x05	; 5
    1f6a:	80 93 81 00 	sts	0x0081, r24	; 0x800081 <__DATA_REGION_ORIGIN__+0x21>
D:\projects\arduino\figaro\OnlineGasDetector_FIGARO/ArduinoHelper.ino:39
  TIMSK1 |= (1 << OCIE1A);              // Разрешаем прерывание по совпадению OCR1A
    1f6e:	80 91 6f 00 	lds	r24, 0x006F	; 0x80006f <__DATA_REGION_ORIGIN__+0xf>
    1f72:	82 60       	ori	r24, 0x02	; 2
    1f74:	80 93 6f 00 	sts	0x006F, r24	; 0x80006f <__DATA_REGION_ORIGIN__+0xf>
D:\projects\arduino\figaro\OnlineGasDetector_FIGARO/ArduinoHelper.ino:40
  sei();                                // Включаем глобальные прерывания
    1f78:	78 94       	sei
wdt_enable():
c:\users\luci\appdata\local\arduino15\packages\arduino\tools\avr-gcc\7.3.0-atmel3.6.1-arduino7\avr\include\avr/wdt.h:486
				: "n" (_SFR_MEM_ADDR(_WD_CONTROL_REG)),
				"r" ((uint8_t)(_BV(_WD_CHANGE_BIT) | _BV(WDE))),
				"r" ((uint8_t) ((value & 0x08 ? _WD_PS3_MASK : 0x00) |
						_BV(WDE) | (value & 0x07)) )
				: "r0"
		);
    1f7a:	88 e1       	ldi	r24, 0x18	; 24
    1f7c:	99 e2       	ldi	r25, 0x29	; 41
    1f7e:	0f b6       	in	r0, 0x3f	; 63
    1f80:	f8 94       	cli
    1f82:	a8 95       	wdr
    1f84:	80 93 60 00 	sts	0x0060, r24	; 0x800060 <__DATA_REGION_ORIGIN__>
    1f88:	0f be       	out	0x3f, r0	; 63
    1f8a:	90 93 60 00 	sts	0x0060, r25	; 0x800060 <__DATA_REGION_ORIGIN__>
setup():
D:\projects\arduino\figaro\OnlineGasDetector_FIGARO/OnlineGasDetector_FIGARO.ino:104
  //Включение прерывания по таймеру
  EnableInterruptTimer();

  //Включение Watchdog на 8 секунд
  wdt_enable(WDTO_8S);
  Preparing = false;
    1f8e:	10 92 08 01 	sts	0x0108, r1	; 0x800108 <Preparing>
D:\projects\arduino\figaro\OnlineGasDetector_FIGARO/OnlineGasDetector_FIGARO.ino:106

  Serial.println("Start");
    1f92:	84 e1       	ldi	r24, 0x14	; 20
    1f94:	93 e0       	ldi	r25, 0x03	; 3
    1f96:	0e 94 3c 05 	call	0xa78	; 0xa78 <Print::println(char const*) [clone .constprop.27]>
GasAnalyse():
D:\projects\arduino\figaro\OnlineGasDetector_FIGARO/Figaro.ino:37
    }

    // Гистерезис зуммера: ON >= 300, OFF < 250
    if (!BuzzerAlertIsActive) {
      if (figaroAnalogValue >= BuzzerThreshold)
        BuzzerAlertIsActive = true;
    1f9a:	33 24       	eor	r3, r3
    1f9c:	33 94       	inc	r3
serialEventRun():
C:\Users\luci\AppData\Local\Arduino15\packages\MiniCore\hardware\avr\3.1.1\cores\MCUdude_corefiles/HardwareSerial.cpp:67
#endif

void serialEventRun(void)
{
#if defined(HAVE_HWSERIAL0)
  if (Serial0_available && serialEvent && Serial0_available()) serialEvent();
    1f9e:	00 e0       	ldi	r16, 0x00	; 0
    1fa0:	10 e0       	ldi	r17, 0x00	; 0
loop():
D:\projects\arduino\figaro\OnlineGasDetector_FIGARO/OnlineGasDetector_FIGARO.ino:111
}

void loop() {
  //Снимаем показания датчика
  if (tick(GasAnalyseLastTickTime, GasAnalyseWorkInterval)) {
    1fa2:	40 e0       	ldi	r20, 0x00	; 0
    1fa4:	50 e0       	ldi	r21, 0x00	; 0
    1fa6:	ba 01       	movw	r22, r20
    1fa8:	8b ec       	ldi	r24, 0xCB	; 203
    1faa:	93 e0       	ldi	r25, 0x03	; 3
    1fac:	0e 94 9b 04 	call	0x936	; 0x936 <tick(unsigned long&, unsigned long)>
    1fb0:	88 23       	and	r24, r24
    1fb2:	09 f4       	brne	.+2      	; 0x1fb6 <main+0x34a>
    1fb4:	b4 c0       	rjmp	.+360    	; 0x211e <main+0x4b2>
    1fb6:	34 e6       	ldi	r19, 0x64	; 100
    1fb8:	e3 2e       	mov	r14, r19
    1fba:	f1 2c       	mov	r15, r1
main():
D:\projects\arduino\figaro\OnlineGasDetector_FIGARO/Figaro.ino:5
void PrepareGasAnalyser() {
}

void GasAnalyse() {
  float figaroAnalogValue = 0.0;
    1fbc:	41 2c       	mov	r4, r1
    1fbe:	51 2c       	mov	r5, r1
    1fc0:	32 01       	movw	r6, r4
analogRead():
C:\Users\luci\AppData\Local\Arduino15\packages\MiniCore\hardware\avr\3.1.1\cores\MCUdude_corefiles/wiring_analog.c:68
  
  // set the analog reference (high two bits of ADMUX) and select the
  // channel (low 4 bits).  this also sets ADLAR (left-adjust result)
  // to 0 (the default).
#if defined(ADMUX)
  ADMUX = (analog_reference << 6) | (pin & 0x07);
    1fc2:	80 91 09 01 	lds	r24, 0x0109	; 0x800109 <analog_reference>
    1fc6:	e0 e4       	ldi	r30, 0x40	; 64
    1fc8:	8e 9f       	mul	r24, r30
    1fca:	c0 01       	movw	r24, r0
    1fcc:	11 24       	eor	r1, r1
    1fce:	82 60       	ori	r24, 0x02	; 2
    1fd0:	80 93 7c 00 	sts	0x007C, r24	; 0x80007c <__DATA_REGION_ORIGIN__+0x1c>
C:\Users\luci\AppData\Local\Arduino15\packages\MiniCore\hardware\avr\3.1.1\cores\MCUdude_corefiles/wiring_analog.c:76
  // without a delay, we seem to read from the wrong channel
  //delay(1);

#if defined(ADCSRA) && defined(ADC)
  // start the conversion
  ADCSRA |= _BV(ADSC);
    1fd4:	80 91 7a 00 	lds	r24, 0x007A	; 0x80007a <__DATA_REGION_ORIGIN__+0x1a>
    1fd8:	80 64       	ori	r24, 0x40	; 64
    1fda:	80 93 7a 00 	sts	0x007A, r24	; 0x80007a <__DATA_REGION_ORIGIN__+0x1a>
C:\Users\luci\AppData\Local\Arduino15\packages\MiniCore\hardware\avr\3.1.1\cores\MCUdude_corefiles/wiring_analog.c:79

  // ADSC is cleared when the conversion finishes
  while (ADCSRA & _BV(ADSC)) {};
    1fde:	80 91 7a 00 	lds	r24, 0x007A	; 0x80007a <__DATA_REGION_ORIGIN__+0x1a>
    1fe2:	86 fd       	sbrc	r24, 6
    1fe4:	fc cf       	rjmp	.-8      	; 0x1fde <main+0x372>
C:\Users\luci\AppData\Local\Arduino15\packages\MiniCore\hardware\avr\3.1.1\cores\MCUdude_corefiles/wiring_analog.c:83

  // ADC macro takes care of reading ADC register.
 	// avr-gcc implements the proper reading order: ADCL is read first.
 	return ADC;
    1fe6:	60 91 78 00 	lds	r22, 0x0078	; 0x800078 <__DATA_REGION_ORIGIN__+0x18>
    1fea:	70 91 79 00 	lds	r23, 0x0079	; 0x800079 <__DATA_REGION_ORIGIN__+0x19>
GasAnalyse():
D:\projects\arduino\figaro\OnlineGasDetector_FIGARO/Figaro.ino:7
  for (int i = 0; i < 100; i++) {
    figaroAnalogValue += analogRead(FigaroAnalogPin);
    1fee:	07 2e       	mov	r0, r23
    1ff0:	00 0c       	add	r0, r0
    1ff2:	88 0b       	sbc	r24, r24
    1ff4:	99 0b       	sbc	r25, r25
    1ff6:	0e 94 34 16 	call	0x2c68	; 0x2c68 <__floatsisf>
    1ffa:	9b 01       	movw	r18, r22
    1ffc:	ac 01       	movw	r20, r24
    1ffe:	c3 01       	movw	r24, r6
    2000:	b2 01       	movw	r22, r4
    2002:	0e 94 9b 17 	call	0x2f36	; 0x2f36 <__addsf3>
    2006:	2b 01       	movw	r4, r22
    2008:	3c 01       	movw	r6, r24
D:\projects\arduino\figaro\OnlineGasDetector_FIGARO/Figaro.ino:8
    delay(10);
    200a:	6a e0       	ldi	r22, 0x0A	; 10
    200c:	70 e0       	ldi	r23, 0x00	; 0
    200e:	80 e0       	ldi	r24, 0x00	; 0
    2010:	90 e0       	ldi	r25, 0x00	; 0
    2012:	0e 94 0f 02 	call	0x41e	; 0x41e <delay>
    2016:	f1 e0       	ldi	r31, 0x01	; 1
    2018:	ef 1a       	sub	r14, r31
    201a:	f1 08       	sbc	r15, r1
D:\projects\arduino\figaro\OnlineGasDetector_FIGARO/Figaro.ino:6
void PrepareGasAnalyser() {
}

void GasAnalyse() {
  float figaroAnalogValue = 0.0;
  for (int i = 0; i < 100; i++) {
    201c:	91 f6       	brne	.-92     	; 0x1fc2 <main+0x356>
D:\projects\arduino\figaro\OnlineGasDetector_FIGARO/Figaro.ino:10
    figaroAnalogValue += analogRead(FigaroAnalogPin);
    delay(10);
  }
  figaroAnalogValue = figaroAnalogValue / 100.0;
    201e:	20 e0       	ldi	r18, 0x00	; 0
    2020:	30 e0       	ldi	r19, 0x00	; 0
    2022:	48 ec       	ldi	r20, 0xC8	; 200
    2024:	52 e4       	ldi	r21, 0x42	; 66
    2026:	c3 01       	movw	r24, r6
    2028:	b2 01       	movw	r22, r4
    202a:	0e 94 07 18 	call	0x300e	; 0x300e <__divsf3>
D:\projects\arduino\figaro\OnlineGasDetector_FIGARO/Figaro.ino:11
  figaroAnalogValue = (figaroAnalogValue / 1024) * 1000;
    202e:	20 e0       	ldi	r18, 0x00	; 0
    2030:	30 e0       	ldi	r19, 0x00	; 0
    2032:	40 e8       	ldi	r20, 0x80	; 128
    2034:	5a e3       	ldi	r21, 0x3A	; 58
    2036:	0e 94 93 16 	call	0x2d26	; 0x2d26 <__mulsf3>
    203a:	20 e0       	ldi	r18, 0x00	; 0
    203c:	30 e0       	ldi	r19, 0x00	; 0
    203e:	4a e7       	ldi	r20, 0x7A	; 122
    2040:	54 e4       	ldi	r21, 0x44	; 68
    2042:	0e 94 93 16 	call	0x2d26	; 0x2d26 <__mulsf3>
    2046:	6b 01       	movw	r12, r22
    2048:	7c 01       	movw	r14, r24
D:\projects\arduino\figaro\OnlineGasDetector_FIGARO/Figaro.ino:13

  if (figaroAnalogValue < 20.0) {
    204a:	20 e0       	ldi	r18, 0x00	; 0
    204c:	30 e0       	ldi	r19, 0x00	; 0
    204e:	40 ea       	ldi	r20, 0xA0	; 160
    2050:	51 e4       	ldi	r21, 0x41	; 65
    2052:	0e 94 2d 16 	call	0x2c5a	; 0x2c5a <__cmpsf2>
    2056:	87 ff       	sbrs	r24, 7
    2058:	03 c0       	rjmp	.+6      	; 0x2060 <main+0x3f4>
main():
D:\projects\arduino\figaro\OnlineGasDetector_FIGARO/Figaro.ino:14
    figaroAnalogValue = 0.0;
    205a:	c1 2c       	mov	r12, r1
    205c:	d1 2c       	mov	r13, r1
    205e:	76 01       	movw	r14, r12
GasAnalyse():
D:\projects\arduino\figaro\OnlineGasDetector_FIGARO/Figaro.ino:17
  }

  COConcentration = figaroAnalogValue;
    2060:	c0 92 b7 03 	sts	0x03B7, r12	; 0x8003b7 <COConcentration>
    2064:	d0 92 b8 03 	sts	0x03B8, r13	; 0x8003b8 <COConcentration+0x1>
    2068:	e0 92 b9 03 	sts	0x03B9, r14	; 0x8003b9 <COConcentration+0x2>
    206c:	f0 92 ba 03 	sts	0x03BA, r15	; 0x8003ba <COConcentration+0x3>
write():
    2070:	6a e1       	ldi	r22, 0x1A	; 26
    2072:	73 e0       	ldi	r23, 0x03	; 3
    2074:	88 ed       	ldi	r24, 0xD8	; 216
    2076:	93 e0       	ldi	r25, 0x03	; 3
    2078:	0e 94 e7 04 	call	0x9ce	; 0x9ce <Print::write(char const*) [clone .part.2]>
printFloat():
C:\Users\luci\AppData\Local\Arduino15\packages\MiniCore\hardware\avr\3.1.1\cores\MCUdude_corefiles/Print.cpp:256

size_t Print::printFloat(double number, uint8_t digits) 
{ 
  size_t n = 0;
  
  if (isnan(number)) return print("nan");
    207c:	a7 01       	movw	r20, r14
    207e:	96 01       	movw	r18, r12
    2080:	c7 01       	movw	r24, r14
    2082:	b6 01       	movw	r22, r12
    2084:	0e 94 b4 18 	call	0x3168	; 0x3168 <__unordsf2>
write():
    2088:	6e e1       	ldi	r22, 0x1E	; 30
    208a:	73 e0       	ldi	r23, 0x03	; 3
printFloat():
    208c:	81 11       	cpse	r24, r1
    208e:	1b c0       	rjmp	.+54     	; 0x20c6 <main+0x45a>
C:\Users\luci\AppData\Local\Arduino15\packages\MiniCore\hardware\avr\3.1.1\cores\MCUdude_corefiles/Print.cpp:257
  if (isinf(number)) return print("inf");
    2090:	26 01       	movw	r4, r12
    2092:	37 01       	movw	r6, r14
    2094:	e8 94       	clt
    2096:	77 f8       	bld	r7, 7
    2098:	2f ef       	ldi	r18, 0xFF	; 255
    209a:	3f ef       	ldi	r19, 0xFF	; 255
    209c:	4f e7       	ldi	r20, 0x7F	; 127
    209e:	5f e7       	ldi	r21, 0x7F	; 127
    20a0:	c3 01       	movw	r24, r6
    20a2:	b2 01       	movw	r22, r4
    20a4:	0e 94 b4 18 	call	0x3168	; 0x3168 <__unordsf2>
    20a8:	81 11       	cpse	r24, r1
    20aa:	e3 c0       	rjmp	.+454    	; 0x2272 <main+0x606>
    20ac:	2f ef       	ldi	r18, 0xFF	; 255
    20ae:	3f ef       	ldi	r19, 0xFF	; 255
    20b0:	4f e7       	ldi	r20, 0x7F	; 127
    20b2:	5f e7       	ldi	r21, 0x7F	; 127
    20b4:	c3 01       	movw	r24, r6
    20b6:	b2 01       	movw	r22, r4
    20b8:	0e 94 2d 16 	call	0x2c5a	; 0x2c5a <__cmpsf2>
    20bc:	18 16       	cp	r1, r24
    20be:	0c f0       	brlt	.+2      	; 0x20c2 <main+0x456>
    20c0:	d8 c0       	rjmp	.+432    	; 0x2272 <main+0x606>
write():
    20c2:	62 e2       	ldi	r22, 0x22	; 34
    20c4:	73 e0       	ldi	r23, 0x03	; 3
    20c6:	88 ed       	ldi	r24, 0xD8	; 216
    20c8:	93 e0       	ldi	r25, 0x03	; 3
    20ca:	0e 94 e7 04 	call	0x9ce	; 0x9ce <Print::write(char const*) [clone .part.2]>
    20ce:	62 e4       	ldi	r22, 0x42	; 66
    20d0:	71 e0       	ldi	r23, 0x01	; 1
    20d2:	88 ed       	ldi	r24, 0xD8	; 216
    20d4:	93 e0       	ldi	r25, 0x03	; 3
    20d6:	0e 94 e7 04 	call	0x9ce	; 0x9ce <Print::write(char const*) [clone .part.2]>
GasAnalyse():
D:\projects\arduino\figaro\OnlineGasDetector_FIGARO/Figaro.ino:24
  if (PlotterMode) {
    Serial.print("CO:");
    Serial.println(figaroAnalogValue);
  }

  if (!TestAlertIsActive) {
    20da:	80 91 c6 03 	lds	r24, 0x03C6	; 0x8003c6 <TestAlertIsActive>
    20de:	81 11       	cpse	r24, r1
    20e0:	1e c0       	rjmp	.+60     	; 0x211e <main+0x4b2>
D:\projects\arduino\figaro\OnlineGasDetector_FIGARO/Figaro.ino:26
    // Гистерезис LED: ON >= 200, OFF < 150
    if (!AlertIsActive) {
    20e2:	80 91 c1 03 	lds	r24, 0x03C1	; 0x8003c1 <AlertIsActive>
    20e6:	81 11       	cpse	r24, r1
    20e8:	3b c1       	rjmp	.+630    	; 0x2360 <main+0x6f4>
D:\projects\arduino\figaro\OnlineGasDetector_FIGARO/Figaro.ino:27
      if (figaroAnalogValue >= LedTreshold)
    20ea:	20 e0       	ldi	r18, 0x00	; 0
    20ec:	30 e0       	ldi	r19, 0x00	; 0
    20ee:	48 e4       	ldi	r20, 0x48	; 72
    20f0:	53 e4       	ldi	r21, 0x43	; 67
    20f2:	c7 01       	movw	r24, r14
    20f4:	b6 01       	movw	r22, r12
    20f6:	0e 94 af 18 	call	0x315e	; 0x315e <__gesf2>
    20fa:	87 ff       	sbrs	r24, 7
D:\projects\arduino\figaro\OnlineGasDetector_FIGARO/Figaro.ino:28
        AlertIsActive = true;
    20fc:	30 92 c1 03 	sts	0x03C1, r3	; 0x8003c1 <AlertIsActive>
D:\projects\arduino\figaro\OnlineGasDetector_FIGARO/Figaro.ino:35
      if (figaroAnalogValue < LedTreshold - HysteresisOffset)
        AlertIsActive = false;
    }

    // Гистерезис зуммера: ON >= 300, OFF < 250
    if (!BuzzerAlertIsActive) {
    2100:	80 91 b6 03 	lds	r24, 0x03B6	; 0x8003b6 <BuzzerAlertIsActive>
    2104:	81 11       	cpse	r24, r1
    2106:	39 c1       	rjmp	.+626    	; 0x237a <main+0x70e>
D:\projects\arduino\figaro\OnlineGasDetector_FIGARO/Figaro.ino:36
      if (figaroAnalogValue >= BuzzerThreshold)
    2108:	20 e0       	ldi	r18, 0x00	; 0
    210a:	30 e0       	ldi	r19, 0x00	; 0
    210c:	46 e9       	ldi	r20, 0x96	; 150
    210e:	53 e4       	ldi	r21, 0x43	; 67
    2110:	c7 01       	movw	r24, r14
    2112:	b6 01       	movw	r22, r12
    2114:	0e 94 af 18 	call	0x315e	; 0x315e <__gesf2>
    2118:	87 ff       	sbrs	r24, 7
D:\projects\arduino\figaro\OnlineGasDetector_FIGARO/Figaro.ino:37
        BuzzerAlertIsActive = true;
    211a:	30 92 b6 03 	sts	0x03B6, r3	; 0x8003b6 <BuzzerAlertIsActive>
loop():
D:\projects\arduino\figaro\OnlineGasDetector_FIGARO/OnlineGasDetector_FIGARO.ino:115
    GasAnalyse();
  }
  //Отправка запроса
  if (tick(SendRequestLastTickTime, SendRequestWorkInterval)) {
    211e:	40 ed       	ldi	r20, 0xD0	; 208
    2120:	57 e0       	ldi	r21, 0x07	; 7
    2122:	60 e0       	ldi	r22, 0x00	; 0
    2124:	70 e0       	ldi	r23, 0x00	; 0
    2126:	87 ec       	ldi	r24, 0xC7	; 199
    2128:	93 e0       	ldi	r25, 0x03	; 3
    212a:	0e 94 9b 04 	call	0x936	; 0x936 <tick(unsigned long&, unsigned long)>
    212e:	88 23       	and	r24, r24
    2130:	09 f4       	brne	.+2      	; 0x2134 <main+0x4c8>
    2132:	6e c0       	rjmp	.+220    	; 0x2210 <main+0x5a4>
D:\projects\arduino\figaro\OnlineGasDetector_FIGARO/OnlineGasDetector_FIGARO.ino:116
    SendRequest(TestAlertIsActive);
    2134:	d0 90 c6 03 	lds	r13, 0x03C6	; 0x8003c6 <TestAlertIsActive>
SendRequest():
D:\projects\arduino\figaro\OnlineGasDetector_FIGARO/SIM800L.ino:10
const char fixedAlertPhone[] = "+998990074787";
const String server = "45.138.159.216";
const int port = 8080;

void SendRequest(bool isTestMode) {
  if (NeedForSendRequest || isTestMode) {
    2138:	80 91 bb 03 	lds	r24, 0x03BB	; 0x8003bb <NeedForSendRequest>
    213c:	81 11       	cpse	r24, r1
    213e:	03 c0       	rjmp	.+6      	; 0x2146 <main+0x4da>
    2140:	dd 20       	and	r13, r13
    2142:	09 f4       	brne	.+2      	; 0x2146 <main+0x4da>
    2144:	65 c0       	rjmp	.+202    	; 0x2210 <main+0x5a4>
ActivateGsmModulePower():
D:\projects\arduino\figaro\OnlineGasDetector_FIGARO/SIM800L.ino:135

  return false;
}

void ActivateGsmModulePower() {
  digitalWrite(MODEM_POWER_PIN, HIGH);
    2146:	61 e0       	ldi	r22, 0x01	; 1
    2148:	8c e0       	ldi	r24, 0x0C	; 12
    214a:	0e 94 62 01 	call	0x2c4	; 0x2c4 <digitalWrite>
SendRequest():
D:\projects\arduino\figaro\OnlineGasDetector_FIGARO/SIM800L.ino:12
const int port = 8080;

void SendRequest(bool isTestMode) {
  if (NeedForSendRequest || isTestMode) {
    ActivateGsmModulePower();
    delay(2000);
    214e:	60 ed       	ldi	r22, 0xD0	; 208
    2150:	77 e0       	ldi	r23, 0x07	; 7
    2152:	80 e0       	ldi	r24, 0x00	; 0
    2154:	90 e0       	ldi	r25, 0x00	; 0
    2156:	0e 94 0f 02 	call	0x41e	; 0x41e <delay>
    215a:	23 e0       	ldi	r18, 0x03	; 3
    215c:	e2 2e       	mov	r14, r18
    215e:	f1 2c       	mov	r15, r1
GetSignalLevel():
D:\projects\arduino\figaro\OnlineGasDetector_FIGARO/SIM800L.ino:172
    messageType = '3';
  return result + "device_id=" + deviceId + "&message_type=" + messageType + "&ppm=" + String((int)COConcentration);
}

int GetSignalLevel() {
  sendAtCommand(F("at+csq"), false);
    2160:	6e e1       	ldi	r22, 0x1E	; 30
    2162:	71 e0       	ldi	r23, 0x01	; 1
    2164:	ce 01       	movw	r24, r28
    2166:	07 96       	adiw	r24, 0x07	; 7
    2168:	0e 94 cb 07 	call	0xf96	; 0xf96 <String::String(__FlashStringHelper const*)>
    216c:	40 e0       	ldi	r20, 0x00	; 0
    216e:	be 01       	movw	r22, r28
    2170:	69 5f       	subi	r22, 0xF9	; 249
    2172:	7f 4f       	sbci	r23, 0xFF	; 255
    2174:	ce 01       	movw	r24, r28
    2176:	01 96       	adiw	r24, 0x01	; 1
    2178:	0e 94 c7 09 	call	0x138e	; 0x138e <sendAtCommand(String, bool)>
    217c:	ce 01       	movw	r24, r28
    217e:	01 96       	adiw	r24, 0x01	; 1
    2180:	0e 94 60 06 	call	0xcc0	; 0xcc0 <String::~String()>
    2184:	ce 01       	movw	r24, r28
    2186:	07 96       	adiw	r24, 0x07	; 7
    2188:	0e 94 60 06 	call	0xcc0	; 0xcc0 <String::~String()>
D:\projects\arduino\figaro\OnlineGasDetector_FIGARO/SIM800L.ino:173
  delay(3000);
    218c:	68 eb       	ldi	r22, 0xB8	; 184
    218e:	7b e0       	ldi	r23, 0x0B	; 11
    2190:	80 e0       	ldi	r24, 0x00	; 0
    2192:	90 e0       	ldi	r25, 0x00	; 0
    2194:	0e 94 0f 02 	call	0x41e	; 0x41e <delay>
D:\projects\arduino\figaro\OnlineGasDetector_FIGARO/SIM800L.ino:174
  String signalLevelString = waitAtAnswer();
    2198:	ce 01       	movw	r24, r28
    219a:	07 96       	adiw	r24, 0x07	; 7
    219c:	0e 94 f9 07 	call	0xff2	; 0xff2 <waitAtAnswer()>
indexOf():
C:\Users\luci\AppData\Local\Arduino15\packages\MiniCore\hardware\avr\3.1.1\cores\MCUdude_corefiles/WString.cpp:557
/*  Search                                   */
/*********************************************/

int String::indexOf(char c) const
{
  return indexOf(c, 0);
    21a0:	50 e0       	ldi	r21, 0x00	; 0
    21a2:	40 e0       	ldi	r20, 0x00	; 0
    21a4:	60 e2       	ldi	r22, 0x20	; 32
    21a6:	ce 01       	movw	r24, r28
    21a8:	07 96       	adiw	r24, 0x07	; 7
    21aa:	0e 94 f9 05 	call	0xbf2	; 0xbf2 <String::indexOf(char, unsigned int) const>
substring():
C:\Users\luci\AppData\Local\Arduino15\packages\MiniCore\hardware\avr\3.1.1\cores\MCUdude_corefiles/WString.h:178
  int indexOf( const String &str, unsigned int fromIndex ) const;
  int lastIndexOf( char ch ) const;
  int lastIndexOf( char ch, unsigned int fromIndex ) const;
  int lastIndexOf( const String &str ) const;
  int lastIndexOf( const String &str, unsigned int fromIndex ) const;
  String substring( unsigned int beginIndex ) const { return substring(beginIndex, len); };
    21ae:	2b 85       	ldd	r18, Y+11	; 0x0b
    21b0:	3c 85       	ldd	r19, Y+12	; 0x0c
GetSignalLevel():
D:\projects\arduino\figaro\OnlineGasDetector_FIGARO/SIM800L.ino:175
  int signalLevel = signalLevelString.substring(signalLevelString.indexOf(' ') + 1).toInt();
    21b2:	ac 01       	movw	r20, r24
    21b4:	4f 5f       	subi	r20, 0xFF	; 255
    21b6:	5f 4f       	sbci	r21, 0xFF	; 255
substring():
C:\Users\luci\AppData\Local\Arduino15\packages\MiniCore\hardware\avr\3.1.1\cores\MCUdude_corefiles/WString.h:178
    21b8:	be 01       	movw	r22, r28
    21ba:	69 5f       	subi	r22, 0xF9	; 249
    21bc:	7f 4f       	sbci	r23, 0xFF	; 255
    21be:	ce 01       	movw	r24, r28
    21c0:	01 96       	adiw	r24, 0x01	; 1
    21c2:	0e 94 76 07 	call	0xeec	; 0xeec <String::substring(unsigned int, unsigned int) const>
toInt():
C:\Users\luci\AppData\Local\Arduino15\packages\MiniCore\hardware\avr\3.1.1\cores\MCUdude_corefiles/WString.cpp:738
/*  Parsing / Conversion                     */
/*********************************************/

long String::toInt(void) const
{
  if (buffer) return atol(buffer);
    21c6:	89 81       	ldd	r24, Y+1	; 0x01
    21c8:	9a 81       	ldd	r25, Y+2	; 0x02
    21ca:	00 97       	sbiw	r24, 0x00	; 0
    21cc:	09 f4       	brne	.+2      	; 0x21d0 <main+0x564>
    21ce:	e2 c0       	rjmp	.+452    	; 0x2394 <main+0x728>
    21d0:	0e 94 a3 15 	call	0x2b46	; 0x2b46 <atol>
GetSignalLevel():
D:\projects\arduino\figaro\OnlineGasDetector_FIGARO/SIM800L.ino:175
    21d4:	4b 01       	movw	r8, r22
    21d6:	ce 01       	movw	r24, r28
    21d8:	01 96       	adiw	r24, 0x01	; 1
    21da:	0e 94 60 06 	call	0xcc0	; 0xcc0 <String::~String()>
D:\projects\arduino\figaro\OnlineGasDetector_FIGARO/SIM800L.ino:176
  if (signalLevel == 99) return 0;
    21de:	23 e6       	ldi	r18, 0x63	; 99
    21e0:	82 16       	cp	r8, r18
    21e2:	91 04       	cpc	r9, r1
    21e4:	11 f4       	brne	.+4      	; 0x21ea <main+0x57e>
main():
    21e6:	91 2c       	mov	r9, r1
    21e8:	81 2c       	mov	r8, r1
GetSignalLevel():
D:\projects\arduino\figaro\OnlineGasDetector_FIGARO/SIM800L.ino:174
}

int GetSignalLevel() {
  sendAtCommand(F("at+csq"), false);
  delay(3000);
  String signalLevelString = waitAtAnswer();
    21ea:	ce 01       	movw	r24, r28
    21ec:	07 96       	adiw	r24, 0x07	; 7
    21ee:	0e 94 60 06 	call	0xcc0	; 0xcc0 <String::~String()>
SendRequest():
D:\projects\arduino\figaro\OnlineGasDetector_FIGARO/SIM800L.ino:15
  if (NeedForSendRequest || isTestMode) {
    ActivateGsmModulePower();
    delay(2000);
    bool isHaveSignal = false;
    for (int i = 0; i <= 2; i++) {
      if (GetSignalLevel() > 0) {
    21f2:	18 14       	cp	r1, r8
    21f4:	19 04       	cpc	r1, r9
    21f6:	0c f4       	brge	.+2      	; 0x21fa <main+0x58e>
    21f8:	11 c3       	rjmp	.+1570   	; 0x281c <main+0xbb0>
D:\projects\arduino\figaro\OnlineGasDetector_FIGARO/SIM800L.ino:19
        isHaveSignal = true;
        break;
      }
      delay(1000);
    21fa:	68 ee       	ldi	r22, 0xE8	; 232
    21fc:	73 e0       	ldi	r23, 0x03	; 3
    21fe:	80 e0       	ldi	r24, 0x00	; 0
    2200:	90 e0       	ldi	r25, 0x00	; 0
    2202:	0e 94 0f 02 	call	0x41e	; 0x41e <delay>
    2206:	81 e0       	ldi	r24, 0x01	; 1
    2208:	e8 1a       	sub	r14, r24
    220a:	f1 08       	sbc	r15, r1
D:\projects\arduino\figaro\OnlineGasDetector_FIGARO/SIM800L.ino:14
void SendRequest(bool isTestMode) {
  if (NeedForSendRequest || isTestMode) {
    ActivateGsmModulePower();
    delay(2000);
    bool isHaveSignal = false;
    for (int i = 0; i <= 2; i++) {
    220c:	09 f0       	breq	.+2      	; 0x2210 <main+0x5a4>
    220e:	a8 cf       	rjmp	.-176    	; 0x2160 <main+0x4f4>
loop():
D:\projects\arduino\figaro\OnlineGasDetector_FIGARO/OnlineGasDetector_FIGARO.ino:119
  }
  //Маргаем индикатором рабочего режима
  if (tick(AliveIndicatorLastTickTime, AliveIndicatorWorkInterval) && !AlertIsActive) {
    2210:	48 e8       	ldi	r20, 0x88	; 136
    2212:	53 e1       	ldi	r21, 0x13	; 19
    2214:	60 e0       	ldi	r22, 0x00	; 0
    2216:	70 e0       	ldi	r23, 0x00	; 0
    2218:	82 ec       	ldi	r24, 0xC2	; 194
    221a:	93 e0       	ldi	r25, 0x03	; 3
    221c:	0e 94 9b 04 	call	0x936	; 0x936 <tick(unsigned long&, unsigned long)>
    2220:	90 91 c1 03 	lds	r25, 0x03C1	; 0x8003c1 <AlertIsActive>
    2224:	88 23       	and	r24, r24
    2226:	09 f4       	brne	.+2      	; 0x222a <main+0x5be>
    2228:	cb c2       	rjmp	.+1430   	; 0x27c0 <main+0xb54>
    222a:	91 11       	cpse	r25, r1
    222c:	cc c2       	rjmp	.+1432   	; 0x27c6 <main+0xb5a>
D:\projects\arduino\figaro\OnlineGasDetector_FIGARO/OnlineGasDetector_FIGARO.ino:120
      digitalWrite(AliveLedPin, HIGH);
    222e:	61 e0       	ldi	r22, 0x01	; 1
    2230:	85 e0       	ldi	r24, 0x05	; 5
    2232:	0e 94 62 01 	call	0x2c4	; 0x2c4 <digitalWrite>
D:\projects\arduino\figaro\OnlineGasDetector_FIGARO/OnlineGasDetector_FIGARO.ino:121
      delay(50);
    2236:	62 e3       	ldi	r22, 0x32	; 50
    2238:	70 e0       	ldi	r23, 0x00	; 0
    223a:	80 e0       	ldi	r24, 0x00	; 0
    223c:	90 e0       	ldi	r25, 0x00	; 0
    223e:	0e 94 0f 02 	call	0x41e	; 0x41e <delay>
D:\projects\arduino\figaro\OnlineGasDetector_FIGARO/OnlineGasDetector_FIGARO.ino:122
      digitalWrite(AliveLedPin, LOW);
    2242:	60 e0       	ldi	r22, 0x00	; 0
    2244:	85 e0       	ldi	r24, 0x05	; 5
    2246:	0e 94 62 01 	call	0x2c4	; 0x2c4 <digitalWrite>
D:\projects\arduino\figaro\OnlineGasDetector_FIGARO/OnlineGasDetector_FIGARO.ino:126
  }
  //Выключаем режим Mute, если Alert выключен
  if (!AlertIsActive) {
    Mute = false;
    224a:	10 92 c0 03 	sts	0x03C0, r1	; 0x8003c0 <Mute>
    224e:	bb c2       	rjmp	.+1398   	; 0x27c6 <main+0xb5a>
main():
C:\Users\luci\AppData\Local\Arduino15\packages\MiniCore\hardware\avr\3.1.1\libraries\SoftwareSerial\src/SoftwareSerial.cpp:374
    // (others might also need it, so we disable the interrupt by using
    // the per-pin PCMSK register).
    *digitalPinToPCICR(_receivePin) |= _BV(digitalPinToPCICRbit(_receivePin));
    // Precalculate the pcint mask register and value, so setRxIntMask
    // can be used inside the ISR without costing too much time.
    _pcint_maskreg = digitalPinToPCMSK(_receivePin);
    2250:	2b e6       	ldi	r18, 0x6B	; 107
    2252:	30 e0       	ldi	r19, 0x00	; 0
    2254:	ef cd       	rjmp	.-1058   	; 0x1e34 <main+0x1c8>
begin():
C:\Users\luci\AppData\Local\Arduino15\packages\MiniCore\hardware\avr\3.1.1\libraries\SoftwareSerial\src/SoftwareSerial.cpp:375
    _pcint_maskvalue = _BV(digitalPinToPCMSKbit(_receivePin));
    2256:	8e 30       	cpi	r24, 0x0E	; 14
    2258:	14 f4       	brge	.+4      	; 0x225e <main+0x5f2>
    225a:	88 50       	subi	r24, 0x08	; 8
    225c:	f2 cd       	rjmp	.-1052   	; 0x1e42 <main+0x1d6>
    225e:	86 31       	cpi	r24, 0x16	; 22
    2260:	14 f4       	brge	.+4      	; 0x2266 <main+0x5fa>
    2262:	8e 50       	subi	r24, 0x0E	; 14
    2264:	ee cd       	rjmp	.-1060   	; 0x1e42 <main+0x1d6>
    2266:	86 31       	cpi	r24, 0x16	; 22
    2268:	11 f0       	breq	.+4      	; 0x226e <main+0x602>
main():
    226a:	80 e0       	ldi	r24, 0x00	; 0
    226c:	f0 cd       	rjmp	.-1056   	; 0x1e4e <main+0x1e2>
    226e:	80 e4       	ldi	r24, 0x40	; 64
    2270:	ee cd       	rjmp	.-1060   	; 0x1e4e <main+0x1e2>
printFloat():
C:\Users\luci\AppData\Local\Arduino15\packages\MiniCore\hardware\avr\3.1.1\cores\MCUdude_corefiles/Print.cpp:258
  if (number > 4294967040.0) return print ("ovf");  // constant determined empirically
    2272:	2f ef       	ldi	r18, 0xFF	; 255
    2274:	3f ef       	ldi	r19, 0xFF	; 255
    2276:	4f e7       	ldi	r20, 0x7F	; 127
    2278:	5f e4       	ldi	r21, 0x4F	; 79
    227a:	c7 01       	movw	r24, r14
    227c:	b6 01       	movw	r22, r12
    227e:	0e 94 af 18 	call	0x315e	; 0x315e <__gesf2>
    2282:	18 16       	cp	r1, r24
    2284:	1c f4       	brge	.+6      	; 0x228c <main+0x620>
write():
    2286:	66 e2       	ldi	r22, 0x26	; 38
    2288:	73 e0       	ldi	r23, 0x03	; 3
    228a:	1d cf       	rjmp	.-454    	; 0x20c6 <main+0x45a>
printFloat():
C:\Users\luci\AppData\Local\Arduino15\packages\MiniCore\hardware\avr\3.1.1\cores\MCUdude_corefiles/Print.cpp:259
  if (number <-4294967040.0) return print ("ovf");  // constant determined empirically
    228c:	2f ef       	ldi	r18, 0xFF	; 255
    228e:	3f ef       	ldi	r19, 0xFF	; 255
    2290:	4f e7       	ldi	r20, 0x7F	; 127
    2292:	5f ec       	ldi	r21, 0xCF	; 207
    2294:	c7 01       	movw	r24, r14
    2296:	b6 01       	movw	r22, r12
    2298:	0e 94 2d 16 	call	0x2c5a	; 0x2c5a <__cmpsf2>
    229c:	87 fd       	sbrc	r24, 7
    229e:	f3 cf       	rjmp	.-26     	; 0x2286 <main+0x61a>
C:\Users\luci\AppData\Local\Arduino15\packages\MiniCore\hardware\avr\3.1.1\cores\MCUdude_corefiles/Print.cpp:262
  
  // Handle negative numbers
  if (number < 0.0)
    22a0:	20 e0       	ldi	r18, 0x00	; 0
    22a2:	30 e0       	ldi	r19, 0x00	; 0
    22a4:	a9 01       	movw	r20, r18
    22a6:	c7 01       	movw	r24, r14
    22a8:	b6 01       	movw	r22, r12
    22aa:	0e 94 2d 16 	call	0x2c5a	; 0x2c5a <__cmpsf2>
    22ae:	87 ff       	sbrs	r24, 7
    22b0:	54 c0       	rjmp	.+168    	; 0x235a <main+0x6ee>
print():
C:\Users\luci\AppData\Local\Arduino15\packages\MiniCore\hardware\avr\3.1.1\cores\MCUdude_corefiles/Print.cpp:69
  return write(str);
}

size_t Print::print(char c)
{
  return write(c);
    22b2:	6d e2       	ldi	r22, 0x2D	; 45
    22b4:	88 ed       	ldi	r24, 0xD8	; 216
    22b6:	93 e0       	ldi	r25, 0x03	; 3
    22b8:	0e 94 f8 02 	call	0x5f0	; 0x5f0 <HardwareSerial::write(unsigned char)>
printFloat():
C:\Users\luci\AppData\Local\Arduino15\packages\MiniCore\hardware\avr\3.1.1\cores\MCUdude_corefiles/Print.cpp:265
  
  // Handle negative numbers
  if (number < 0.0)
  {
     n += print('-');
     number = -number;
    22bc:	c7 01       	movw	r24, r14
    22be:	b6 01       	movw	r22, r12
    22c0:	90 58       	subi	r25, 0x80	; 128
C:\Users\luci\AppData\Local\Arduino15\packages\MiniCore\hardware\avr\3.1.1\cores\MCUdude_corefiles/Print.cpp:273
  // Round correctly so that print(1.999, 2) prints as "2.00"
  double rounding = 0.5;
  for (uint8_t i=0; i<digits; ++i)
    rounding /= 10.0;
  
  number += rounding;
    22c2:	2a e0       	ldi	r18, 0x0A	; 10
    22c4:	37 ed       	ldi	r19, 0xD7	; 215
    22c6:	43 ea       	ldi	r20, 0xA3	; 163
    22c8:	5b e3       	ldi	r21, 0x3B	; 59
    22ca:	0e 94 9b 17 	call	0x2f36	; 0x2f36 <__addsf3>
    22ce:	4b 01       	movw	r8, r22
    22d0:	5c 01       	movw	r10, r24
C:\Users\luci\AppData\Local\Arduino15\packages\MiniCore\hardware\avr\3.1.1\cores\MCUdude_corefiles/Print.cpp:276

  // Extract the integer part of the number and print it
  unsigned long int_part = (unsigned long)number;
    22d2:	0e 94 80 18 	call	0x3100	; 0x3100 <__fixunssfsi>
    22d6:	2b 01       	movw	r4, r22
    22d8:	3c 01       	movw	r6, r24
C:\Users\luci\AppData\Local\Arduino15\packages\MiniCore\hardware\avr\3.1.1\cores\MCUdude_corefiles/Print.cpp:277
  double remainder = number - (double)int_part;
    22da:	0e 94 32 16 	call	0x2c64	; 0x2c64 <__floatunsisf>
    22de:	9b 01       	movw	r18, r22
    22e0:	ac 01       	movw	r20, r24
    22e2:	c5 01       	movw	r24, r10
    22e4:	b4 01       	movw	r22, r8
    22e6:	0e 94 9a 17 	call	0x2f34	; 0x2f34 <__subsf3>
    22ea:	4b 01       	movw	r8, r22
    22ec:	5c 01       	movw	r10, r24
print():
C:\Users\luci\AppData\Local\Arduino15\packages\MiniCore\hardware\avr\3.1.1\cores\MCUdude_corefiles/Print.cpp:106
}

size_t Print::print(unsigned long n, int base)
{
  if (base == 0) return write(n);
  else return printNumber(n, base);
    22ee:	4a e0       	ldi	r20, 0x0A	; 10
    22f0:	c3 01       	movw	r24, r6
    22f2:	b2 01       	movw	r22, r4
    22f4:	0e 94 f6 04 	call	0x9ec	; 0x9ec <Print::printNumber(unsigned long, unsigned char) [clone .constprop.26]>
C:\Users\luci\AppData\Local\Arduino15\packages\MiniCore\hardware\avr\3.1.1\cores\MCUdude_corefiles/Print.cpp:69
  return write(str);
}

size_t Print::print(char c)
{
  return write(c);
    22f8:	6e e2       	ldi	r22, 0x2E	; 46
    22fa:	88 ed       	ldi	r24, 0xD8	; 216
    22fc:	93 e0       	ldi	r25, 0x03	; 3
    22fe:	0e 94 f8 02 	call	0x5f0	; 0x5f0 <HardwareSerial::write(unsigned char)>
printFloat():
C:\Users\luci\AppData\Local\Arduino15\packages\MiniCore\hardware\avr\3.1.1\cores\MCUdude_corefiles/Print.cpp:288
  }

  // Extract digits from the remainder one at a time
  while (digits-- > 0)
  {
    remainder *= 10.0;
    2302:	20 e0       	ldi	r18, 0x00	; 0
    2304:	30 e0       	ldi	r19, 0x00	; 0
    2306:	40 e2       	ldi	r20, 0x20	; 32
    2308:	51 e4       	ldi	r21, 0x41	; 65
    230a:	c5 01       	movw	r24, r10
    230c:	b4 01       	movw	r22, r8
    230e:	0e 94 93 16 	call	0x2d26	; 0x2d26 <__mulsf3>
    2312:	4b 01       	movw	r8, r22
    2314:	5c 01       	movw	r10, r24
C:\Users\luci\AppData\Local\Arduino15\packages\MiniCore\hardware\avr\3.1.1\cores\MCUdude_corefiles/Print.cpp:289
    unsigned int toPrint = (unsigned int)(remainder);
    2316:	0e 94 80 18 	call	0x3100	; 0x3100 <__fixunssfsi>
print():
C:\Users\luci\AppData\Local\Arduino15\packages\MiniCore\hardware\avr\3.1.1\cores\MCUdude_corefiles/Print.cpp:84
  return print((long) n, base);
}

size_t Print::print(unsigned int n, int base)
{
  return print((unsigned long) n, base);
    231a:	2b 01       	movw	r4, r22
    231c:	71 2c       	mov	r7, r1
    231e:	61 2c       	mov	r6, r1
C:\Users\luci\AppData\Local\Arduino15\packages\MiniCore\hardware\avr\3.1.1\cores\MCUdude_corefiles/Print.cpp:106
}

size_t Print::print(unsigned long n, int base)
{
  if (base == 0) return write(n);
  else return printNumber(n, base);
    2320:	4a e0       	ldi	r20, 0x0A	; 10
    2322:	c3 01       	movw	r24, r6
    2324:	b2 01       	movw	r22, r4
    2326:	0e 94 f6 04 	call	0x9ec	; 0x9ec <Print::printNumber(unsigned long, unsigned char) [clone .constprop.26]>
printFloat():
C:\Users\luci\AppData\Local\Arduino15\packages\MiniCore\hardware\avr\3.1.1\cores\MCUdude_corefiles/Print.cpp:291
  while (digits-- > 0)
  {
    remainder *= 10.0;
    unsigned int toPrint = (unsigned int)(remainder);
    n += print(toPrint);
    remainder -= toPrint; 
    232a:	c3 01       	movw	r24, r6
    232c:	b2 01       	movw	r22, r4
    232e:	0e 94 32 16 	call	0x2c64	; 0x2c64 <__floatunsisf>
    2332:	9b 01       	movw	r18, r22
    2334:	ac 01       	movw	r20, r24
    2336:	c5 01       	movw	r24, r10
    2338:	b4 01       	movw	r22, r8
    233a:	0e 94 9a 17 	call	0x2f34	; 0x2f34 <__subsf3>
C:\Users\luci\AppData\Local\Arduino15\packages\MiniCore\hardware\avr\3.1.1\cores\MCUdude_corefiles/Print.cpp:288
  }

  // Extract digits from the remainder one at a time
  while (digits-- > 0)
  {
    remainder *= 10.0;
    233e:	20 e0       	ldi	r18, 0x00	; 0
    2340:	30 e0       	ldi	r19, 0x00	; 0
    2342:	40 e2       	ldi	r20, 0x20	; 32
    2344:	51 e4       	ldi	r21, 0x41	; 65
    2346:	0e 94 93 16 	call	0x2d26	; 0x2d26 <__mulsf3>
C:\Users\luci\AppData\Local\Arduino15\packages\MiniCore\hardware\avr\3.1.1\cores\MCUdude_corefiles/Print.cpp:289
    unsigned int toPrint = (unsigned int)(remainder);
    234a:	0e 94 80 18 	call	0x3100	; 0x3100 <__fixunssfsi>
print():
C:\Users\luci\AppData\Local\Arduino15\packages\MiniCore\hardware\avr\3.1.1\cores\MCUdude_corefiles/Print.cpp:84
  return print((long) n, base);
}

size_t Print::print(unsigned int n, int base)
{
  return print((unsigned long) n, base);
    234e:	90 e0       	ldi	r25, 0x00	; 0
    2350:	80 e0       	ldi	r24, 0x00	; 0
C:\Users\luci\AppData\Local\Arduino15\packages\MiniCore\hardware\avr\3.1.1\cores\MCUdude_corefiles/Print.cpp:106
}

size_t Print::print(unsigned long n, int base)
{
  if (base == 0) return write(n);
  else return printNumber(n, base);
    2352:	4a e0       	ldi	r20, 0x0A	; 10
    2354:	0e 94 f6 04 	call	0x9ec	; 0x9ec <Print::printNumber(unsigned long, unsigned char) [clone .constprop.26]>
    2358:	ba ce       	rjmp	.-652    	; 0x20ce <main+0x462>
printFloat():
C:\Users\luci\AppData\Local\Arduino15\packages\MiniCore\hardware\avr\3.1.1\cores\MCUdude_corefiles/Print.cpp:262
  if (isinf(number)) return print("inf");
  if (number > 4294967040.0) return print ("ovf");  // constant determined empirically
  if (number <-4294967040.0) return print ("ovf");  // constant determined empirically
  
  // Handle negative numbers
  if (number < 0.0)
    235a:	c7 01       	movw	r24, r14
    235c:	b6 01       	movw	r22, r12
    235e:	b1 cf       	rjmp	.-158    	; 0x22c2 <main+0x656>
GasAnalyse():
D:\projects\arduino\figaro\OnlineGasDetector_FIGARO/Figaro.ino:30
    // Гистерезис LED: ON >= 200, OFF < 150
    if (!AlertIsActive) {
      if (figaroAnalogValue >= LedTreshold)
        AlertIsActive = true;
    } else {
      if (figaroAnalogValue < LedTreshold - HysteresisOffset)
    2360:	20 e0       	ldi	r18, 0x00	; 0
    2362:	30 e0       	ldi	r19, 0x00	; 0
    2364:	46 e1       	ldi	r20, 0x16	; 22
    2366:	53 e4       	ldi	r21, 0x43	; 67
    2368:	c7 01       	movw	r24, r14
    236a:	b6 01       	movw	r22, r12
    236c:	0e 94 2d 16 	call	0x2c5a	; 0x2c5a <__cmpsf2>
    2370:	87 ff       	sbrs	r24, 7
    2372:	c6 ce       	rjmp	.-628    	; 0x2100 <main+0x494>
D:\projects\arduino\figaro\OnlineGasDetector_FIGARO/Figaro.ino:31
        AlertIsActive = false;
    2374:	10 92 c1 03 	sts	0x03C1, r1	; 0x8003c1 <AlertIsActive>
    2378:	c3 ce       	rjmp	.-634    	; 0x2100 <main+0x494>
D:\projects\arduino\figaro\OnlineGasDetector_FIGARO/Figaro.ino:39
    // Гистерезис зуммера: ON >= 300, OFF < 250
    if (!BuzzerAlertIsActive) {
      if (figaroAnalogValue >= BuzzerThreshold)
        BuzzerAlertIsActive = true;
    } else {
      if (figaroAnalogValue < BuzzerThreshold - HysteresisOffset)
    237a:	20 e0       	ldi	r18, 0x00	; 0
    237c:	30 e0       	ldi	r19, 0x00	; 0
    237e:	4a e7       	ldi	r20, 0x7A	; 122
    2380:	53 e4       	ldi	r21, 0x43	; 67
    2382:	c7 01       	movw	r24, r14
    2384:	b6 01       	movw	r22, r12
    2386:	0e 94 2d 16 	call	0x2c5a	; 0x2c5a <__cmpsf2>
    238a:	87 ff       	sbrs	r24, 7
    238c:	c8 ce       	rjmp	.-624    	; 0x211e <main+0x4b2>
D:\projects\arduino\figaro\OnlineGasDetector_FIGARO/Figaro.ino:40
        BuzzerAlertIsActive = false;
    238e:	10 92 b6 03 	sts	0x03B6, r1	; 0x8003b6 <BuzzerAlertIsActive>
    2392:	c5 ce       	rjmp	.-630    	; 0x211e <main+0x4b2>
main():
C:\Users\luci\AppData\Local\Arduino15\packages\MiniCore\hardware\avr\3.1.1\cores\MCUdude_corefiles/WString.cpp:739
  return 0;
    2394:	60 e0       	ldi	r22, 0x00	; 0
    2396:	70 e0       	ldi	r23, 0x00	; 0
    2398:	cb 01       	movw	r24, r22
    239a:	1c cf       	rjmp	.-456    	; 0x21d4 <main+0x568>
SendRequestToServer():
D:\projects\arduino\figaro\OnlineGasDetector_FIGARO/SIM800L.ino:185
String SendRequestToServer(bool isTestMode) {
  if (!prepareSIM800LForSendRequest(isTestMode)) {
    RestartGsmModule();
    return "";
  }
  String httpInitresult = sendAtCommand(F("AT+HTTPACTION=0"), true);
    239c:	64 ed       	ldi	r22, 0xD4	; 212
    239e:	71 e0       	ldi	r23, 0x01	; 1
    23a0:	ce 01       	movw	r24, r28
    23a2:	01 96       	adiw	r24, 0x01	; 1
    23a4:	0e 94 cb 07 	call	0xf96	; 0xf96 <String::String(__FlashStringHelper const*)>
    23a8:	41 e0       	ldi	r20, 0x01	; 1
    23aa:	be 01       	movw	r22, r28
    23ac:	6f 5f       	subi	r22, 0xFF	; 255
    23ae:	7f 4f       	sbci	r23, 0xFF	; 255
    23b0:	ce 01       	movw	r24, r28
    23b2:	43 96       	adiw	r24, 0x13	; 19
    23b4:	0e 94 c7 09 	call	0x138e	; 0x138e <sendAtCommand(String, bool)>
    23b8:	ce 01       	movw	r24, r28
    23ba:	01 96       	adiw	r24, 0x01	; 1
    23bc:	0e 94 60 06 	call	0xcc0	; 0xcc0 <String::~String()>
D:\projects\arduino\figaro\OnlineGasDetector_FIGARO/SIM800L.ino:186
  if (httpInitresult.indexOf(F("OK")) >= 0 && httpInitresult.indexOf(F("DEACT")) == -1) {
    23c0:	61 ed       	ldi	r22, 0xD1	; 209
    23c2:	71 e0       	ldi	r23, 0x01	; 1
    23c4:	ce 01       	movw	r24, r28
    23c6:	01 96       	adiw	r24, 0x01	; 1
    23c8:	0e 94 cb 07 	call	0xf96	; 0xf96 <String::String(__FlashStringHelper const*)>
    23cc:	be 01       	movw	r22, r28
    23ce:	6f 5f       	subi	r22, 0xFF	; 255
    23d0:	7f 4f       	sbci	r23, 0xFF	; 255
    23d2:	ce 01       	movw	r24, r28
    23d4:	43 96       	adiw	r24, 0x13	; 19
    23d6:	0e 94 f5 05 	call	0xbea	; 0xbea <String::indexOf(String const&) const>
main():
    23da:	f1 2c       	mov	r15, r1
SendRequestToServer():
    23dc:	97 fd       	sbrc	r25, 7
    23de:	16 c0       	rjmp	.+44     	; 0x240c <main+0x7a0>
    23e0:	6b ec       	ldi	r22, 0xCB	; 203
    23e2:	71 e0       	ldi	r23, 0x01	; 1
    23e4:	ce 01       	movw	r24, r28
    23e6:	07 96       	adiw	r24, 0x07	; 7
    23e8:	0e 94 cb 07 	call	0xf96	; 0xf96 <String::String(__FlashStringHelper const*)>
    23ec:	be 01       	movw	r22, r28
    23ee:	69 5f       	subi	r22, 0xF9	; 249
    23f0:	7f 4f       	sbci	r23, 0xFF	; 255
    23f2:	ce 01       	movw	r24, r28
    23f4:	43 96       	adiw	r24, 0x13	; 19
    23f6:	0e 94 f5 05 	call	0xbea	; 0xbea <String::indexOf(String const&) const>
    23fa:	ff 24       	eor	r15, r15
    23fc:	f3 94       	inc	r15
    23fe:	01 96       	adiw	r24, 0x01	; 1
    2400:	09 f0       	breq	.+2      	; 0x2404 <main+0x798>
    2402:	f1 2c       	mov	r15, r1
    2404:	ce 01       	movw	r24, r28
    2406:	07 96       	adiw	r24, 0x07	; 7
    2408:	0e 94 60 06 	call	0xcc0	; 0xcc0 <String::~String()>
    240c:	ce 01       	movw	r24, r28
    240e:	01 96       	adiw	r24, 0x01	; 1
    2410:	0e 94 60 06 	call	0xcc0	; 0xcc0 <String::~String()>
    2414:	ff 20       	and	r15, r15
    2416:	09 f4       	brne	.+2      	; 0x241a <main+0x7ae>
    2418:	70 c0       	rjmp	.+224    	; 0x24fa <main+0x88e>
D:\projects\arduino\figaro\OnlineGasDetector_FIGARO/SIM800L.ino:187
    if (waitAtAnswer().indexOf("200,") >= 0) {
    241a:	ce 01       	movw	r24, r28
    241c:	01 96       	adiw	r24, 0x01	; 1
    241e:	0e 94 f9 07 	call	0xff2	; 0xff2 <waitAtAnswer()>
    2422:	6e e5       	ldi	r22, 0x5E	; 94
    2424:	73 e0       	ldi	r23, 0x03	; 3
    2426:	ce 01       	movw	r24, r28
    2428:	07 96       	adiw	r24, 0x07	; 7
    242a:	0e 94 65 07 	call	0xeca	; 0xeca <String::String(char const*)>
    242e:	be 01       	movw	r22, r28
    2430:	69 5f       	subi	r22, 0xF9	; 249
    2432:	7f 4f       	sbci	r23, 0xFF	; 255
    2434:	ce 01       	movw	r24, r28
    2436:	01 96       	adiw	r24, 0x01	; 1
    2438:	0e 94 f5 05 	call	0xbea	; 0xbea <String::indexOf(String const&) const>
    243c:	7c 01       	movw	r14, r24
    243e:	ce 01       	movw	r24, r28
    2440:	07 96       	adiw	r24, 0x07	; 7
    2442:	0e 94 60 06 	call	0xcc0	; 0xcc0 <String::~String()>
    2446:	ce 01       	movw	r24, r28
    2448:	01 96       	adiw	r24, 0x01	; 1
    244a:	0e 94 60 06 	call	0xcc0	; 0xcc0 <String::~String()>
    244e:	f7 fc       	sbrc	r15, 7
    2450:	54 c0       	rjmp	.+168    	; 0x24fa <main+0x88e>
D:\projects\arduino\figaro\OnlineGasDetector_FIGARO/SIM800L.ino:188
      String serverResponse = sendAtCommand(F("AT+HTTPREAD"), true);
    2452:	6f eb       	ldi	r22, 0xBF	; 191
    2454:	71 e0       	ldi	r23, 0x01	; 1
    2456:	ce 01       	movw	r24, r28
    2458:	01 96       	adiw	r24, 0x01	; 1
    245a:	0e 94 cb 07 	call	0xf96	; 0xf96 <String::String(__FlashStringHelper const*)>
    245e:	41 e0       	ldi	r20, 0x01	; 1
    2460:	be 01       	movw	r22, r28
    2462:	6f 5f       	subi	r22, 0xFF	; 255
    2464:	7f 4f       	sbci	r23, 0xFF	; 255
    2466:	ce 01       	movw	r24, r28
    2468:	0d 96       	adiw	r24, 0x0d	; 13
    246a:	0e 94 c7 09 	call	0x138e	; 0x138e <sendAtCommand(String, bool)>
    246e:	ce 01       	movw	r24, r28
    2470:	01 96       	adiw	r24, 0x01	; 1
    2472:	0e 94 60 06 	call	0xcc0	; 0xcc0 <String::~String()>
D:\projects\arduino\figaro\OnlineGasDetector_FIGARO/SIM800L.ino:189
      sendAtCommand(F("AT+HTTPTERM"), true);
    2476:	63 eb       	ldi	r22, 0xB3	; 179
    2478:	71 e0       	ldi	r23, 0x01	; 1
    247a:	ce 01       	movw	r24, r28
    247c:	07 96       	adiw	r24, 0x07	; 7
    247e:	0e 94 cb 07 	call	0xf96	; 0xf96 <String::String(__FlashStringHelper const*)>
    2482:	41 e0       	ldi	r20, 0x01	; 1
    2484:	be 01       	movw	r22, r28
    2486:	69 5f       	subi	r22, 0xF9	; 249
    2488:	7f 4f       	sbci	r23, 0xFF	; 255
    248a:	ce 01       	movw	r24, r28
    248c:	01 96       	adiw	r24, 0x01	; 1
    248e:	0e 94 c7 09 	call	0x138e	; 0x138e <sendAtCommand(String, bool)>
    2492:	ce 01       	movw	r24, r28
    2494:	01 96       	adiw	r24, 0x01	; 1
    2496:	0e 94 60 06 	call	0xcc0	; 0xcc0 <String::~String()>
    249a:	ce 01       	movw	r24, r28
    249c:	07 96       	adiw	r24, 0x07	; 7
    249e:	0e 94 60 06 	call	0xcc0	; 0xcc0 <String::~String()>
D:\projects\arduino\figaro\OnlineGasDetector_FIGARO/SIM800L.ino:190
      sendAtCommand(F("AT+SAPBR=0,1"), true);
    24a2:	66 ea       	ldi	r22, 0xA6	; 166
    24a4:	71 e0       	ldi	r23, 0x01	; 1
    24a6:	ce 01       	movw	r24, r28
    24a8:	07 96       	adiw	r24, 0x07	; 7
    24aa:	0e 94 cb 07 	call	0xf96	; 0xf96 <String::String(__FlashStringHelper const*)>
    24ae:	41 e0       	ldi	r20, 0x01	; 1
    24b0:	be 01       	movw	r22, r28
    24b2:	69 5f       	subi	r22, 0xF9	; 249
    24b4:	7f 4f       	sbci	r23, 0xFF	; 255
    24b6:	ce 01       	movw	r24, r28
    24b8:	01 96       	adiw	r24, 0x01	; 1
    24ba:	0e 94 c7 09 	call	0x138e	; 0x138e <sendAtCommand(String, bool)>
    24be:	ce 01       	movw	r24, r28
    24c0:	01 96       	adiw	r24, 0x01	; 1
    24c2:	0e 94 60 06 	call	0xcc0	; 0xcc0 <String::~String()>
    24c6:	ce 01       	movw	r24, r28
    24c8:	07 96       	adiw	r24, 0x07	; 7
    24ca:	0e 94 60 06 	call	0xcc0	; 0xcc0 <String::~String()>
_ZN6String4initEv():
C:\Users\luci\AppData\Local\Arduino15\packages\MiniCore\hardware\avr\3.1.1\cores\MCUdude_corefiles/WString.cpp:134
/*  Memory Management                        */
/*********************************************/

inline void String::init(void)
{
  buffer = NULL;
    24ce:	18 a2       	std	Y+32, r1	; 0x20
    24d0:	1f 8e       	std	Y+31, r1	; 0x1f
C:\Users\luci\AppData\Local\Arduino15\packages\MiniCore\hardware\avr\3.1.1\cores\MCUdude_corefiles/WString.cpp:135
  capacity = 0;
    24d2:	1a a2       	std	Y+34, r1	; 0x22
    24d4:	19 a2       	std	Y+33, r1	; 0x21
C:\Users\luci\AppData\Local\Arduino15\packages\MiniCore\hardware\avr\3.1.1\cores\MCUdude_corefiles/WString.cpp:136
  len = 0;
    24d6:	1c a2       	std	Y+36, r1	; 0x24
    24d8:	1b a2       	std	Y+35, r1	; 0x23
__base_ctor ():
C:\Users\luci\AppData\Local\Arduino15\packages\MiniCore\hardware\avr\3.1.1\cores\MCUdude_corefiles/WString.cpp:50

#if __cplusplus >= 201103L || defined(__GXX_EXPERIMENTAL_CXX0X__)
String::String(String &&rval)
{
  init();
  move(rval);
    24da:	be 01       	movw	r22, r28
    24dc:	63 5f       	subi	r22, 0xF3	; 243
    24de:	7f 4f       	sbci	r23, 0xFF	; 255
    24e0:	ce 01       	movw	r24, r28
    24e2:	4f 96       	adiw	r24, 0x1f	; 31
    24e4:	0e 94 15 06 	call	0xc2a	; 0xc2a <String::move(String&)>
SendRequestToServer():
D:\projects\arduino\figaro\OnlineGasDetector_FIGARO/SIM800L.ino:188
    return "";
  }
  String httpInitresult = sendAtCommand(F("AT+HTTPACTION=0"), true);
  if (httpInitresult.indexOf(F("OK")) >= 0 && httpInitresult.indexOf(F("DEACT")) == -1) {
    if (waitAtAnswer().indexOf("200,") >= 0) {
      String serverResponse = sendAtCommand(F("AT+HTTPREAD"), true);
    24e8:	ce 01       	movw	r24, r28
    24ea:	0d 96       	adiw	r24, 0x0d	; 13
    24ec:	0e 94 60 06 	call	0xcc0	; 0xcc0 <String::~String()>
D:\projects\arduino\figaro\OnlineGasDetector_FIGARO/SIM800L.ino:185
String SendRequestToServer(bool isTestMode) {
  if (!prepareSIM800LForSendRequest(isTestMode)) {
    RestartGsmModule();
    return "";
  }
  String httpInitresult = sendAtCommand(F("AT+HTTPACTION=0"), true);
    24f0:	ce 01       	movw	r24, r28
    24f2:	43 96       	adiw	r24, 0x13	; 19
    24f4:	0e 94 60 06 	call	0xcc0	; 0xcc0 <String::~String()>
    24f8:	e8 c2       	rjmp	.+1488   	; 0x2aca <main+0xe5e>
D:\projects\arduino\figaro\OnlineGasDetector_FIGARO/SIM800L.ino:194
      sendAtCommand(F("AT+HTTPTERM"), true);
      sendAtCommand(F("AT+SAPBR=0,1"), true);
      return serverResponse;
    }
  }
  return "";
    24fa:	64 e4       	ldi	r22, 0x44	; 68
    24fc:	71 e0       	ldi	r23, 0x01	; 1
    24fe:	ce 01       	movw	r24, r28
    2500:	4f 96       	adiw	r24, 0x1f	; 31
    2502:	0e 94 65 07 	call	0xeca	; 0xeca <String::String(char const*)>
    2506:	f4 cf       	rjmp	.-24     	; 0x24f0 <main+0x884>
SendRequest():
D:\projects\arduino\figaro\OnlineGasDetector_FIGARO/SIM800L.ino:36
    Serial.println(ServerResponse);
    if (ServerResponse == "") {
      Serial.println(F("Failed to send http request"));
      RestartGsmModule();
    } else {
      String body = ExtractResponseBody(ServerResponse);
    2508:	be 01       	movw	r22, r28
    250a:	61 5e       	subi	r22, 0xE1	; 225
    250c:	7f 4f       	sbci	r23, 0xFF	; 255
    250e:	ce 01       	movw	r24, r28
    2510:	07 96       	adiw	r24, 0x07	; 7
    2512:	0e 94 5c 07 	call	0xeb8	; 0xeb8 <String::String(String const&)>
ExtractResponseBody():
D:\projects\arduino\figaro\OnlineGasDetector_FIGARO/SIM800L.ino:150
  digitalWrite(MODEM_POWER_PIN, HIGH);
}

// Извлекает тело ответа из строки вида "+HTTPREAD: N\r\n<body>\r\nOK"
String ExtractResponseBody(String data) {
  int httpreadIdx = data.indexOf(F("+HTTPREAD:"));
    2516:	69 e4       	ldi	r22, 0x49	; 73
    2518:	71 e0       	ldi	r23, 0x01	; 1
    251a:	ce 01       	movw	r24, r28
    251c:	01 96       	adiw	r24, 0x01	; 1
    251e:	0e 94 cb 07 	call	0xf96	; 0xf96 <String::String(__FlashStringHelper const*)>
    2522:	be 01       	movw	r22, r28
    2524:	6f 5f       	subi	r22, 0xFF	; 255
    2526:	7f 4f       	sbci	r23, 0xFF	; 255
    2528:	ce 01       	movw	r24, r28
    252a:	07 96       	adiw	r24, 0x07	; 7
    252c:	0e 94 f5 05 	call	0xbea	; 0xbea <String::indexOf(String const&) const>
    2530:	7c 01       	movw	r14, r24
    2532:	ce 01       	movw	r24, r28
    2534:	01 96       	adiw	r24, 0x01	; 1
    2536:	0e 94 60 06 	call	0xcc0	; 0xcc0 <String::~String()>
D:\projects\arduino\figaro\OnlineGasDetector_FIGARO/SIM800L.ino:151
  if (httpreadIdx == -1) return "";
    253a:	2f ef       	ldi	r18, 0xFF	; 255
    253c:	e2 16       	cp	r14, r18
    253e:	f2 06       	cpc	r15, r18
    2540:	09 f0       	breq	.+2      	; 0x2544 <main+0x8d8>
    2542:	a5 c0       	rjmp	.+330    	; 0x268e <main+0xa22>
    2544:	64 e4       	ldi	r22, 0x44	; 68
    2546:	71 e0       	ldi	r23, 0x01	; 1
    2548:	ce 01       	movw	r24, r28
    254a:	49 96       	adiw	r24, 0x19	; 25
    254c:	0e 94 65 07 	call	0xeca	; 0xeca <String::String(char const*)>
SendRequest():
    2550:	ce 01       	movw	r24, r28
    2552:	07 96       	adiw	r24, 0x07	; 7
    2554:	0e 94 60 06 	call	0xcc0	; 0xcc0 <String::~String()>
D:\projects\arduino\figaro\OnlineGasDetector_FIGARO/SIM800L.ino:37
    if (ServerResponse == "") {
      Serial.println(F("Failed to send http request"));
      RestartGsmModule();
    } else {
      String body = ExtractResponseBody(ServerResponse);
      if (body.length() > 0 && body.charAt(0) == '1') {
    2558:	8d 8d       	ldd	r24, Y+29	; 0x1d
    255a:	9e 8d       	ldd	r25, Y+30	; 0x1e
    255c:	89 2b       	or	r24, r25
    255e:	09 f4       	brne	.+2      	; 0x2562 <main+0x8f6>
    2560:	2a c1       	rjmp	.+596    	; 0x27b6 <main+0xb4a>
operator[]():
C:\Users\luci\AppData\Local\Arduino15\packages\MiniCore\hardware\avr\3.1.1\cores\MCUdude_corefiles/WString.cpp:534
  return buffer[index];
}

char String::operator[]( unsigned int index ) const
{
  if (index >= len || !buffer) return 0;
    2562:	e9 8d       	ldd	r30, Y+25	; 0x19
    2564:	fa 8d       	ldd	r31, Y+26	; 0x1a
    2566:	30 97       	sbiw	r30, 0x00	; 0
    2568:	09 f4       	brne	.+2      	; 0x256c <main+0x900>
    256a:	25 c1       	rjmp	.+586    	; 0x27b6 <main+0xb4a>
SendRequest():
D:\projects\arduino\figaro\OnlineGasDetector_FIGARO/SIM800L.ino:37
    256c:	80 81       	ld	r24, Z
    256e:	81 33       	cpi	r24, 0x31	; 49
    2570:	09 f0       	breq	.+2      	; 0x2574 <main+0x908>
    2572:	21 c1       	rjmp	.+578    	; 0x27b6 <main+0xb4a>
D:\projects\arduino\figaro\OnlineGasDetector_FIGARO/SIM800L.ino:38
        Serial.println(F("SUCCESS"));
    2574:	84 ee       	ldi	r24, 0xE4	; 228
    2576:	91 e0       	ldi	r25, 0x01	; 1
    2578:	0e 94 4f 05 	call	0xa9e	; 0xa9e <Print::println(__FlashStringHelper const*) [clone .constprop.8]>
D:\projects\arduino\figaro\OnlineGasDetector_FIGARO/SIM800L.ino:39
        NeedForSendRequest = false;
    257c:	10 92 bb 03 	sts	0x03BB, r1	; 0x8003bb <NeedForSendRequest>
D:\projects\arduino\figaro\OnlineGasDetector_FIGARO/SIM800L.ino:40
        if (TestAlertIsActive) {
    2580:	80 91 c6 03 	lds	r24, 0x03C6	; 0x8003c6 <TestAlertIsActive>
    2584:	81 11       	cpse	r24, r1
D:\projects\arduino\figaro\OnlineGasDetector_FIGARO/SIM800L.ino:41
          TestAlertIsActive = false;
    2586:	10 92 c6 03 	sts	0x03C6, r1	; 0x8003c6 <TestAlertIsActive>
indexOf():
C:\Users\luci\AppData\Local\Arduino15\packages\MiniCore\hardware\avr\3.1.1\cores\MCUdude_corefiles/WString.cpp:557
/*  Search                                   */
/*********************************************/

int String::indexOf(char c) const
{
  return indexOf(c, 0);
    258a:	50 e0       	ldi	r21, 0x00	; 0
    258c:	40 e0       	ldi	r20, 0x00	; 0
    258e:	6c e2       	ldi	r22, 0x2C	; 44
    2590:	ce 01       	movw	r24, r28
    2592:	49 96       	adiw	r24, 0x19	; 25
    2594:	0e 94 f9 05 	call	0xbf2	; 0xbf2 <String::indexOf(char, unsigned int) const>
SendRequest():
D:\projects\arduino\figaro\OnlineGasDetector_FIGARO/SIM800L.ino:45
        }
        // 2.3: Отправляем SMS всем номерам из ответа сервера
        int commaIdx = body.indexOf(',');
        if (commaIdx != -1) {
    2598:	8f 3f       	cpi	r24, 0xFF	; 255
    259a:	98 07       	cpc	r25, r24
    259c:	09 f4       	brne	.+2      	; 0x25a0 <main+0x934>
    259e:	07 c1       	rjmp	.+526    	; 0x27ae <main+0xb42>
substring():
C:\Users\luci\AppData\Local\Arduino15\packages\MiniCore\hardware\avr\3.1.1\cores\MCUdude_corefiles/WString.h:178
    25a0:	2d 8d       	ldd	r18, Y+29	; 0x1d
    25a2:	3e 8d       	ldd	r19, Y+30	; 0x1e
SendRequest():
D:\projects\arduino\figaro\OnlineGasDetector_FIGARO/SIM800L.ino:46
          String phones = body.substring(commaIdx + 1);
    25a4:	ac 01       	movw	r20, r24
    25a6:	4f 5f       	subi	r20, 0xFF	; 255
    25a8:	5f 4f       	sbci	r21, 0xFF	; 255
substring():
C:\Users\luci\AppData\Local\Arduino15\packages\MiniCore\hardware\avr\3.1.1\cores\MCUdude_corefiles/WString.h:178
    25aa:	be 01       	movw	r22, r28
    25ac:	67 5e       	subi	r22, 0xE7	; 231
    25ae:	7f 4f       	sbci	r23, 0xFF	; 255
    25b0:	ce 01       	movw	r24, r28
    25b2:	43 96       	adiw	r24, 0x13	; 19
    25b4:	0e 94 76 07 	call	0xeec	; 0xeec <String::substring(unsigned int, unsigned int) const>
SendRequest():
D:\projects\arduino\figaro\OnlineGasDetector_FIGARO/SIM800L.ino:47
          SendSMSToOwners(isTestMode, phones);
    25b8:	be 01       	movw	r22, r28
    25ba:	6d 5e       	subi	r22, 0xED	; 237
    25bc:	7f 4f       	sbci	r23, 0xFF	; 255
    25be:	ce 01       	movw	r24, r28
    25c0:	0d 96       	adiw	r24, 0x0d	; 13
    25c2:	0e 94 5c 07 	call	0xeb8	; 0xeb8 <String::String(String const&)>
main():
D:\projects\arduino\figaro\OnlineGasDetector_FIGARO/SIM800L.ino:60


// Отправляет SMS каждому номеру из строки phones (через запятую).
// Каждый номер повторяется до успешной отправки.
void SendSMSToOwners(bool isTestMode, String phones) {
  int start = 0;
    25c6:	f1 2c       	mov	r15, r1
    25c8:	e1 2c       	mov	r14, r1
SendSMSToOwners():
D:\projects\arduino\figaro\OnlineGasDetector_FIGARO/SIM800L.ino:61
  while (start < (int)phones.length()) {
    25ca:	89 89       	ldd	r24, Y+17	; 0x11
    25cc:	9a 89       	ldd	r25, Y+18	; 0x12
    25ce:	e8 16       	cp	r14, r24
    25d0:	f9 06       	cpc	r15, r25
    25d2:	0c f0       	brlt	.+2      	; 0x25d6 <main+0x96a>
    25d4:	e4 c0       	rjmp	.+456    	; 0x279e <main+0xb32>
D:\projects\arduino\figaro\OnlineGasDetector_FIGARO/SIM800L.ino:62
    int commaIdx = phones.indexOf(',', start);
    25d6:	a7 01       	movw	r20, r14
    25d8:	6c e2       	ldi	r22, 0x2C	; 44
    25da:	ce 01       	movw	r24, r28
    25dc:	0d 96       	adiw	r24, 0x0d	; 13
    25de:	0e 94 f9 05 	call	0xbf2	; 0xbf2 <String::indexOf(char, unsigned int) const>
    25e2:	4c 01       	movw	r8, r24
D:\projects\arduino\figaro\OnlineGasDetector_FIGARO/SIM800L.ino:63
    String phone;
    25e4:	64 e4       	ldi	r22, 0x44	; 68
    25e6:	71 e0       	ldi	r23, 0x01	; 1
    25e8:	ce 01       	movw	r24, r28
    25ea:	07 96       	adiw	r24, 0x07	; 7
    25ec:	0e 94 65 07 	call	0xeca	; 0xeca <String::String(char const*)>
D:\projects\arduino\figaro\OnlineGasDetector_FIGARO/SIM800L.ino:64
    if (commaIdx == -1) {
    25f0:	ff ef       	ldi	r31, 0xFF	; 255
    25f2:	8f 16       	cp	r8, r31
    25f4:	9f 06       	cpc	r9, r31
    25f6:	09 f0       	breq	.+2      	; 0x25fa <main+0x98e>
    25f8:	a7 c0       	rjmp	.+334    	; 0x2748 <main+0xadc>
substring():
C:\Users\luci\AppData\Local\Arduino15\packages\MiniCore\hardware\avr\3.1.1\cores\MCUdude_corefiles/WString.h:178
    25fa:	29 89       	ldd	r18, Y+17	; 0x11
    25fc:	3a 89       	ldd	r19, Y+18	; 0x12
    25fe:	a7 01       	movw	r20, r14
    2600:	be 01       	movw	r22, r28
    2602:	63 5f       	subi	r22, 0xF3	; 243
    2604:	7f 4f       	sbci	r23, 0xFF	; 255
    2606:	ce 01       	movw	r24, r28
    2608:	01 96       	adiw	r24, 0x01	; 1
    260a:	0e 94 76 07 	call	0xeec	; 0xeec <String::substring(unsigned int, unsigned int) const>
operator=():
C:\Users\luci\AppData\Local\Arduino15\packages\MiniCore\hardware\avr\3.1.1\cores\MCUdude_corefiles/WString.cpp:228
}

#if __cplusplus >= 201103L || defined(__GXX_EXPERIMENTAL_CXX0X__)
String & String::operator = (String &&rval)
{
  if (this != &rval) move(rval);
    260e:	be 01       	movw	r22, r28
    2610:	6f 5f       	subi	r22, 0xFF	; 255
    2612:	7f 4f       	sbci	r23, 0xFF	; 255
    2614:	ce 01       	movw	r24, r28
    2616:	07 96       	adiw	r24, 0x07	; 7
    2618:	0e 94 15 06 	call	0xc2a	; 0xc2a <String::move(String&)>
SendSMSToOwners():
D:\projects\arduino\figaro\OnlineGasDetector_FIGARO/SIM800L.ino:65
      phone = phones.substring(start);
    261c:	ce 01       	movw	r24, r28
    261e:	01 96       	adiw	r24, 0x01	; 1
    2620:	0e 94 60 06 	call	0xcc0	; 0xcc0 <String::~String()>
D:\projects\arduino\figaro\OnlineGasDetector_FIGARO/SIM800L.ino:66
      start = phones.length();
    2624:	e9 88       	ldd	r14, Y+17	; 0x11
    2626:	fa 88       	ldd	r15, Y+18	; 0x12
D:\projects\arduino\figaro\OnlineGasDetector_FIGARO/SIM800L.ino:71
    } else {
      phone = phones.substring(start, commaIdx);
      start = commaIdx + 1;
    }
    phone.trim();
    2628:	ce 01       	movw	r24, r28
    262a:	07 96       	adiw	r24, 0x07	; 7
    262c:	0e 94 7c 05 	call	0xaf8	; 0xaf8 <String::trim()>
D:\projects\arduino\figaro\OnlineGasDetector_FIGARO/SIM800L.ino:72
    if (phone.length() > 0) {
    2630:	8b 85       	ldd	r24, Y+11	; 0x0b
    2632:	9c 85       	ldd	r25, Y+12	; 0x0c
    2634:	89 2b       	or	r24, r25
    2636:	31 f1       	breq	.+76     	; 0x2684 <main+0xa18>
D:\projects\arduino\figaro\OnlineGasDetector_FIGARO/SIM800L.ino:75
      bool sent = false;
      while (!sent) {
        sent = SendSMS(isTestMode, phone);
    2638:	be 01       	movw	r22, r28
    263a:	69 5f       	subi	r22, 0xF9	; 249
    263c:	7f 4f       	sbci	r23, 0xFF	; 255
    263e:	ce 01       	movw	r24, r28
    2640:	01 96       	adiw	r24, 0x01	; 1
    2642:	0e 94 5c 07 	call	0xeb8	; 0xeb8 <String::String(String const&)>
    2646:	be 01       	movw	r22, r28
    2648:	6f 5f       	subi	r22, 0xFF	; 255
    264a:	7f 4f       	sbci	r23, 0xFF	; 255
    264c:	8d 2d       	mov	r24, r13
    264e:	0e 94 f8 09 	call	0x13f0	; 0x13f0 <SendSMS(bool, String)>
    2652:	c8 2e       	mov	r12, r24
    2654:	ce 01       	movw	r24, r28
    2656:	01 96       	adiw	r24, 0x01	; 1
    2658:	0e 94 60 06 	call	0xcc0	; 0xcc0 <String::~String()>
D:\projects\arduino\figaro\OnlineGasDetector_FIGARO/SIM800L.ino:76
        if (sent) {
    265c:	cc 20       	and	r12, r12
    265e:	09 f4       	brne	.+2      	; 0x2662 <main+0x9f6>
    2660:	8c c0       	rjmp	.+280    	; 0x277a <main+0xb0e>
D:\projects\arduino\figaro\OnlineGasDetector_FIGARO/SIM800L.ino:77
          Serial.print(F("SMS sent to "));
    2662:	83 e3       	ldi	r24, 0x33	; 51
    2664:	91 e0       	ldi	r25, 0x01	; 1
    2666:	0e 94 45 03 	call	0x68a	; 0x68a <Print::print(__FlashStringHelper const*) [clone .constprop.9]>
D:\projects\arduino\figaro\OnlineGasDetector_FIGARO/SIM800L.ino:78
          Serial.println(phone);
    266a:	be 01       	movw	r22, r28
    266c:	69 5f       	subi	r22, 0xF9	; 249
    266e:	7f 4f       	sbci	r23, 0xFF	; 255
    2670:	88 ed       	ldi	r24, 0xD8	; 216
    2672:	93 e0       	ldi	r25, 0x03	; 3
    2674:	0e 94 5f 05 	call	0xabe	; 0xabe <Print::println(String const&)>
D:\projects\arduino\figaro\OnlineGasDetector_FIGARO/SIM800L.ino:85
          Serial.print(F("Retry SMS to "));
          Serial.println(phone);
          delay(2000);
        }
      }
      delay(2000);
    2678:	60 ed       	ldi	r22, 0xD0	; 208
    267a:	77 e0       	ldi	r23, 0x07	; 7
    267c:	80 e0       	ldi	r24, 0x00	; 0
    267e:	90 e0       	ldi	r25, 0x00	; 0
    2680:	0e 94 0f 02 	call	0x41e	; 0x41e <delay>
D:\projects\arduino\figaro\OnlineGasDetector_FIGARO/SIM800L.ino:63
// Каждый номер повторяется до успешной отправки.
void SendSMSToOwners(bool isTestMode, String phones) {
  int start = 0;
  while (start < (int)phones.length()) {
    int commaIdx = phones.indexOf(',', start);
    String phone;
    2684:	ce 01       	movw	r24, r28
    2686:	07 96       	adiw	r24, 0x07	; 7
    2688:	0e 94 60 06 	call	0xcc0	; 0xcc0 <String::~String()>
    268c:	9e cf       	rjmp	.-196    	; 0x25ca <main+0x95e>
ExtractResponseBody():
D:\projects\arduino\figaro\OnlineGasDetector_FIGARO/SIM800L.ino:152

// Извлекает тело ответа из строки вида "+HTTPREAD: N\r\n<body>\r\nOK"
String ExtractResponseBody(String data) {
  int httpreadIdx = data.indexOf(F("+HTTPREAD:"));
  if (httpreadIdx == -1) return "";
  int bodyStart = data.indexOf('\n', httpreadIdx);
    268e:	a7 01       	movw	r20, r14
    2690:	6a e0       	ldi	r22, 0x0A	; 10
    2692:	ce 01       	movw	r24, r28
    2694:	07 96       	adiw	r24, 0x07	; 7
    2696:	0e 94 f9 05 	call	0xbf2	; 0xbf2 <String::indexOf(char, unsigned int) const>
D:\projects\arduino\figaro\OnlineGasDetector_FIGARO/SIM800L.ino:153
  if (bodyStart == -1) return "";
    269a:	8f 3f       	cpi	r24, 0xFF	; 255
    269c:	98 07       	cpc	r25, r24
    269e:	09 f4       	brne	.+2      	; 0x26a2 <main+0xa36>
    26a0:	51 cf       	rjmp	.-350    	; 0x2544 <main+0x8d8>
D:\projects\arduino\figaro\OnlineGasDetector_FIGARO/SIM800L.ino:154
  bodyStart++; // пропускаем '\n'
    26a2:	7c 01       	movw	r14, r24
    26a4:	ff ef       	ldi	r31, 0xFF	; 255
    26a6:	ef 1a       	sub	r14, r31
    26a8:	ff 0a       	sbc	r15, r31
D:\projects\arduino\figaro\OnlineGasDetector_FIGARO/SIM800L.ino:155
  int bodyEnd = data.indexOf(F("\r\nOK"), bodyStart);
    26aa:	64 e4       	ldi	r22, 0x44	; 68
    26ac:	71 e0       	ldi	r23, 0x01	; 1
    26ae:	ce 01       	movw	r24, r28
    26b0:	01 96       	adiw	r24, 0x01	; 1
    26b2:	0e 94 cb 07 	call	0xf96	; 0xf96 <String::String(__FlashStringHelper const*)>
    26b6:	a7 01       	movw	r20, r14
    26b8:	be 01       	movw	r22, r28
    26ba:	6f 5f       	subi	r22, 0xFF	; 255
    26bc:	7f 4f       	sbci	r23, 0xFF	; 255
    26be:	ce 01       	movw	r24, r28
    26c0:	07 96       	adiw	r24, 0x07	; 7
    26c2:	0e 94 d9 05 	call	0xbb2	; 0xbb2 <String::indexOf(String const&, unsigned int) const>
    26c6:	4c 01       	movw	r8, r24
    26c8:	ce 01       	movw	r24, r28
    26ca:	01 96       	adiw	r24, 0x01	; 1
    26cc:	0e 94 60 06 	call	0xcc0	; 0xcc0 <String::~String()>
D:\projects\arduino\figaro\OnlineGasDetector_FIGARO/SIM800L.ino:156
  if (bodyEnd == -1) bodyEnd = data.indexOf(F("\nOK"), bodyStart);
    26d0:	2f ef       	ldi	r18, 0xFF	; 255
    26d2:	82 16       	cp	r8, r18
    26d4:	92 06       	cpc	r9, r18
    26d6:	c9 f4       	brne	.+50     	; 0x270a <main+0xa9e>
    26d8:	60 e4       	ldi	r22, 0x40	; 64
    26da:	71 e0       	ldi	r23, 0x01	; 1
    26dc:	ce 01       	movw	r24, r28
    26de:	01 96       	adiw	r24, 0x01	; 1
    26e0:	0e 94 cb 07 	call	0xf96	; 0xf96 <String::String(__FlashStringHelper const*)>
    26e4:	a7 01       	movw	r20, r14
    26e6:	be 01       	movw	r22, r28
    26e8:	6f 5f       	subi	r22, 0xFF	; 255
    26ea:	7f 4f       	sbci	r23, 0xFF	; 255
    26ec:	ce 01       	movw	r24, r28
    26ee:	07 96       	adiw	r24, 0x07	; 7
    26f0:	0e 94 d9 05 	call	0xbb2	; 0xbb2 <String::indexOf(String const&, unsigned int) const>
    26f4:	4c 01       	movw	r8, r24
    26f6:	ce 01       	movw	r24, r28
    26f8:	01 96       	adiw	r24, 0x01	; 1
    26fa:	0e 94 60 06 	call	0xcc0	; 0xcc0 <String::~String()>
D:\projects\arduino\figaro\OnlineGasDetector_FIGARO/SIM800L.ino:157
  if (bodyEnd == -1) bodyEnd = data.length();
    26fe:	8f ef       	ldi	r24, 0xFF	; 255
    2700:	88 16       	cp	r8, r24
    2702:	98 06       	cpc	r9, r24
    2704:	11 f4       	brne	.+4      	; 0x270a <main+0xa9e>
    2706:	8b 84       	ldd	r8, Y+11	; 0x0b
    2708:	9c 84       	ldd	r9, Y+12	; 0x0c
D:\projects\arduino\figaro\OnlineGasDetector_FIGARO/SIM800L.ino:158
  String body = data.substring(bodyStart, bodyEnd);
    270a:	94 01       	movw	r18, r8
    270c:	a7 01       	movw	r20, r14
    270e:	be 01       	movw	r22, r28
    2710:	69 5f       	subi	r22, 0xF9	; 249
    2712:	7f 4f       	sbci	r23, 0xFF	; 255
    2714:	ce 01       	movw	r24, r28
    2716:	01 96       	adiw	r24, 0x01	; 1
    2718:	0e 94 76 07 	call	0xeec	; 0xeec <String::substring(unsigned int, unsigned int) const>
D:\projects\arduino\figaro\OnlineGasDetector_FIGARO/SIM800L.ino:159
  body.trim();
    271c:	ce 01       	movw	r24, r28
    271e:	01 96       	adiw	r24, 0x01	; 1
    2720:	0e 94 7c 05 	call	0xaf8	; 0xaf8 <String::trim()>
_ZN6String4initEv():
C:\Users\luci\AppData\Local\Arduino15\packages\MiniCore\hardware\avr\3.1.1\cores\MCUdude_corefiles/WString.cpp:134
/*  Memory Management                        */
/*********************************************/

inline void String::init(void)
{
  buffer = NULL;
    2724:	1a 8e       	std	Y+26, r1	; 0x1a
    2726:	19 8e       	std	Y+25, r1	; 0x19
C:\Users\luci\AppData\Local\Arduino15\packages\MiniCore\hardware\avr\3.1.1\cores\MCUdude_corefiles/WString.cpp:135
  capacity = 0;
    2728:	1c 8e       	std	Y+28, r1	; 0x1c
    272a:	1b 8e       	std	Y+27, r1	; 0x1b
C:\Users\luci\AppData\Local\Arduino15\packages\MiniCore\hardware\avr\3.1.1\cores\MCUdude_corefiles/WString.cpp:136
  len = 0;
    272c:	1e 8e       	std	Y+30, r1	; 0x1e
    272e:	1d 8e       	std	Y+29, r1	; 0x1d
__base_ctor ():
C:\Users\luci\AppData\Local\Arduino15\packages\MiniCore\hardware\avr\3.1.1\cores\MCUdude_corefiles/WString.cpp:50

#if __cplusplus >= 201103L || defined(__GXX_EXPERIMENTAL_CXX0X__)
String::String(String &&rval)
{
  init();
  move(rval);
    2730:	be 01       	movw	r22, r28
    2732:	6f 5f       	subi	r22, 0xFF	; 255
    2734:	7f 4f       	sbci	r23, 0xFF	; 255
    2736:	ce 01       	movw	r24, r28
    2738:	49 96       	adiw	r24, 0x19	; 25
    273a:	0e 94 15 06 	call	0xc2a	; 0xc2a <String::move(String&)>
ExtractResponseBody():
D:\projects\arduino\figaro\OnlineGasDetector_FIGARO/SIM800L.ino:158
  if (bodyStart == -1) return "";
  bodyStart++; // пропускаем '\n'
  int bodyEnd = data.indexOf(F("\r\nOK"), bodyStart);
  if (bodyEnd == -1) bodyEnd = data.indexOf(F("\nOK"), bodyStart);
  if (bodyEnd == -1) bodyEnd = data.length();
  String body = data.substring(bodyStart, bodyEnd);
    273e:	ce 01       	movw	r24, r28
    2740:	01 96       	adiw	r24, 0x01	; 1
    2742:	0e 94 60 06 	call	0xcc0	; 0xcc0 <String::~String()>
    2746:	04 cf       	rjmp	.-504    	; 0x2550 <main+0x8e4>
SendSMSToOwners():
D:\projects\arduino\figaro\OnlineGasDetector_FIGARO/SIM800L.ino:68
    String phone;
    if (commaIdx == -1) {
      phone = phones.substring(start);
      start = phones.length();
    } else {
      phone = phones.substring(start, commaIdx);
    2748:	94 01       	movw	r18, r8
    274a:	a7 01       	movw	r20, r14
    274c:	be 01       	movw	r22, r28
    274e:	63 5f       	subi	r22, 0xF3	; 243
    2750:	7f 4f       	sbci	r23, 0xFF	; 255
    2752:	ce 01       	movw	r24, r28
    2754:	01 96       	adiw	r24, 0x01	; 1
    2756:	0e 94 76 07 	call	0xeec	; 0xeec <String::substring(unsigned int, unsigned int) const>
operator=():
C:\Users\luci\AppData\Local\Arduino15\packages\MiniCore\hardware\avr\3.1.1\cores\MCUdude_corefiles/WString.cpp:228
}

#if __cplusplus >= 201103L || defined(__GXX_EXPERIMENTAL_CXX0X__)
String & String::operator = (String &&rval)
{
  if (this != &rval) move(rval);
    275a:	be 01       	movw	r22, r28
    275c:	6f 5f       	subi	r22, 0xFF	; 255
    275e:	7f 4f       	sbci	r23, 0xFF	; 255
    2760:	ce 01       	movw	r24, r28
    2762:	07 96       	adiw	r24, 0x07	; 7
    2764:	0e 94 15 06 	call	0xc2a	; 0xc2a <String::move(String&)>
SendSMSToOwners():
D:\projects\arduino\figaro\OnlineGasDetector_FIGARO/SIM800L.ino:68
    2768:	ce 01       	movw	r24, r28
    276a:	01 96       	adiw	r24, 0x01	; 1
    276c:	0e 94 60 06 	call	0xcc0	; 0xcc0 <String::~String()>
D:\projects\arduino\figaro\OnlineGasDetector_FIGARO/SIM800L.ino:69
      start = commaIdx + 1;
    2770:	74 01       	movw	r14, r8
    2772:	2f ef       	ldi	r18, 0xFF	; 255
    2774:	e2 1a       	sub	r14, r18
    2776:	f2 0a       	sbc	r15, r18
    2778:	57 cf       	rjmp	.-338    	; 0x2628 <main+0x9bc>
D:\projects\arduino\figaro\OnlineGasDetector_FIGARO/SIM800L.ino:80
        sent = SendSMS(isTestMode, phone);
        if (sent) {
          Serial.print(F("SMS sent to "));
          Serial.println(phone);
        } else {
          Serial.print(F("Retry SMS to "));
    277a:	85 e2       	ldi	r24, 0x25	; 37
    277c:	91 e0       	ldi	r25, 0x01	; 1
    277e:	0e 94 45 03 	call	0x68a	; 0x68a <Print::print(__FlashStringHelper const*) [clone .constprop.9]>
D:\projects\arduino\figaro\OnlineGasDetector_FIGARO/SIM800L.ino:81
          Serial.println(phone);
    2782:	be 01       	movw	r22, r28
    2784:	69 5f       	subi	r22, 0xF9	; 249
    2786:	7f 4f       	sbci	r23, 0xFF	; 255
    2788:	88 ed       	ldi	r24, 0xD8	; 216
    278a:	93 e0       	ldi	r25, 0x03	; 3
    278c:	0e 94 5f 05 	call	0xabe	; 0xabe <Print::println(String const&)>
D:\projects\arduino\figaro\OnlineGasDetector_FIGARO/SIM800L.ino:82
          delay(2000);
    2790:	60 ed       	ldi	r22, 0xD0	; 208
    2792:	77 e0       	ldi	r23, 0x07	; 7
    2794:	80 e0       	ldi	r24, 0x00	; 0
    2796:	90 e0       	ldi	r25, 0x00	; 0
    2798:	0e 94 0f 02 	call	0x41e	; 0x41e <delay>
    279c:	4d cf       	rjmp	.-358    	; 0x2638 <main+0x9cc>
SendRequest():
D:\projects\arduino\figaro\OnlineGasDetector_FIGARO/SIM800L.ino:47
        }
        // 2.3: Отправляем SMS всем номерам из ответа сервера
        int commaIdx = body.indexOf(',');
        if (commaIdx != -1) {
          String phones = body.substring(commaIdx + 1);
          SendSMSToOwners(isTestMode, phones);
    279e:	ce 01       	movw	r24, r28
    27a0:	0d 96       	adiw	r24, 0x0d	; 13
    27a2:	0e 94 60 06 	call	0xcc0	; 0xcc0 <String::~String()>
D:\projects\arduino\figaro\OnlineGasDetector_FIGARO/SIM800L.ino:46
          TestAlertIsActive = false;
        }
        // 2.3: Отправляем SMS всем номерам из ответа сервера
        int commaIdx = body.indexOf(',');
        if (commaIdx != -1) {
          String phones = body.substring(commaIdx + 1);
    27a6:	ce 01       	movw	r24, r28
    27a8:	43 96       	adiw	r24, 0x13	; 19
    27aa:	0e 94 60 06 	call	0xcc0	; 0xcc0 <String::~String()>
DeactivateGsmModulePower():
D:\projects\arduino\figaro\OnlineGasDetector_FIGARO/SIM800L.ino:139
void ActivateGsmModulePower() {
  digitalWrite(MODEM_POWER_PIN, HIGH);
}

void DeactivateGsmModulePower() {
  digitalWrite(MODEM_POWER_PIN, LOW);
    27ae:	60 e0       	ldi	r22, 0x00	; 0
    27b0:	8c e0       	ldi	r24, 0x0C	; 12
    27b2:	0e 94 62 01 	call	0x2c4	; 0x2c4 <digitalWrite>
SendRequest():
D:\projects\arduino\figaro\OnlineGasDetector_FIGARO/SIM800L.ino:36
    Serial.println(ServerResponse);
    if (ServerResponse == "") {
      Serial.println(F("Failed to send http request"));
      RestartGsmModule();
    } else {
      String body = ExtractResponseBody(ServerResponse);
    27b6:	ce 01       	movw	r24, r28
    27b8:	49 96       	adiw	r24, 0x19	; 25
    27ba:	0e 94 60 06 	call	0xcc0	; 0xcc0 <String::~String()>
    27be:	9b c1       	rjmp	.+822    	; 0x2af6 <main+0xe8a>
loop():
D:\projects\arduino\figaro\OnlineGasDetector_FIGARO/OnlineGasDetector_FIGARO.ino:125
      digitalWrite(AliveLedPin, HIGH);
      delay(50);
      digitalWrite(AliveLedPin, LOW);
  }
  //Выключаем режим Mute, если Alert выключен
  if (!AlertIsActive) {
    27c0:	99 23       	and	r25, r25
    27c2:	09 f4       	brne	.+2      	; 0x27c6 <main+0xb5a>
    27c4:	42 cd       	rjmp	.-1404   	; 0x224a <main+0x5de>
D:\projects\arduino\figaro\OnlineGasDetector_FIGARO/OnlineGasDetector_FIGARO.ino:129
    Mute = false;
  }
  // Сброс сторожевого таймера
  if (tick(WatchDogResetLastTickTime, WatchDogResetWorkInterval)) {
    27c6:	40 ea       	ldi	r20, 0xA0	; 160
    27c8:	5f e0       	ldi	r21, 0x0F	; 15
    27ca:	60 e0       	ldi	r22, 0x00	; 0
    27cc:	70 e0       	ldi	r23, 0x00	; 0
    27ce:	8c eb       	ldi	r24, 0xBC	; 188
    27d0:	93 e0       	ldi	r25, 0x03	; 3
    27d2:	0e 94 9b 04 	call	0x936	; 0x936 <tick(unsigned long&, unsigned long)>
    27d6:	88 23       	and	r24, r24
    27d8:	09 f0       	breq	.+2      	; 0x27dc <main+0xb70>
D:\projects\arduino\figaro\OnlineGasDetector_FIGARO/OnlineGasDetector_FIGARO.ino:130
    wdt_reset();
    27da:	a8 95       	wdr
D:\projects\arduino\figaro\OnlineGasDetector_FIGARO/OnlineGasDetector_FIGARO.ino:133
  }
  // Перезагрузка каждый час
  if (millis() > ResetInterval && !AlertIsActive && !TestAlertIsActive) {
    27dc:	0e 94 42 02 	call	0x484	; 0x484 <millis>
    27e0:	61 38       	cpi	r22, 0x81	; 129
    27e2:	7e 4e       	sbci	r23, 0xEE	; 238
    27e4:	86 43       	sbci	r24, 0x36	; 54
    27e6:	91 05       	cpc	r25, r1
    27e8:	68 f0       	brcs	.+26     	; 0x2804 <main+0xb98>
    27ea:	80 91 c1 03 	lds	r24, 0x03C1	; 0x8003c1 <AlertIsActive>
    27ee:	81 11       	cpse	r24, r1
    27f0:	09 c0       	rjmp	.+18     	; 0x2804 <main+0xb98>
    27f2:	80 91 c6 03 	lds	r24, 0x03C6	; 0x8003c6 <TestAlertIsActive>
    27f6:	81 11       	cpse	r24, r1
    27f8:	05 c0       	rjmp	.+10     	; 0x2804 <main+0xb98>
D:\projects\arduino\figaro\OnlineGasDetector_FIGARO/OnlineGasDetector_FIGARO.ino:134
    RestartGsmModule();
    27fa:	0e 94 61 04 	call	0x8c2	; 0x8c2 <RestartGsmModule()>
D:\projects\arduino\figaro\OnlineGasDetector_FIGARO/OnlineGasDetector_FIGARO.ino:135
    Reboot();
    27fe:	f0 e0       	ldi	r31, 0x00	; 0
    2800:	e0 e0       	ldi	r30, 0x00	; 0
    2802:	09 95       	icall
serialEventRun():
C:\Users\luci\AppData\Local\Arduino15\packages\MiniCore\hardware\avr\3.1.1\cores\MCUdude_corefiles/HardwareSerial.cpp:67
    2804:	01 15       	cp	r16, r1
    2806:	11 05       	cpc	r17, r1
    2808:	09 f4       	brne	.+2      	; 0x280c <main+0xba0>
    280a:	cb cb       	rjmp	.-2154   	; 0x1fa2 <main+0x336>
    280c:	0e 94 c2 02 	call	0x584	; 0x584 <Serial0_available()>
    2810:	88 23       	and	r24, r24
    2812:	09 f4       	brne	.+2      	; 0x2816 <main+0xbaa>
    2814:	c2 cb       	rjmp	.-2172   	; 0x1f9a <main+0x32e>
    2816:	0e 94 00 00 	call	0	; 0x0 <__vectors>
    281a:	bf cb       	rjmp	.-2178   	; 0x1f9a <main+0x32e>
SendRequest():
D:\projects\arduino\figaro\OnlineGasDetector_FIGARO/SIM800L.ino:26
    if (!isHaveSignal) {
      return;
    }

    // 2.1: Отправляем SMS фиксированному номеру
    SendSMS(isTestMode, String(fixedAlertPhone));
    281c:	60 e1       	ldi	r22, 0x10	; 16
    281e:	71 e0       	ldi	r23, 0x01	; 1
    2820:	ce 01       	movw	r24, r28
    2822:	01 96       	adiw	r24, 0x01	; 1
    2824:	0e 94 65 07 	call	0xeca	; 0xeca <String::String(char const*)>
    2828:	be 01       	movw	r22, r28
    282a:	6f 5f       	subi	r22, 0xFF	; 255
    282c:	7f 4f       	sbci	r23, 0xFF	; 255
    282e:	8d 2d       	mov	r24, r13
    2830:	0e 94 f8 09 	call	0x13f0	; 0x13f0 <SendSMS(bool, String)>
    2834:	ce 01       	movw	r24, r28
    2836:	01 96       	adiw	r24, 0x01	; 1
    2838:	0e 94 60 06 	call	0xcc0	; 0xcc0 <String::~String()>
D:\projects\arduino\figaro\OnlineGasDetector_FIGARO/SIM800L.ino:27
    delay(2000);
    283c:	60 ed       	ldi	r22, 0xD0	; 208
    283e:	77 e0       	ldi	r23, 0x07	; 7
    2840:	80 e0       	ldi	r24, 0x00	; 0
    2842:	90 e0       	ldi	r25, 0x00	; 0
    2844:	0e 94 0f 02 	call	0x41e	; 0x41e <delay>
prepareSIM800LForSendRequest():
D:\projects\arduino\figaro\OnlineGasDetector_FIGARO/SIM800L.ino:198
  }
  return "";
}

bool prepareSIM800LForSendRequest(bool isTestMode) {
  String response = "";
    2848:	64 e4       	ldi	r22, 0x44	; 68
    284a:	71 e0       	ldi	r23, 0x01	; 1
    284c:	ce 01       	movw	r24, r28
    284e:	4f 96       	adiw	r24, 0x1f	; 31
    2850:	0e 94 65 07 	call	0xeca	; 0xeca <String::String(char const*)>
D:\projects\arduino\figaro\OnlineGasDetector_FIGARO/SIM800L.ino:199
  response += sendAtCommand(F("AT+SAPBR=3,1,\"CONTYPE\",\"GPRS\" "), true);
    2854:	67 e8       	ldi	r22, 0x87	; 135
    2856:	71 e0       	ldi	r23, 0x01	; 1
    2858:	ce 01       	movw	r24, r28
    285a:	07 96       	adiw	r24, 0x07	; 7
    285c:	0e 94 cb 07 	call	0xf96	; 0xf96 <String::String(__FlashStringHelper const*)>
    2860:	41 e0       	ldi	r20, 0x01	; 1
    2862:	be 01       	movw	r22, r28
    2864:	69 5f       	subi	r22, 0xF9	; 249
    2866:	7f 4f       	sbci	r23, 0xFF	; 255
    2868:	ce 01       	movw	r24, r28
    286a:	01 96       	adiw	r24, 0x01	; 1
    286c:	0e 94 c7 09 	call	0x138e	; 0x138e <sendAtCommand(String, bool)>
_ZN6StringpLERKS_():
C:\Users\luci\AppData\Local\Arduino15\packages\MiniCore\hardware\avr\3.1.1\cores\MCUdude_corefiles/WString.h:113
  unsigned char concat(double num);
  unsigned char concat(const __FlashStringHelper * str);

  // if there's not enough memory for the concatenated value, the string
  // will be left unchanged (but this isn't signalled in any way)
  String & operator += (const String &rhs)  {concat(rhs); return (*this);}
    2870:	be 01       	movw	r22, r28
    2872:	6f 5f       	subi	r22, 0xFF	; 255
    2874:	7f 4f       	sbci	r23, 0xFF	; 255
    2876:	ce 01       	movw	r24, r28
    2878:	4f 96       	adiw	r24, 0x1f	; 31
    287a:	0e 94 e5 06 	call	0xdca	; 0xdca <String::concat(String const&)>
prepareSIM800LForSendRequest():
D:\projects\arduino\figaro\OnlineGasDetector_FIGARO/SIM800L.ino:199
    287e:	ce 01       	movw	r24, r28
    2880:	01 96       	adiw	r24, 0x01	; 1
    2882:	0e 94 60 06 	call	0xcc0	; 0xcc0 <String::~String()>
    2886:	ce 01       	movw	r24, r28
    2888:	07 96       	adiw	r24, 0x07	; 7
    288a:	0e 94 60 06 	call	0xcc0	; 0xcc0 <String::~String()>
D:\projects\arduino\figaro\OnlineGasDetector_FIGARO/SIM800L.ino:200
  response += sendAtCommand(F("AT+SAPBR=1,1"), true);
    288e:	6a e7       	ldi	r22, 0x7A	; 122
    2890:	71 e0       	ldi	r23, 0x01	; 1
    2892:	ce 01       	movw	r24, r28
    2894:	07 96       	adiw	r24, 0x07	; 7
    2896:	0e 94 cb 07 	call	0xf96	; 0xf96 <String::String(__FlashStringHelper const*)>
    289a:	41 e0       	ldi	r20, 0x01	; 1
    289c:	be 01       	movw	r22, r28
    289e:	69 5f       	subi	r22, 0xF9	; 249
    28a0:	7f 4f       	sbci	r23, 0xFF	; 255
    28a2:	ce 01       	movw	r24, r28
    28a4:	01 96       	adiw	r24, 0x01	; 1
    28a6:	0e 94 c7 09 	call	0x138e	; 0x138e <sendAtCommand(String, bool)>
_ZN6StringpLERKS_():
C:\Users\luci\AppData\Local\Arduino15\packages\MiniCore\hardware\avr\3.1.1\cores\MCUdude_corefiles/WString.h:113
    28aa:	be 01       	movw	r22, r28
    28ac:	6f 5f       	subi	r22, 0xFF	; 255
    28ae:	7f 4f       	sbci	r23, 0xFF	; 255
    28b0:	ce 01       	movw	r24, r28
    28b2:	4f 96       	adiw	r24, 0x1f	; 31
    28b4:	0e 94 e5 06 	call	0xdca	; 0xdca <String::concat(String const&)>
prepareSIM800LForSendRequest():
D:\projects\arduino\figaro\OnlineGasDetector_FIGARO/SIM800L.ino:200
    28b8:	ce 01       	movw	r24, r28
    28ba:	01 96       	adiw	r24, 0x01	; 1
    28bc:	0e 94 60 06 	call	0xcc0	; 0xcc0 <String::~String()>
    28c0:	ce 01       	movw	r24, r28
    28c2:	07 96       	adiw	r24, 0x07	; 7
    28c4:	0e 94 60 06 	call	0xcc0	; 0xcc0 <String::~String()>
D:\projects\arduino\figaro\OnlineGasDetector_FIGARO/SIM800L.ino:201
  response += sendAtCommand(F("AT+HTTPINIT"), true);
    28c8:	6e e6       	ldi	r22, 0x6E	; 110
    28ca:	71 e0       	ldi	r23, 0x01	; 1
    28cc:	ce 01       	movw	r24, r28
    28ce:	07 96       	adiw	r24, 0x07	; 7
    28d0:	0e 94 cb 07 	call	0xf96	; 0xf96 <String::String(__FlashStringHelper const*)>
    28d4:	41 e0       	ldi	r20, 0x01	; 1
    28d6:	be 01       	movw	r22, r28
    28d8:	69 5f       	subi	r22, 0xF9	; 249
    28da:	7f 4f       	sbci	r23, 0xFF	; 255
    28dc:	ce 01       	movw	r24, r28
    28de:	01 96       	adiw	r24, 0x01	; 1
    28e0:	0e 94 c7 09 	call	0x138e	; 0x138e <sendAtCommand(String, bool)>
_ZN6StringpLERKS_():
C:\Users\luci\AppData\Local\Arduino15\packages\MiniCore\hardware\avr\3.1.1\cores\MCUdude_corefiles/WString.h:113
    28e4:	be 01       	movw	r22, r28
    28e6:	6f 5f       	subi	r22, 0xFF	; 255
    28e8:	7f 4f       	sbci	r23, 0xFF	; 255
    28ea:	ce 01       	movw	r24, r28
    28ec:	4f 96       	adiw	r24, 0x1f	; 31
    28ee:	0e 94 e5 06 	call	0xdca	; 0xdca <String::concat(String const&)>
prepareSIM800LForSendRequest():
D:\projects\arduino\figaro\OnlineGasDetector_FIGARO/SIM800L.ino:201
    28f2:	ce 01       	movw	r24, r28
    28f4:	01 96       	adiw	r24, 0x01	; 1
    28f6:	0e 94 60 06 	call	0xcc0	; 0xcc0 <String::~String()>
    28fa:	ce 01       	movw	r24, r28
    28fc:	07 96       	adiw	r24, 0x07	; 7
    28fe:	0e 94 60 06 	call	0xcc0	; 0xcc0 <String::~String()>
D:\projects\arduino\figaro\OnlineGasDetector_FIGARO/SIM800L.ino:202
  response += sendAtCommand(F("AT+HTTPPARA=\"CID\",1"), true);
    2902:	6a e5       	ldi	r22, 0x5A	; 90
    2904:	71 e0       	ldi	r23, 0x01	; 1
    2906:	ce 01       	movw	r24, r28
    2908:	07 96       	adiw	r24, 0x07	; 7
    290a:	0e 94 cb 07 	call	0xf96	; 0xf96 <String::String(__FlashStringHelper const*)>
    290e:	41 e0       	ldi	r20, 0x01	; 1
    2910:	be 01       	movw	r22, r28
    2912:	69 5f       	subi	r22, 0xF9	; 249
    2914:	7f 4f       	sbci	r23, 0xFF	; 255
    2916:	ce 01       	movw	r24, r28
    2918:	01 96       	adiw	r24, 0x01	; 1
    291a:	0e 94 c7 09 	call	0x138e	; 0x138e <sendAtCommand(String, bool)>
_ZN6StringpLERKS_():
C:\Users\luci\AppData\Local\Arduino15\packages\MiniCore\hardware\avr\3.1.1\cores\MCUdude_corefiles/WString.h:113
    291e:	be 01       	movw	r22, r28
    2920:	6f 5f       	subi	r22, 0xFF	; 255
    2922:	7f 4f       	sbci	r23, 0xFF	; 255
    2924:	ce 01       	movw	r24, r28
    2926:	4f 96       	adiw	r24, 0x1f	; 31
    2928:	0e 94 e5 06 	call	0xdca	; 0xdca <String::concat(String const&)>
prepareSIM800LForSendRequest():
D:\projects\arduino\figaro\OnlineGasDetector_FIGARO/SIM800L.ino:202
    292c:	ce 01       	movw	r24, r28
    292e:	01 96       	adiw	r24, 0x01	; 1
    2930:	0e 94 60 06 	call	0xcc0	; 0xcc0 <String::~String()>
    2934:	ce 01       	movw	r24, r28
    2936:	07 96       	adiw	r24, 0x07	; 7
    2938:	0e 94 60 06 	call	0xcc0	; 0xcc0 <String::~String()>
GetRequestParams():
D:\projects\arduino\figaro\OnlineGasDetector_FIGARO/SIM800L.ino:164
  body.trim();
  return body;
}

String GetRequestParams(bool isTestMode) {
  String result = "/msg/add?";
    293c:	63 e6       	ldi	r22, 0x63	; 99
    293e:	73 e0       	ldi	r23, 0x03	; 3
    2940:	ce 01       	movw	r24, r28
    2942:	0d 96       	adiw	r24, 0x0d	; 13
    2944:	0e 94 65 07 	call	0xeca	; 0xeca <String::String(char const*)>
main():
D:\projects\arduino\figaro\OnlineGasDetector_FIGARO/SIM800L.ino:167
  char messageType = '2';
  if (isTestMode)
    messageType = '3';
    2948:	83 e3       	ldi	r24, 0x33	; 51
    294a:	c8 2e       	mov	r12, r24
GetRequestParams():
D:\projects\arduino\figaro\OnlineGasDetector_FIGARO/SIM800L.ino:166
}

String GetRequestParams(bool isTestMode) {
  String result = "/msg/add?";
  char messageType = '2';
  if (isTestMode)
    294c:	d1 10       	cpse	r13, r1
    294e:	02 c0       	rjmp	.+4      	; 0x2954 <main+0xce8>
main():
D:\projects\arduino\figaro\OnlineGasDetector_FIGARO/SIM800L.ino:165
  return body;
}

String GetRequestParams(bool isTestMode) {
  String result = "/msg/add?";
  char messageType = '2';
    2950:	92 e3       	ldi	r25, 0x32	; 50
    2952:	c9 2e       	mov	r12, r25
GetRequestParams():
D:\projects\arduino\figaro\OnlineGasDetector_FIGARO/SIM800L.ino:168
  if (isTestMode)
    messageType = '3';
  return result + "device_id=" + deviceId + "&message_type=" + messageType + "&ppm=" + String((int)COConcentration);
    2954:	60 91 b7 03 	lds	r22, 0x03B7	; 0x8003b7 <COConcentration>
    2958:	70 91 b8 03 	lds	r23, 0x03B8	; 0x8003b8 <COConcentration+0x1>
    295c:	80 91 b9 03 	lds	r24, 0x03B9	; 0x8003b9 <COConcentration+0x2>
    2960:	90 91 ba 03 	lds	r25, 0x03BA	; 0x8003ba <COConcentration+0x3>
    2964:	0e 94 79 18 	call	0x30f2	; 0x30f2 <__fixsfsi>
    2968:	ce 01       	movw	r24, r28
    296a:	01 96       	adiw	r24, 0x01	; 1
    296c:	0e 94 0d 07 	call	0xe1a	; 0xe1a <String::String(int, unsigned char) [clone .constprop.12]>
_ZN15StringSumHelperC2ERK6String():
C:\Users\luci\AppData\Local\Arduino15\packages\MiniCore\hardware\avr\3.1.1\cores\MCUdude_corefiles/WString.h:216
};

class StringSumHelper : public String
{
public:
  StringSumHelper(const String &s) : String(s) {}
    2970:	be 01       	movw	r22, r28
    2972:	63 5f       	subi	r22, 0xF3	; 243
    2974:	7f 4f       	sbci	r23, 0xFF	; 255
    2976:	ce 01       	movw	r24, r28
    2978:	07 96       	adiw	r24, 0x07	; 7
    297a:	0e 94 5c 07 	call	0xeb8	; 0xeb8 <String::String(String const&)>
GetRequestParams():
D:\projects\arduino\figaro\OnlineGasDetector_FIGARO/SIM800L.ino:168
    297e:	6a e2       	ldi	r22, 0x2A	; 42
    2980:	73 e0       	ldi	r23, 0x03	; 3
    2982:	ce 01       	movw	r24, r28
    2984:	07 96       	adiw	r24, 0x07	; 7
    2986:	0e 94 bc 06 	call	0xd78	; 0xd78 <operator+(StringSumHelper const&, char const*)>
    298a:	6a e9       	ldi	r22, 0x9A	; 154
    298c:	74 e0       	ldi	r23, 0x04	; 4
    298e:	0e 94 d2 06 	call	0xda4	; 0xda4 <operator+(StringSumHelper const&, String const&)>
    2992:	65 e3       	ldi	r22, 0x35	; 53
    2994:	73 e0       	ldi	r23, 0x03	; 3
    2996:	0e 94 bc 06 	call	0xd78	; 0xd78 <operator+(StringSumHelper const&, char const*)>
    299a:	7c 01       	movw	r14, r24
concat():
C:\Users\luci\AppData\Local\Arduino15\packages\MiniCore\hardware\avr\3.1.1\cores\MCUdude_corefiles/WString.cpp:284
}

unsigned char String::concat(char c)
{
  char buf[2];
  buf[0] = c;
    299c:	cb 8a       	std	Y+19, r12	; 0x13
C:\Users\luci\AppData\Local\Arduino15\packages\MiniCore\hardware\avr\3.1.1\cores\MCUdude_corefiles/WString.cpp:285
  buf[1] = 0;
    299e:	1c 8a       	std	Y+20, r1	; 0x14
C:\Users\luci\AppData\Local\Arduino15\packages\MiniCore\hardware\avr\3.1.1\cores\MCUdude_corefiles/WString.cpp:286
  return concat(buf, 1);
    29a0:	41 e0       	ldi	r20, 0x01	; 1
    29a2:	50 e0       	ldi	r21, 0x00	; 0
    29a4:	be 01       	movw	r22, r28
    29a6:	6d 5e       	subi	r22, 0xED	; 237
    29a8:	7f 4f       	sbci	r23, 0xFF	; 255
    29aa:	0e 94 90 06 	call	0xd20	; 0xd20 <String::concat(char const*, unsigned int)>
operator+():
C:\Users\luci\AppData\Local\Arduino15\packages\MiniCore\hardware\avr\3.1.1\cores\MCUdude_corefiles/WString.cpp:371
}

StringSumHelper & operator + (const StringSumHelper &lhs, char c)
{
  StringSumHelper &a = const_cast<StringSumHelper&>(lhs);
  if (!a.concat(c)) a.invalidate();
    29ae:	81 11       	cpse	r24, r1
    29b0:	03 c0       	rjmp	.+6      	; 0x29b8 <main+0xd4c>
    29b2:	c7 01       	movw	r24, r14
    29b4:	0e 94 4e 06 	call	0xc9c	; 0xc9c <String::invalidate()>
GetRequestParams():
D:\projects\arduino\figaro\OnlineGasDetector_FIGARO/SIM800L.ino:168
    29b8:	64 e4       	ldi	r22, 0x44	; 68
    29ba:	73 e0       	ldi	r23, 0x03	; 3
    29bc:	c7 01       	movw	r24, r14
    29be:	0e 94 bc 06 	call	0xd78	; 0xd78 <operator+(StringSumHelper const&, char const*)>
    29c2:	be 01       	movw	r22, r28
    29c4:	6f 5f       	subi	r22, 0xFF	; 255
    29c6:	7f 4f       	sbci	r23, 0xFF	; 255
    29c8:	0e 94 d2 06 	call	0xda4	; 0xda4 <operator+(StringSumHelper const&, String const&)>
    29cc:	bc 01       	movw	r22, r24
    29ce:	ce 01       	movw	r24, r28
    29d0:	43 96       	adiw	r24, 0x13	; 19
    29d2:	0e 94 5c 07 	call	0xeb8	; 0xeb8 <String::String(String const&)>
_ZN15StringSumHelperD2Ev():
C:\Users\luci\AppData\Local\Arduino15\packages\MiniCore\hardware\avr\3.1.1\cores\MCUdude_corefiles/WString.h:213
       #if __cplusplus >= 201103L || defined(__GXX_EXPERIMENTAL_CXX0X__)
  void move(String &rhs);
  #endif
};

class StringSumHelper : public String
    29d6:	ce 01       	movw	r24, r28
    29d8:	07 96       	adiw	r24, 0x07	; 7
    29da:	0e 94 60 06 	call	0xcc0	; 0xcc0 <String::~String()>
GetRequestParams():
D:\projects\arduino\figaro\OnlineGasDetector_FIGARO/SIM800L.ino:168
    29de:	ce 01       	movw	r24, r28
    29e0:	01 96       	adiw	r24, 0x01	; 1
    29e2:	0e 94 60 06 	call	0xcc0	; 0xcc0 <String::~String()>
D:\projects\arduino\figaro\OnlineGasDetector_FIGARO/SIM800L.ino:164
  body.trim();
  return body;
}

String GetRequestParams(bool isTestMode) {
  String result = "/msg/add?";
    29e6:	ce 01       	movw	r24, r28
    29e8:	0d 96       	adiw	r24, 0x0d	; 13
    29ea:	0e 94 60 06 	call	0xcc0	; 0xcc0 <String::~String()>
prepareSIM800LForSendRequest():
D:\projects\arduino\figaro\OnlineGasDetector_FIGARO/SIM800L.ino:203
  String response = "";
  response += sendAtCommand(F("AT+SAPBR=3,1,\"CONTYPE\",\"GPRS\" "), true);
  response += sendAtCommand(F("AT+SAPBR=1,1"), true);
  response += sendAtCommand(F("AT+HTTPINIT"), true);
  response += sendAtCommand(F("AT+HTTPPARA=\"CID\",1"), true);
  response += sendAtCommand("AT+HTTPPARA=\"URL\",\"" + server + ":" + String(port) + GetRequestParams(isTestMode) + "\"", true);
    29ee:	60 e9       	ldi	r22, 0x90	; 144
    29f0:	7f e1       	ldi	r23, 0x1F	; 31
    29f2:	ce 01       	movw	r24, r28
    29f4:	0d 96       	adiw	r24, 0x0d	; 13
    29f6:	0e 94 0d 07 	call	0xe1a	; 0xe1a <String::String(int, unsigned char) [clone .constprop.12]>
_ZN15StringSumHelperC2EPKc():
C:\Users\luci\AppData\Local\Arduino15\packages\MiniCore\hardware\avr\3.1.1\cores\MCUdude_corefiles/WString.h:217
{
public:
  StringSumHelper(const String &s) : String(s) {}
  StringSumHelper(const char *p) : String(p) {}
    29fa:	6a e4       	ldi	r22, 0x4A	; 74
    29fc:	73 e0       	ldi	r23, 0x03	; 3
    29fe:	ce 01       	movw	r24, r28
    2a00:	49 96       	adiw	r24, 0x19	; 25
    2a02:	0e 94 65 07 	call	0xeca	; 0xeca <String::String(char const*)>
prepareSIM800LForSendRequest():
D:\projects\arduino\figaro\OnlineGasDetector_FIGARO/SIM800L.ino:203
    2a06:	65 e7       	ldi	r22, 0x75	; 117
    2a08:	74 e0       	ldi	r23, 0x04	; 4
    2a0a:	ce 01       	movw	r24, r28
    2a0c:	49 96       	adiw	r24, 0x19	; 25
    2a0e:	0e 94 d2 06 	call	0xda4	; 0xda4 <operator+(StringSumHelper const&, String const&)>
    2a12:	68 ec       	ldi	r22, 0xC8	; 200
    2a14:	71 e0       	ldi	r23, 0x01	; 1
    2a16:	0e 94 bc 06 	call	0xd78	; 0xd78 <operator+(StringSumHelper const&, char const*)>
    2a1a:	be 01       	movw	r22, r28
    2a1c:	63 5f       	subi	r22, 0xF3	; 243
    2a1e:	7f 4f       	sbci	r23, 0xFF	; 255
    2a20:	0e 94 d2 06 	call	0xda4	; 0xda4 <operator+(StringSumHelper const&, String const&)>
    2a24:	be 01       	movw	r22, r28
    2a26:	6d 5e       	subi	r22, 0xED	; 237
    2a28:	7f 4f       	sbci	r23, 0xFF	; 255
    2a2a:	0e 94 d2 06 	call	0xda4	; 0xda4 <operator+(StringSumHelper const&, String const&)>
    2a2e:	6c e5       	ldi	r22, 0x5C	; 92
    2a30:	73 e0       	ldi	r23, 0x03	; 3
    2a32:	0e 94 bc 06 	call	0xd78	; 0xd78 <operator+(StringSumHelper const&, char const*)>
    2a36:	bc 01       	movw	r22, r24
    2a38:	ce 01       	movw	r24, r28
    2a3a:	07 96       	adiw	r24, 0x07	; 7
    2a3c:	0e 94 5c 07 	call	0xeb8	; 0xeb8 <String::String(String const&)>
    2a40:	41 e0       	ldi	r20, 0x01	; 1
    2a42:	be 01       	movw	r22, r28
    2a44:	69 5f       	subi	r22, 0xF9	; 249
    2a46:	7f 4f       	sbci	r23, 0xFF	; 255
    2a48:	ce 01       	movw	r24, r28
    2a4a:	01 96       	adiw	r24, 0x01	; 1
    2a4c:	0e 94 c7 09 	call	0x138e	; 0x138e <sendAtCommand(String, bool)>
_ZN6StringpLERKS_():
C:\Users\luci\AppData\Local\Arduino15\packages\MiniCore\hardware\avr\3.1.1\cores\MCUdude_corefiles/WString.h:113
  unsigned char concat(double num);
  unsigned char concat(const __FlashStringHelper * str);

  // if there's not enough memory for the concatenated value, the string
  // will be left unchanged (but this isn't signalled in any way)
  String & operator += (const String &rhs)  {concat(rhs); return (*this);}
    2a50:	be 01       	movw	r22, r28
    2a52:	6f 5f       	subi	r22, 0xFF	; 255
    2a54:	7f 4f       	sbci	r23, 0xFF	; 255
    2a56:	ce 01       	movw	r24, r28
    2a58:	4f 96       	adiw	r24, 0x1f	; 31
    2a5a:	0e 94 e5 06 	call	0xdca	; 0xdca <String::concat(String const&)>
prepareSIM800LForSendRequest():
D:\projects\arduino\figaro\OnlineGasDetector_FIGARO/SIM800L.ino:203
    2a5e:	ce 01       	movw	r24, r28
    2a60:	01 96       	adiw	r24, 0x01	; 1
    2a62:	0e 94 60 06 	call	0xcc0	; 0xcc0 <String::~String()>
    2a66:	ce 01       	movw	r24, r28
    2a68:	07 96       	adiw	r24, 0x07	; 7
    2a6a:	0e 94 60 06 	call	0xcc0	; 0xcc0 <String::~String()>
_ZN15StringSumHelperD2Ev():
C:\Users\luci\AppData\Local\Arduino15\packages\MiniCore\hardware\avr\3.1.1\cores\MCUdude_corefiles/WString.h:213
       #if __cplusplus >= 201103L || defined(__GXX_EXPERIMENTAL_CXX0X__)
  void move(String &rhs);
  #endif
};

class StringSumHelper : public String
    2a6e:	ce 01       	movw	r24, r28
    2a70:	49 96       	adiw	r24, 0x19	; 25
    2a72:	0e 94 60 06 	call	0xcc0	; 0xcc0 <String::~String()>
prepareSIM800LForSendRequest():
D:\projects\arduino\figaro\OnlineGasDetector_FIGARO/SIM800L.ino:203
    2a76:	ce 01       	movw	r24, r28
    2a78:	0d 96       	adiw	r24, 0x0d	; 13
    2a7a:	0e 94 60 06 	call	0xcc0	; 0xcc0 <String::~String()>
    2a7e:	ce 01       	movw	r24, r28
    2a80:	43 96       	adiw	r24, 0x13	; 19
    2a82:	0e 94 60 06 	call	0xcc0	; 0xcc0 <String::~String()>
D:\projects\arduino\figaro\OnlineGasDetector_FIGARO/SIM800L.ino:204
  if (response.indexOf(F("ERROR")) == -1) {
    2a86:	64 e5       	ldi	r22, 0x54	; 84
    2a88:	71 e0       	ldi	r23, 0x01	; 1
    2a8a:	ce 01       	movw	r24, r28
    2a8c:	01 96       	adiw	r24, 0x01	; 1
    2a8e:	0e 94 cb 07 	call	0xf96	; 0xf96 <String::String(__FlashStringHelper const*)>
    2a92:	be 01       	movw	r22, r28
    2a94:	6f 5f       	subi	r22, 0xFF	; 255
    2a96:	7f 4f       	sbci	r23, 0xFF	; 255
    2a98:	ce 01       	movw	r24, r28
    2a9a:	4f 96       	adiw	r24, 0x1f	; 31
    2a9c:	0e 94 f5 05 	call	0xbea	; 0xbea <String::indexOf(String const&) const>
    2aa0:	7c 01       	movw	r14, r24
    2aa2:	ce 01       	movw	r24, r28
    2aa4:	01 96       	adiw	r24, 0x01	; 1
    2aa6:	0e 94 60 06 	call	0xcc0	; 0xcc0 <String::~String()>
D:\projects\arduino\figaro\OnlineGasDetector_FIGARO/SIM800L.ino:198
  }
  return "";
}

bool prepareSIM800LForSendRequest(bool isTestMode) {
  String response = "";
    2aaa:	ce 01       	movw	r24, r28
    2aac:	4f 96       	adiw	r24, 0x1f	; 31
    2aae:	0e 94 60 06 	call	0xcc0	; 0xcc0 <String::~String()>
SendRequestToServer():
D:\projects\arduino\figaro\OnlineGasDetector_FIGARO/SIM800L.ino:181
  if (signalLevel == 99) return 0;
  return signalLevel;
}

String SendRequestToServer(bool isTestMode) {
  if (!prepareSIM800LForSendRequest(isTestMode)) {
    2ab2:	ef 20       	and	r14, r15
    2ab4:	e0 94       	com	r14
    2ab6:	09 f4       	brne	.+2      	; 0x2aba <main+0xe4e>
    2ab8:	71 cc       	rjmp	.-1822   	; 0x239c <main+0x730>
D:\projects\arduino\figaro\OnlineGasDetector_FIGARO/SIM800L.ino:182
    RestartGsmModule();
    2aba:	0e 94 61 04 	call	0x8c2	; 0x8c2 <RestartGsmModule()>
D:\projects\arduino\figaro\OnlineGasDetector_FIGARO/SIM800L.ino:183
    return "";
    2abe:	64 e4       	ldi	r22, 0x44	; 68
    2ac0:	71 e0       	ldi	r23, 0x01	; 1
    2ac2:	ce 01       	movw	r24, r28
    2ac4:	4f 96       	adiw	r24, 0x1f	; 31
    2ac6:	0e 94 65 07 	call	0xeca	; 0xeca <String::String(char const*)>
SendRequest():
D:\projects\arduino\figaro\OnlineGasDetector_FIGARO/SIM800L.ino:31
    SendSMS(isTestMode, String(fixedAlertPhone));
    delay(2000);

    // 2.2: Отправляем HTTP запрос на сервер, получаем "1,тел1,тел2,..."
    String ServerResponse = SendRequestToServer(isTestMode);
    Serial.println(ServerResponse);
    2aca:	be 01       	movw	r22, r28
    2acc:	61 5e       	subi	r22, 0xE1	; 225
    2ace:	7f 4f       	sbci	r23, 0xFF	; 255
    2ad0:	88 ed       	ldi	r24, 0xD8	; 216
    2ad2:	93 e0       	ldi	r25, 0x03	; 3
    2ad4:	0e 94 5f 05 	call	0xabe	; 0xabe <Print::println(String const&)>
equals():
C:\Users\luci\AppData\Local\Arduino15\packages\MiniCore\hardware\avr\3.1.1\cores\MCUdude_corefiles/WString.cpp:452
  return (len == s2.len && compareTo(s2) == 0);
}

unsigned char String::equals(const char *cstr) const
{
  if (len == 0) return (cstr == NULL || *cstr == 0);
    2ad8:	8b a1       	ldd	r24, Y+35	; 0x23
    2ada:	9c a1       	ldd	r25, Y+36	; 0x24
    2adc:	89 2b       	or	r24, r25
    2ade:	29 f0       	breq	.+10     	; 0x2aea <main+0xe7e>
C:\Users\luci\AppData\Local\Arduino15\packages\MiniCore\hardware\avr\3.1.1\cores\MCUdude_corefiles/WString.cpp:454
  if (cstr == NULL) return buffer[0] == 0;
  return strcmp(buffer, cstr) == 0;
    2ae0:	ef 8d       	ldd	r30, Y+31	; 0x1f
    2ae2:	f8 a1       	ldd	r31, Y+32	; 0x20
SendRequest():
D:\projects\arduino\figaro\OnlineGasDetector_FIGARO/SIM800L.ino:32
    if (ServerResponse == "") {
    2ae4:	80 81       	ld	r24, Z
    2ae6:	81 11       	cpse	r24, r1
    2ae8:	0f cd       	rjmp	.-1506   	; 0x2508 <main+0x89c>
D:\projects\arduino\figaro\OnlineGasDetector_FIGARO/SIM800L.ino:33
      Serial.println(F("Failed to send http request"));
    2aea:	8c ee       	ldi	r24, 0xEC	; 236
    2aec:	91 e0       	ldi	r25, 0x01	; 1
    2aee:	0e 94 4f 05 	call	0xa9e	; 0xa9e <Print::println(__FlashStringHelper const*) [clone .constprop.8]>
D:\projects\arduino\figaro\OnlineGasDetector_FIGARO/SIM800L.ino:34
      RestartGsmModule();
    2af2:	0e 94 61 04 	call	0x8c2	; 0x8c2 <RestartGsmModule()>
D:\projects\arduino\figaro\OnlineGasDetector_FIGARO/SIM800L.ino:30
    // 2.1: Отправляем SMS фиксированному номеру
    SendSMS(isTestMode, String(fixedAlertPhone));
    delay(2000);

    // 2.2: Отправляем HTTP запрос на сервер, получаем "1,тел1,тел2,..."
    String ServerResponse = SendRequestToServer(isTestMode);
    2af6:	ce 01       	movw	r24, r28
    2af8:	4f 96       	adiw	r24, 0x1f	; 31
    2afa:	0e 94 60 06 	call	0xcc0	; 0xcc0 <String::~String()>
    2afe:	88 cb       	rjmp	.-2288   	; 0x2210 <main+0x5a4>

00002b00 <_GLOBAL__sub_D_SendRequestLastTickTime>:
__static_initialization_and_destruction_0():
D:\projects\arduino\figaro\OnlineGasDetector_FIGARO/SIM800L.ino:6
// Network settings
const char apn[] = "internet";
const char user[] = "";
const char pass[] = "";
const char fixedAlertPhone[] = "+998990074787";
const String server = "45.138.159.216";
    2b00:	85 e7       	ldi	r24, 0x75	; 117
    2b02:	94 e0       	ldi	r25, 0x04	; 4
    2b04:	0e 94 60 06 	call	0xcc0	; 0xcc0 <String::~String()>
__base_dtor ():
C:\Users\luci\AppData\Local\Arduino15\packages\MiniCore\hardware\avr\3.1.1\libraries\SoftwareSerial\src/SoftwareSerial.cpp:274
}

//
// Destructor
//
SoftwareSerial::~SoftwareSerial()
    2b08:	84 e3       	ldi	r24, 0x34	; 52
    2b0a:	91 e0       	ldi	r25, 0x01	; 1
    2b0c:	90 93 7c 04 	sts	0x047C, r25	; 0x80047c <SIM800L+0x1>
    2b10:	80 93 7b 04 	sts	0x047B, r24	; 0x80047b <SIM800L>
stopListening():
C:\Users\luci\AppData\Local\Arduino15\packages\MiniCore\hardware\avr\3.1.1\libraries\SoftwareSerial\src/SoftwareSerial.cpp:113
}

// Stop listening. Returns true if we were actually listening.
bool SoftwareSerial::stopListening()
{
  if (active_object == this)
    2b14:	80 91 b4 03 	lds	r24, 0x03B4	; 0x8003b4 <SoftwareSerial::active_object>
    2b18:	90 91 b5 03 	lds	r25, 0x03B5	; 0x8003b5 <SoftwareSerial::active_object+0x1>
    2b1c:	8b 57       	subi	r24, 0x7B	; 123
    2b1e:	94 40       	sbci	r25, 0x04	; 4
    2b20:	71 f4       	brne	.+28     	; 0x2b3e <_GLOBAL__sub_D_SendRequestLastTickTime+0x3e>
_ZN14SoftwareSerial11setRxIntMskEb():
C:\Users\luci\AppData\Local\Arduino15\packages\MiniCore\hardware\avr\3.1.1\libraries\SoftwareSerial\src/SoftwareSerial.cpp:442
void SoftwareSerial::setRxIntMsk(bool enable)
{
    if (enable)
      *_pcint_maskreg |= _pcint_maskvalue;
    else
      *_pcint_maskreg &= ~_pcint_maskvalue;
    2b22:	e0 91 8e 04 	lds	r30, 0x048E	; 0x80048e <SIM800L+0x13>
    2b26:	f0 91 8f 04 	lds	r31, 0x048F	; 0x80048f <SIM800L+0x14>
    2b2a:	90 81       	ld	r25, Z
    2b2c:	80 91 90 04 	lds	r24, 0x0490	; 0x800490 <SIM800L+0x15>
    2b30:	80 95       	com	r24
    2b32:	89 23       	and	r24, r25
    2b34:	80 83       	st	Z, r24
stopListening():
C:\Users\luci\AppData\Local\Arduino15\packages\MiniCore\hardware\avr\3.1.1\libraries\SoftwareSerial\src/SoftwareSerial.cpp:116
bool SoftwareSerial::stopListening()
{
  if (active_object == this)
  {
    setRxIntMsk(false);
    active_object = NULL;
    2b36:	10 92 b5 03 	sts	0x03B5, r1	; 0x8003b5 <SoftwareSerial::active_object+0x1>
    2b3a:	10 92 b4 03 	sts	0x03B4, r1	; 0x8003b4 <SoftwareSerial::active_object>
__static_initialization_and_destruction_0():
D:\projects\arduino\figaro\OnlineGasDetector_FIGARO/OnlineGasDetector_FIGARO.ino:64
bool Preparing = true;                // Выводим значения в гравик //FORTEST

float COConcentration = 0;  // Концентрация Угарного газа
#pragma endregion

String deviceId = "123";
    2b3e:	8a e9       	ldi	r24, 0x9A	; 154
    2b40:	94 e0       	ldi	r25, 0x04	; 4
    2b42:	0c 94 60 06 	jmp	0xcc0	; 0xcc0 <String::~String()>

00002b46 <atol>:
atol():
    2b46:	1f 93       	push	r17
    2b48:	fc 01       	movw	r30, r24
    2b4a:	99 27       	eor	r25, r25
    2b4c:	88 27       	eor	r24, r24
    2b4e:	bc 01       	movw	r22, r24
    2b50:	e8 94       	clt
    2b52:	11 91       	ld	r17, Z+
    2b54:	10 32       	cpi	r17, 0x20	; 32
    2b56:	e9 f3       	breq	.-6      	; 0x2b52 <atol+0xc>
    2b58:	19 30       	cpi	r17, 0x09	; 9
    2b5a:	10 f0       	brcs	.+4      	; 0x2b60 <atol+0x1a>
    2b5c:	1e 30       	cpi	r17, 0x0E	; 14
    2b5e:	c8 f3       	brcs	.-14     	; 0x2b52 <atol+0xc>
    2b60:	1b 32       	cpi	r17, 0x2B	; 43
    2b62:	51 f0       	breq	.+20     	; 0x2b78 <atol+0x32>
    2b64:	1d 32       	cpi	r17, 0x2D	; 45
    2b66:	49 f4       	brne	.+18     	; 0x2b7a <atol+0x34>
    2b68:	68 94       	set
    2b6a:	06 c0       	rjmp	.+12     	; 0x2b78 <atol+0x32>
    2b6c:	0e 94 e5 15 	call	0x2bca	; 0x2bca <__mulsi_const_10>
    2b70:	61 0f       	add	r22, r17
    2b72:	71 1d       	adc	r23, r1
    2b74:	81 1d       	adc	r24, r1
    2b76:	91 1d       	adc	r25, r1
    2b78:	11 91       	ld	r17, Z+
    2b7a:	10 53       	subi	r17, 0x30	; 48
    2b7c:	1a 30       	cpi	r17, 0x0A	; 10
    2b7e:	b0 f3       	brcs	.-20     	; 0x2b6c <atol+0x26>
    2b80:	3e f4       	brtc	.+14     	; 0x2b90 <atol+0x4a>
    2b82:	90 95       	com	r25
    2b84:	80 95       	com	r24
    2b86:	70 95       	com	r23
    2b88:	61 95       	neg	r22
    2b8a:	7f 4f       	sbci	r23, 0xFF	; 255
    2b8c:	8f 4f       	sbci	r24, 0xFF	; 255
    2b8e:	9f 4f       	sbci	r25, 0xFF	; 255
    2b90:	1f 91       	pop	r17
    2b92:	08 95       	ret

00002b94 <strcpy_P>:
strcpy_P():
    2b94:	fb 01       	movw	r30, r22
    2b96:	dc 01       	movw	r26, r24
    2b98:	05 90       	lpm	r0, Z+
    2b9a:	0d 92       	st	X+, r0
    2b9c:	00 20       	and	r0, r0
    2b9e:	e1 f7       	brne	.-8      	; 0x2b98 <strcpy_P+0x4>
    2ba0:	08 95       	ret

00002ba2 <__strlen_P>:
__strlen_P():
    2ba2:	fc 01       	movw	r30, r24
    2ba4:	05 90       	lpm	r0, Z+
    2ba6:	00 20       	and	r0, r0
    2ba8:	e9 f7       	brne	.-6      	; 0x2ba4 <__strlen_P+0x2>
    2baa:	80 95       	com	r24
    2bac:	90 95       	com	r25
    2bae:	8e 0f       	add	r24, r30
    2bb0:	9f 1f       	adc	r25, r31
    2bb2:	08 95       	ret

00002bb4 <__itoa_ncheck>:
__itoa_ncheck():
    2bb4:	bb 27       	eor	r27, r27
    2bb6:	4a 30       	cpi	r20, 0x0A	; 10
    2bb8:	31 f4       	brne	.+12     	; 0x2bc6 <__itoa_ncheck+0x12>
    2bba:	99 23       	and	r25, r25
    2bbc:	22 f4       	brpl	.+8      	; 0x2bc6 <__itoa_ncheck+0x12>
    2bbe:	bd e2       	ldi	r27, 0x2D	; 45
    2bc0:	90 95       	com	r25
    2bc2:	81 95       	neg	r24
    2bc4:	9f 4f       	sbci	r25, 0xFF	; 255
    2bc6:	0c 94 fb 15 	jmp	0x2bf6	; 0x2bf6 <__utoa_common>

00002bca <__mulsi_const_10>:
__mulsi_const_10():
    2bca:	59 2f       	mov	r21, r25
    2bcc:	48 2f       	mov	r20, r24
    2bce:	37 2f       	mov	r19, r23
    2bd0:	26 2f       	mov	r18, r22
    2bd2:	66 0f       	add	r22, r22
    2bd4:	77 1f       	adc	r23, r23
    2bd6:	88 1f       	adc	r24, r24
    2bd8:	99 1f       	adc	r25, r25
    2bda:	66 0f       	add	r22, r22
    2bdc:	77 1f       	adc	r23, r23
    2bde:	88 1f       	adc	r24, r24
    2be0:	99 1f       	adc	r25, r25
    2be2:	62 0f       	add	r22, r18
    2be4:	73 1f       	adc	r23, r19
    2be6:	84 1f       	adc	r24, r20
    2be8:	95 1f       	adc	r25, r21
    2bea:	66 0f       	add	r22, r22
    2bec:	77 1f       	adc	r23, r23
    2bee:	88 1f       	adc	r24, r24
    2bf0:	99 1f       	adc	r25, r25
    2bf2:	08 95       	ret

00002bf4 <__utoa_ncheck>:
__utoa_ncheck():
    2bf4:	bb 27       	eor	r27, r27

00002bf6 <__utoa_common>:
    2bf6:	fb 01       	movw	r30, r22
    2bf8:	55 27       	eor	r21, r21
    2bfa:	aa 27       	eor	r26, r26
    2bfc:	88 0f       	add	r24, r24
    2bfe:	99 1f       	adc	r25, r25
    2c00:	aa 1f       	adc	r26, r26
    2c02:	a4 17       	cp	r26, r20
    2c04:	10 f0       	brcs	.+4      	; 0x2c0a <__utoa_common+0x14>
    2c06:	a4 1b       	sub	r26, r20
    2c08:	83 95       	inc	r24
    2c0a:	50 51       	subi	r21, 0x10	; 16
    2c0c:	b9 f7       	brne	.-18     	; 0x2bfc <__utoa_common+0x6>
    2c0e:	a0 5d       	subi	r26, 0xD0	; 208
    2c10:	aa 33       	cpi	r26, 0x3A	; 58
    2c12:	08 f0       	brcs	.+2      	; 0x2c16 <__utoa_common+0x20>
    2c14:	a9 5d       	subi	r26, 0xD9	; 217
    2c16:	a1 93       	st	Z+, r26
    2c18:	00 97       	sbiw	r24, 0x00	; 0
    2c1a:	79 f7       	brne	.-34     	; 0x2bfa <__utoa_common+0x4>
    2c1c:	b1 11       	cpse	r27, r1
    2c1e:	b1 93       	st	Z+, r27
    2c20:	11 92       	st	Z+, r1
    2c22:	cb 01       	movw	r24, r22
    2c24:	0c 94 1d 16 	jmp	0x2c3a	; 0x2c3a <strrev>

00002c28 <isspace>:
isspace():
    2c28:	91 11       	cpse	r25, r1
    2c2a:	0c 94 00 17 	jmp	0x2e00	; 0x2e00 <__ctype_isfalse>
    2c2e:	80 32       	cpi	r24, 0x20	; 32
    2c30:	19 f0       	breq	.+6      	; 0x2c38 <isspace+0x10>
    2c32:	89 50       	subi	r24, 0x09	; 9
    2c34:	85 50       	subi	r24, 0x05	; 5
    2c36:	c8 f7       	brcc	.-14     	; 0x2c2a <isspace+0x2>
    2c38:	08 95       	ret

00002c3a <strrev>:
strrev():
    2c3a:	dc 01       	movw	r26, r24
    2c3c:	fc 01       	movw	r30, r24
    2c3e:	67 2f       	mov	r22, r23
    2c40:	71 91       	ld	r23, Z+
    2c42:	77 23       	and	r23, r23
    2c44:	e1 f7       	brne	.-8      	; 0x2c3e <strrev+0x4>
    2c46:	32 97       	sbiw	r30, 0x02	; 2
    2c48:	04 c0       	rjmp	.+8      	; 0x2c52 <strrev+0x18>
    2c4a:	7c 91       	ld	r23, X
    2c4c:	6d 93       	st	X+, r22
    2c4e:	70 83       	st	Z, r23
    2c50:	62 91       	ld	r22, -Z
    2c52:	ae 17       	cp	r26, r30
    2c54:	bf 07       	cpc	r27, r31
    2c56:	c8 f3       	brcs	.-14     	; 0x2c4a <strrev+0x10>
    2c58:	08 95       	ret

00002c5a <__cmpsf2>:
__cmpsf2():
    2c5a:	0e 94 6f 16 	call	0x2cde	; 0x2cde <__fp_cmp>
    2c5e:	08 f4       	brcc	.+2      	; 0x2c62 <__cmpsf2+0x8>
    2c60:	81 e0       	ldi	r24, 0x01	; 1
    2c62:	08 95       	ret

00002c64 <__floatunsisf>:
__floatunsisf():
    2c64:	e8 94       	clt
    2c66:	09 c0       	rjmp	.+18     	; 0x2c7a <__floatsisf+0x12>

00002c68 <__floatsisf>:
    2c68:	97 fb       	bst	r25, 7
    2c6a:	3e f4       	brtc	.+14     	; 0x2c7a <__floatsisf+0x12>
    2c6c:	90 95       	com	r25
    2c6e:	80 95       	com	r24
    2c70:	70 95       	com	r23
    2c72:	61 95       	neg	r22
    2c74:	7f 4f       	sbci	r23, 0xFF	; 255
    2c76:	8f 4f       	sbci	r24, 0xFF	; 255
    2c78:	9f 4f       	sbci	r25, 0xFF	; 255
    2c7a:	99 23       	and	r25, r25
    2c7c:	a9 f0       	breq	.+42     	; 0x2ca8 <__floatsisf+0x40>
    2c7e:	f9 2f       	mov	r31, r25
    2c80:	96 e9       	ldi	r25, 0x96	; 150
    2c82:	bb 27       	eor	r27, r27
    2c84:	93 95       	inc	r25
    2c86:	f6 95       	lsr	r31
    2c88:	87 95       	ror	r24
    2c8a:	77 95       	ror	r23
    2c8c:	67 95       	ror	r22
    2c8e:	b7 95       	ror	r27
    2c90:	f1 11       	cpse	r31, r1
    2c92:	f8 cf       	rjmp	.-16     	; 0x2c84 <__floatsisf+0x1c>
    2c94:	fa f4       	brpl	.+62     	; 0x2cd4 <__floatsisf+0x6c>
    2c96:	bb 0f       	add	r27, r27
    2c98:	11 f4       	brne	.+4      	; 0x2c9e <__floatsisf+0x36>
    2c9a:	60 ff       	sbrs	r22, 0
    2c9c:	1b c0       	rjmp	.+54     	; 0x2cd4 <__floatsisf+0x6c>
    2c9e:	6f 5f       	subi	r22, 0xFF	; 255
    2ca0:	7f 4f       	sbci	r23, 0xFF	; 255
    2ca2:	8f 4f       	sbci	r24, 0xFF	; 255
    2ca4:	9f 4f       	sbci	r25, 0xFF	; 255
    2ca6:	16 c0       	rjmp	.+44     	; 0x2cd4 <__floatsisf+0x6c>
    2ca8:	88 23       	and	r24, r24
    2caa:	11 f0       	breq	.+4      	; 0x2cb0 <__floatsisf+0x48>
    2cac:	96 e9       	ldi	r25, 0x96	; 150
    2cae:	11 c0       	rjmp	.+34     	; 0x2cd2 <__floatsisf+0x6a>
    2cb0:	77 23       	and	r23, r23
    2cb2:	21 f0       	breq	.+8      	; 0x2cbc <__floatsisf+0x54>
    2cb4:	9e e8       	ldi	r25, 0x8E	; 142
    2cb6:	87 2f       	mov	r24, r23
    2cb8:	76 2f       	mov	r23, r22
    2cba:	05 c0       	rjmp	.+10     	; 0x2cc6 <__floatsisf+0x5e>
    2cbc:	66 23       	and	r22, r22
    2cbe:	71 f0       	breq	.+28     	; 0x2cdc <__floatsisf+0x74>
    2cc0:	96 e8       	ldi	r25, 0x86	; 134
    2cc2:	86 2f       	mov	r24, r22
    2cc4:	70 e0       	ldi	r23, 0x00	; 0
    2cc6:	60 e0       	ldi	r22, 0x00	; 0
    2cc8:	2a f0       	brmi	.+10     	; 0x2cd4 <__floatsisf+0x6c>
    2cca:	9a 95       	dec	r25
    2ccc:	66 0f       	add	r22, r22
    2cce:	77 1f       	adc	r23, r23
    2cd0:	88 1f       	adc	r24, r24
    2cd2:	da f7       	brpl	.-10     	; 0x2cca <__floatsisf+0x62>
    2cd4:	88 0f       	add	r24, r24
    2cd6:	96 95       	lsr	r25
    2cd8:	87 95       	ror	r24
    2cda:	97 f9       	bld	r25, 7
    2cdc:	08 95       	ret

00002cde <__fp_cmp>:
__fp_cmp():
    2cde:	99 0f       	add	r25, r25
    2ce0:	00 08       	sbc	r0, r0
    2ce2:	55 0f       	add	r21, r21
    2ce4:	aa 0b       	sbc	r26, r26
    2ce6:	e0 e8       	ldi	r30, 0x80	; 128
    2ce8:	fe ef       	ldi	r31, 0xFE	; 254
    2cea:	16 16       	cp	r1, r22
    2cec:	17 06       	cpc	r1, r23
    2cee:	e8 07       	cpc	r30, r24
    2cf0:	f9 07       	cpc	r31, r25
    2cf2:	c0 f0       	brcs	.+48     	; 0x2d24 <__fp_cmp+0x46>
    2cf4:	12 16       	cp	r1, r18
    2cf6:	13 06       	cpc	r1, r19
    2cf8:	e4 07       	cpc	r30, r20
    2cfa:	f5 07       	cpc	r31, r21
    2cfc:	98 f0       	brcs	.+38     	; 0x2d24 <__fp_cmp+0x46>
    2cfe:	62 1b       	sub	r22, r18
    2d00:	73 0b       	sbc	r23, r19
    2d02:	84 0b       	sbc	r24, r20
    2d04:	95 0b       	sbc	r25, r21
    2d06:	39 f4       	brne	.+14     	; 0x2d16 <__fp_cmp+0x38>
    2d08:	0a 26       	eor	r0, r26
    2d0a:	61 f0       	breq	.+24     	; 0x2d24 <__fp_cmp+0x46>
    2d0c:	23 2b       	or	r18, r19
    2d0e:	24 2b       	or	r18, r20
    2d10:	25 2b       	or	r18, r21
    2d12:	21 f4       	brne	.+8      	; 0x2d1c <__fp_cmp+0x3e>
    2d14:	08 95       	ret
    2d16:	0a 26       	eor	r0, r26
    2d18:	09 f4       	brne	.+2      	; 0x2d1c <__fp_cmp+0x3e>
    2d1a:	a1 40       	sbci	r26, 0x01	; 1
    2d1c:	a6 95       	lsr	r26
    2d1e:	8f ef       	ldi	r24, 0xFF	; 255
    2d20:	81 1d       	adc	r24, r1
    2d22:	81 1d       	adc	r24, r1
    2d24:	08 95       	ret

00002d26 <__mulsf3>:
__mulsf3():
    2d26:	0e 94 a6 16 	call	0x2d4c	; 0x2d4c <__mulsf3x>
    2d2a:	0c 94 1a 17 	jmp	0x2e34	; 0x2e34 <__fp_round>
    2d2e:	0e 94 0c 17 	call	0x2e18	; 0x2e18 <__fp_pscA>
    2d32:	38 f0       	brcs	.+14     	; 0x2d42 <__mulsf3+0x1c>
    2d34:	0e 94 13 17 	call	0x2e26	; 0x2e26 <__fp_pscB>
    2d38:	20 f0       	brcs	.+8      	; 0x2d42 <__mulsf3+0x1c>
    2d3a:	95 23       	and	r25, r21
    2d3c:	11 f0       	breq	.+4      	; 0x2d42 <__mulsf3+0x1c>
    2d3e:	0c 94 03 17 	jmp	0x2e06	; 0x2e06 <__fp_inf>
    2d42:	0c 94 09 17 	jmp	0x2e12	; 0x2e12 <__fp_nan>
    2d46:	11 24       	eor	r1, r1
    2d48:	0c 94 4e 17 	jmp	0x2e9c	; 0x2e9c <__fp_szero>

00002d4c <__mulsf3x>:
__mulsf3x():
    2d4c:	0e 94 2b 17 	call	0x2e56	; 0x2e56 <__fp_split3>
    2d50:	70 f3       	brcs	.-36     	; 0x2d2e <__mulsf3+0x8>

00002d52 <__mulsf3_pse>:
    2d52:	95 9f       	mul	r25, r21
    2d54:	c1 f3       	breq	.-16     	; 0x2d46 <__mulsf3+0x20>
    2d56:	95 0f       	add	r25, r21
    2d58:	50 e0       	ldi	r21, 0x00	; 0
    2d5a:	55 1f       	adc	r21, r21
    2d5c:	62 9f       	mul	r22, r18
    2d5e:	f0 01       	movw	r30, r0
    2d60:	72 9f       	mul	r23, r18
    2d62:	bb 27       	eor	r27, r27
    2d64:	f0 0d       	add	r31, r0
    2d66:	b1 1d       	adc	r27, r1
    2d68:	63 9f       	mul	r22, r19
    2d6a:	aa 27       	eor	r26, r26
    2d6c:	f0 0d       	add	r31, r0
    2d6e:	b1 1d       	adc	r27, r1
    2d70:	aa 1f       	adc	r26, r26
    2d72:	64 9f       	mul	r22, r20
    2d74:	66 27       	eor	r22, r22
    2d76:	b0 0d       	add	r27, r0
    2d78:	a1 1d       	adc	r26, r1
    2d7a:	66 1f       	adc	r22, r22
    2d7c:	82 9f       	mul	r24, r18
    2d7e:	22 27       	eor	r18, r18
    2d80:	b0 0d       	add	r27, r0
    2d82:	a1 1d       	adc	r26, r1
    2d84:	62 1f       	adc	r22, r18
    2d86:	73 9f       	mul	r23, r19
    2d88:	b0 0d       	add	r27, r0
    2d8a:	a1 1d       	adc	r26, r1
    2d8c:	62 1f       	adc	r22, r18
    2d8e:	83 9f       	mul	r24, r19
    2d90:	a0 0d       	add	r26, r0
    2d92:	61 1d       	adc	r22, r1
    2d94:	22 1f       	adc	r18, r18
    2d96:	74 9f       	mul	r23, r20
    2d98:	33 27       	eor	r19, r19
    2d9a:	a0 0d       	add	r26, r0
    2d9c:	61 1d       	adc	r22, r1
    2d9e:	23 1f       	adc	r18, r19
    2da0:	84 9f       	mul	r24, r20
    2da2:	60 0d       	add	r22, r0
    2da4:	21 1d       	adc	r18, r1
    2da6:	82 2f       	mov	r24, r18
    2da8:	76 2f       	mov	r23, r22
    2daa:	6a 2f       	mov	r22, r26
    2dac:	11 24       	eor	r1, r1
    2dae:	9f 57       	subi	r25, 0x7F	; 127
    2db0:	50 40       	sbci	r21, 0x00	; 0
    2db2:	9a f0       	brmi	.+38     	; 0x2dda <__mulsf3_pse+0x88>
    2db4:	f1 f0       	breq	.+60     	; 0x2df2 <__mulsf3_pse+0xa0>
    2db6:	88 23       	and	r24, r24
    2db8:	4a f0       	brmi	.+18     	; 0x2dcc <__mulsf3_pse+0x7a>
    2dba:	ee 0f       	add	r30, r30
    2dbc:	ff 1f       	adc	r31, r31
    2dbe:	bb 1f       	adc	r27, r27
    2dc0:	66 1f       	adc	r22, r22
    2dc2:	77 1f       	adc	r23, r23
    2dc4:	88 1f       	adc	r24, r24
    2dc6:	91 50       	subi	r25, 0x01	; 1
    2dc8:	50 40       	sbci	r21, 0x00	; 0
    2dca:	a9 f7       	brne	.-22     	; 0x2db6 <__mulsf3_pse+0x64>
    2dcc:	9e 3f       	cpi	r25, 0xFE	; 254
    2dce:	51 05       	cpc	r21, r1
    2dd0:	80 f0       	brcs	.+32     	; 0x2df2 <__mulsf3_pse+0xa0>
    2dd2:	0c 94 03 17 	jmp	0x2e06	; 0x2e06 <__fp_inf>
    2dd6:	0c 94 4e 17 	jmp	0x2e9c	; 0x2e9c <__fp_szero>
    2dda:	5f 3f       	cpi	r21, 0xFF	; 255
    2ddc:	e4 f3       	brlt	.-8      	; 0x2dd6 <__mulsf3_pse+0x84>
    2dde:	98 3e       	cpi	r25, 0xE8	; 232
    2de0:	d4 f3       	brlt	.-12     	; 0x2dd6 <__mulsf3_pse+0x84>
    2de2:	86 95       	lsr	r24
    2de4:	77 95       	ror	r23
    2de6:	67 95       	ror	r22
    2de8:	b7 95       	ror	r27
    2dea:	f7 95       	ror	r31
    2dec:	e7 95       	ror	r30
    2dee:	9f 5f       	subi	r25, 0xFF	; 255
    2df0:	c1 f7       	brne	.-16     	; 0x2de2 <__mulsf3_pse+0x90>
    2df2:	fe 2b       	or	r31, r30
    2df4:	88 0f       	add	r24, r24
    2df6:	91 1d       	adc	r25, r1
    2df8:	96 95       	lsr	r25
    2dfa:	87 95       	ror	r24
    2dfc:	97 f9       	bld	r25, 7
    2dfe:	08 95       	ret

00002e00 <__ctype_isfalse>:
    2e00:	99 27       	eor	r25, r25
    2e02:	88 27       	eor	r24, r24

00002e04 <__ctype_istrue>:
    2e04:	08 95       	ret

00002e06 <__fp_inf>:
    2e06:	97 f9       	bld	r25, 7
    2e08:	9f 67       	ori	r25, 0x7F	; 127
    2e0a:	80 e8       	ldi	r24, 0x80	; 128
    2e0c:	70 e0       	ldi	r23, 0x00	; 0
    2e0e:	60 e0       	ldi	r22, 0x00	; 0
    2e10:	08 95       	ret

00002e12 <__fp_nan>:
    2e12:	9f ef       	ldi	r25, 0xFF	; 255
    2e14:	80 ec       	ldi	r24, 0xC0	; 192
    2e16:	08 95       	ret

00002e18 <__fp_pscA>:
    2e18:	00 24       	eor	r0, r0
    2e1a:	0a 94       	dec	r0
    2e1c:	16 16       	cp	r1, r22
__fp_pscA():
    2e1e:	17 06       	cpc	r1, r23
    2e20:	18 06       	cpc	r1, r24
    2e22:	09 06       	cpc	r0, r25
    2e24:	08 95       	ret

00002e26 <__fp_pscB>:
__fp_pscB():
    2e26:	00 24       	eor	r0, r0
    2e28:	0a 94       	dec	r0
    2e2a:	12 16       	cp	r1, r18
    2e2c:	13 06       	cpc	r1, r19
    2e2e:	14 06       	cpc	r1, r20
    2e30:	05 06       	cpc	r0, r21
    2e32:	08 95       	ret

00002e34 <__fp_round>:
__fp_round():
    2e34:	09 2e       	mov	r0, r25
    2e36:	03 94       	inc	r0
    2e38:	00 0c       	add	r0, r0
    2e3a:	11 f4       	brne	.+4      	; 0x2e40 <__fp_round+0xc>
    2e3c:	88 23       	and	r24, r24
    2e3e:	52 f0       	brmi	.+20     	; 0x2e54 <__fp_round+0x20>
    2e40:	bb 0f       	add	r27, r27
    2e42:	40 f4       	brcc	.+16     	; 0x2e54 <__fp_round+0x20>
    2e44:	bf 2b       	or	r27, r31
    2e46:	11 f4       	brne	.+4      	; 0x2e4c <__fp_round+0x18>
    2e48:	60 ff       	sbrs	r22, 0
    2e4a:	04 c0       	rjmp	.+8      	; 0x2e54 <__fp_round+0x20>
    2e4c:	6f 5f       	subi	r22, 0xFF	; 255
    2e4e:	7f 4f       	sbci	r23, 0xFF	; 255
    2e50:	8f 4f       	sbci	r24, 0xFF	; 255
    2e52:	9f 4f       	sbci	r25, 0xFF	; 255
    2e54:	08 95       	ret

00002e56 <__fp_split3>:
__fp_split3():
    2e56:	57 fd       	sbrc	r21, 7
    2e58:	90 58       	subi	r25, 0x80	; 128
    2e5a:	44 0f       	add	r20, r20
    2e5c:	55 1f       	adc	r21, r21
    2e5e:	59 f0       	breq	.+22     	; 0x2e76 <__fp_splitA+0x10>
    2e60:	5f 3f       	cpi	r21, 0xFF	; 255
    2e62:	71 f0       	breq	.+28     	; 0x2e80 <__fp_splitA+0x1a>
    2e64:	47 95       	ror	r20

00002e66 <__fp_splitA>:
    2e66:	88 0f       	add	r24, r24
    2e68:	97 fb       	bst	r25, 7
    2e6a:	99 1f       	adc	r25, r25
    2e6c:	61 f0       	breq	.+24     	; 0x2e86 <__fp_splitA+0x20>
    2e6e:	9f 3f       	cpi	r25, 0xFF	; 255
    2e70:	79 f0       	breq	.+30     	; 0x2e90 <__fp_splitA+0x2a>
    2e72:	87 95       	ror	r24
    2e74:	08 95       	ret
    2e76:	12 16       	cp	r1, r18
    2e78:	13 06       	cpc	r1, r19
    2e7a:	14 06       	cpc	r1, r20
    2e7c:	55 1f       	adc	r21, r21
    2e7e:	f2 cf       	rjmp	.-28     	; 0x2e64 <__fp_split3+0xe>
    2e80:	46 95       	lsr	r20
    2e82:	f1 df       	rcall	.-30     	; 0x2e66 <__fp_splitA>
    2e84:	08 c0       	rjmp	.+16     	; 0x2e96 <__fp_splitA+0x30>
    2e86:	16 16       	cp	r1, r22
    2e88:	17 06       	cpc	r1, r23
    2e8a:	18 06       	cpc	r1, r24
    2e8c:	99 1f       	adc	r25, r25
    2e8e:	f1 cf       	rjmp	.-30     	; 0x2e72 <__fp_splitA+0xc>
    2e90:	86 95       	lsr	r24
    2e92:	71 05       	cpc	r23, r1
    2e94:	61 05       	cpc	r22, r1
    2e96:	08 94       	sec
    2e98:	08 95       	ret

00002e9a <__fp_zero>:
__fp_zero():
    2e9a:	e8 94       	clt

00002e9c <__fp_szero>:
    2e9c:	bb 27       	eor	r27, r27
    2e9e:	66 27       	eor	r22, r22
    2ea0:	77 27       	eor	r23, r23
    2ea2:	cb 01       	movw	r24, r22
    2ea4:	97 f9       	bld	r25, 7
    2ea6:	08 95       	ret

00002ea8 <__prologue_saves__>:
__prologue_saves__():
/home/jenkins-mingw32/workspace/avr-gcc-staging/label/Ubuntu14.04x64-mingw32/gcc-build/avr/avr5/libgcc/../../../../gcc/libgcc/config/avr/lib1funcs.S:2169
    2ea8:	2f 92       	push	r2
/home/jenkins-mingw32/workspace/avr-gcc-staging/label/Ubuntu14.04x64-mingw32/gcc-build/avr/avr5/libgcc/../../../../gcc/libgcc/config/avr/lib1funcs.S:2170
    2eaa:	3f 92       	push	r3
/home/jenkins-mingw32/workspace/avr-gcc-staging/label/Ubuntu14.04x64-mingw32/gcc-build/avr/avr5/libgcc/../../../../gcc/libgcc/config/avr/lib1funcs.S:2171
    2eac:	4f 92       	push	r4
/home/jenkins-mingw32/workspace/avr-gcc-staging/label/Ubuntu14.04x64-mingw32/gcc-build/avr/avr5/libgcc/../../../../gcc/libgcc/config/avr/lib1funcs.S:2172
    2eae:	5f 92       	push	r5
/home/jenkins-mingw32/workspace/avr-gcc-staging/label/Ubuntu14.04x64-mingw32/gcc-build/avr/avr5/libgcc/../../../../gcc/libgcc/config/avr/lib1funcs.S:2173
    2eb0:	6f 92       	push	r6
/home/jenkins-mingw32/workspace/avr-gcc-staging/label/Ubuntu14.04x64-mingw32/gcc-build/avr/avr5/libgcc/../../../../gcc/libgcc/config/avr/lib1funcs.S:2174
    2eb2:	7f 92       	push	r7
/home/jenkins-mingw32/workspace/avr-gcc-staging/label/Ubuntu14.04x64-mingw32/gcc-build/avr/avr5/libgcc/../../../../gcc/libgcc/config/avr/lib1funcs.S:2175
    2eb4:	8f 92       	push	r8
/home/jenkins-mingw32/workspace/avr-gcc-staging/label/Ubuntu14.04x64-mingw32/gcc-build/avr/avr5/libgcc/../../../../gcc/libgcc/config/avr/lib1funcs.S:2176
    2eb6:	9f 92       	push	r9
/home/jenkins-mingw32/workspace/avr-gcc-staging/label/Ubuntu14.04x64-mingw32/gcc-build/avr/avr5/libgcc/../../../../gcc/libgcc/config/avr/lib1funcs.S:2177
    2eb8:	af 92       	push	r10
/home/jenkins-mingw32/workspace/avr-gcc-staging/label/Ubuntu14.04x64-mingw32/gcc-build/avr/avr5/libgcc/../../../../gcc/libgcc/config/avr/lib1funcs.S:2178
    2eba:	bf 92       	push	r11
/home/jenkins-mingw32/workspace/avr-gcc-staging/label/Ubuntu14.04x64-mingw32/gcc-build/avr/avr5/libgcc/../../../../gcc/libgcc/config/avr/lib1funcs.S:2179
    2ebc:	cf 92       	push	r12
/home/jenkins-mingw32/workspace/avr-gcc-staging/label/Ubuntu14.04x64-mingw32/gcc-build/avr/avr5/libgcc/../../../../gcc/libgcc/config/avr/lib1funcs.S:2180
    2ebe:	df 92       	push	r13
/home/jenkins-mingw32/workspace/avr-gcc-staging/label/Ubuntu14.04x64-mingw32/gcc-build/avr/avr5/libgcc/../../../../gcc/libgcc/config/avr/lib1funcs.S:2181
    2ec0:	ef 92       	push	r14
/home/jenkins-mingw32/workspace/avr-gcc-staging/label/Ubuntu14.04x64-mingw32/gcc-build/avr/avr5/libgcc/../../../../gcc/libgcc/config/avr/lib1funcs.S:2182
    2ec2:	ff 92       	push	r15
/home/jenkins-mingw32/workspace/avr-gcc-staging/label/Ubuntu14.04x64-mingw32/gcc-build/avr/avr5/libgcc/../../../../gcc/libgcc/config/avr/lib1funcs.S:2183
    2ec4:	0f 93       	push	r16
/home/jenkins-mingw32/workspace/avr-gcc-staging/label/Ubuntu14.04x64-mingw32/gcc-build/avr/avr5/libgcc/../../../../gcc/libgcc/config/avr/lib1funcs.S:2184
    2ec6:	1f 93       	push	r17
/home/jenkins-mingw32/workspace/avr-gcc-staging/label/Ubuntu14.04x64-mingw32/gcc-build/avr/avr5/libgcc/../../../../gcc/libgcc/config/avr/lib1funcs.S:2185
    2ec8:	cf 93       	push	r28
/home/jenkins-mingw32/workspace/avr-gcc-staging/label/Ubuntu14.04x64-mingw32/gcc-build/avr/avr5/libgcc/../../../../gcc/libgcc/config/avr/lib1funcs.S:2186
    2eca:	df 93       	push	r29
/home/jenkins-mingw32/workspace/avr-gcc-staging/label/Ubuntu14.04x64-mingw32/gcc-build/avr/avr5/libgcc/../../../../gcc/libgcc/config/avr/lib1funcs.S:2200
    2ecc:	cd b7       	in	r28, 0x3d	; 61
/home/jenkins-mingw32/workspace/avr-gcc-staging/label/Ubuntu14.04x64-mingw32/gcc-build/avr/avr5/libgcc/../../../../gcc/libgcc/config/avr/lib1funcs.S:2201
    2ece:	de b7       	in	r29, 0x3e	; 62
/home/jenkins-mingw32/workspace/avr-gcc-staging/label/Ubuntu14.04x64-mingw32/gcc-build/avr/avr5/libgcc/../../../../gcc/libgcc/config/avr/lib1funcs.S:2202
    2ed0:	ca 1b       	sub	r28, r26
/home/jenkins-mingw32/workspace/avr-gcc-staging/label/Ubuntu14.04x64-mingw32/gcc-build/avr/avr5/libgcc/../../../../gcc/libgcc/config/avr/lib1funcs.S:2203
    2ed2:	db 0b       	sbc	r29, r27
/home/jenkins-mingw32/workspace/avr-gcc-staging/label/Ubuntu14.04x64-mingw32/gcc-build/avr/avr5/libgcc/../../../../gcc/libgcc/config/avr/lib1funcs.S:2204
    2ed4:	0f b6       	in	r0, 0x3f	; 63
/home/jenkins-mingw32/workspace/avr-gcc-staging/label/Ubuntu14.04x64-mingw32/gcc-build/avr/avr5/libgcc/../../../../gcc/libgcc/config/avr/lib1funcs.S:2205
    2ed6:	f8 94       	cli
/home/jenkins-mingw32/workspace/avr-gcc-staging/label/Ubuntu14.04x64-mingw32/gcc-build/avr/avr5/libgcc/../../../../gcc/libgcc/config/avr/lib1funcs.S:2206
    2ed8:	de bf       	out	0x3e, r29	; 62
/home/jenkins-mingw32/workspace/avr-gcc-staging/label/Ubuntu14.04x64-mingw32/gcc-build/avr/avr5/libgcc/../../../../gcc/libgcc/config/avr/lib1funcs.S:2207
    2eda:	0f be       	out	0x3f, r0	; 63
/home/jenkins-mingw32/workspace/avr-gcc-staging/label/Ubuntu14.04x64-mingw32/gcc-build/avr/avr5/libgcc/../../../../gcc/libgcc/config/avr/lib1funcs.S:2208
    2edc:	cd bf       	out	0x3d, r28	; 61
/home/jenkins-mingw32/workspace/avr-gcc-staging/label/Ubuntu14.04x64-mingw32/gcc-build/avr/avr5/libgcc/../../../../gcc/libgcc/config/avr/lib1funcs.S:2211
    2ede:	09 94       	ijmp

00002ee0 <__epilogue_restores__>:
__epilogue_restores__():
/home/jenkins-mingw32/workspace/avr-gcc-staging/label/Ubuntu14.04x64-mingw32/gcc-build/avr/avr5/libgcc/../../../../gcc/libgcc/config/avr/lib1funcs.S:2222
    2ee0:	2a 88       	ldd	r2, Y+18	; 0x12
/home/jenkins-mingw32/workspace/avr-gcc-staging/label/Ubuntu14.04x64-mingw32/gcc-build/avr/avr5/libgcc/../../../../gcc/libgcc/config/avr/lib1funcs.S:2223
    2ee2:	39 88       	ldd	r3, Y+17	; 0x11
/home/jenkins-mingw32/workspace/avr-gcc-staging/label/Ubuntu14.04x64-mingw32/gcc-build/avr/avr5/libgcc/../../../../gcc/libgcc/config/avr/lib1funcs.S:2224
    2ee4:	48 88       	ldd	r4, Y+16	; 0x10
/home/jenkins-mingw32/workspace/avr-gcc-staging/label/Ubuntu14.04x64-mingw32/gcc-build/avr/avr5/libgcc/../../../../gcc/libgcc/config/avr/lib1funcs.S:2225
    2ee6:	5f 84       	ldd	r5, Y+15	; 0x0f
/home/jenkins-mingw32/workspace/avr-gcc-staging/label/Ubuntu14.04x64-mingw32/gcc-build/avr/avr5/libgcc/../../../../gcc/libgcc/config/avr/lib1funcs.S:2226
    2ee8:	6e 84       	ldd	r6, Y+14	; 0x0e
/home/jenkins-mingw32/workspace/avr-gcc-staging/label/Ubuntu14.04x64-mingw32/gcc-build/avr/avr5/libgcc/../../../../gcc/libgcc/config/avr/lib1funcs.S:2227
    2eea:	7d 84       	ldd	r7, Y+13	; 0x0d
/home/jenkins-mingw32/workspace/avr-gcc-staging/label/Ubuntu14.04x64-mingw32/gcc-build/avr/avr5/libgcc/../../../../gcc/libgcc/config/avr/lib1funcs.S:2228
    2eec:	8c 84       	ldd	r8, Y+12	; 0x0c
/home/jenkins-mingw32/workspace/avr-gcc-staging/label/Ubuntu14.04x64-mingw32/gcc-build/avr/avr5/libgcc/../../../../gcc/libgcc/config/avr/lib1funcs.S:2229
    2eee:	9b 84       	ldd	r9, Y+11	; 0x0b
/home/jenkins-mingw32/workspace/avr-gcc-staging/label/Ubuntu14.04x64-mingw32/gcc-build/avr/avr5/libgcc/../../../../gcc/libgcc/config/avr/lib1funcs.S:2230
    2ef0:	aa 84       	ldd	r10, Y+10	; 0x0a
/home/jenkins-mingw32/workspace/avr-gcc-staging/label/Ubuntu14.04x64-mingw32/gcc-build/avr/avr5/libgcc/../../../../gcc/libgcc/config/avr/lib1funcs.S:2231
    2ef2:	b9 84       	ldd	r11, Y+9	; 0x09
/home/jenkins-mingw32/workspace/avr-gcc-staging/label/Ubuntu14.04x64-mingw32/gcc-build/avr/avr5/libgcc/../../../../gcc/libgcc/config/avr/lib1funcs.S:2232
    2ef4:	c8 84       	ldd	r12, Y+8	; 0x08
/home/jenkins-mingw32/workspace/avr-gcc-staging/label/Ubuntu14.04x64-mingw32/gcc-build/avr/avr5/libgcc/../../../../gcc/libgcc/config/avr/lib1funcs.S:2233
    2ef6:	df 80       	ldd	r13, Y+7	; 0x07
/home/jenkins-mingw32/workspace/avr-gcc-staging/label/Ubuntu14.04x64-mingw32/gcc-build/avr/avr5/libgcc/../../../../gcc/libgcc/config/avr/lib1funcs.S:2234
    2ef8:	ee 80       	ldd	r14, Y+6	; 0x06
/home/jenkins-mingw32/workspace/avr-gcc-staging/label/Ubuntu14.04x64-mingw32/gcc-build/avr/avr5/libgcc/../../../../gcc/libgcc/config/avr/lib1funcs.S:2235
    2efa:	fd 80       	ldd	r15, Y+5	; 0x05
/home/jenkins-mingw32/workspace/avr-gcc-staging/label/Ubuntu14.04x64-mingw32/gcc-build/avr/avr5/libgcc/../../../../gcc/libgcc/config/avr/lib1funcs.S:2236
    2efc:	0c 81       	ldd	r16, Y+4	; 0x04
/home/jenkins-mingw32/workspace/avr-gcc-staging/label/Ubuntu14.04x64-mingw32/gcc-build/avr/avr5/libgcc/../../../../gcc/libgcc/config/avr/lib1funcs.S:2237
    2efe:	1b 81       	ldd	r17, Y+3	; 0x03
/home/jenkins-mingw32/workspace/avr-gcc-staging/label/Ubuntu14.04x64-mingw32/gcc-build/avr/avr5/libgcc/../../../../gcc/libgcc/config/avr/lib1funcs.S:2238
    2f00:	aa 81       	ldd	r26, Y+2	; 0x02
/home/jenkins-mingw32/workspace/avr-gcc-staging/label/Ubuntu14.04x64-mingw32/gcc-build/avr/avr5/libgcc/../../../../gcc/libgcc/config/avr/lib1funcs.S:2252
    2f02:	b9 81       	ldd	r27, Y+1	; 0x01
/home/jenkins-mingw32/workspace/avr-gcc-staging/label/Ubuntu14.04x64-mingw32/gcc-build/avr/avr5/libgcc/../../../../gcc/libgcc/config/avr/lib1funcs.S:2253
    2f04:	ce 0f       	add	r28, r30
/home/jenkins-mingw32/workspace/avr-gcc-staging/label/Ubuntu14.04x64-mingw32/gcc-build/avr/avr5/libgcc/../../../../gcc/libgcc/config/avr/lib1funcs.S:2254
    2f06:	d1 1d       	adc	r29, r1
/home/jenkins-mingw32/workspace/avr-gcc-staging/label/Ubuntu14.04x64-mingw32/gcc-build/avr/avr5/libgcc/../../../../gcc/libgcc/config/avr/lib1funcs.S:2255
    2f08:	0f b6       	in	r0, 0x3f	; 63
/home/jenkins-mingw32/workspace/avr-gcc-staging/label/Ubuntu14.04x64-mingw32/gcc-build/avr/avr5/libgcc/../../../../gcc/libgcc/config/avr/lib1funcs.S:2256
    2f0a:	f8 94       	cli
/home/jenkins-mingw32/workspace/avr-gcc-staging/label/Ubuntu14.04x64-mingw32/gcc-build/avr/avr5/libgcc/../../../../gcc/libgcc/config/avr/lib1funcs.S:2257
    2f0c:	de bf       	out	0x3e, r29	; 62
/home/jenkins-mingw32/workspace/avr-gcc-staging/label/Ubuntu14.04x64-mingw32/gcc-build/avr/avr5/libgcc/../../../../gcc/libgcc/config/avr/lib1funcs.S:2258
    2f0e:	0f be       	out	0x3f, r0	; 63
/home/jenkins-mingw32/workspace/avr-gcc-staging/label/Ubuntu14.04x64-mingw32/gcc-build/avr/avr5/libgcc/../../../../gcc/libgcc/config/avr/lib1funcs.S:2259
    2f10:	cd bf       	out	0x3d, r28	; 61
/home/jenkins-mingw32/workspace/avr-gcc-staging/label/Ubuntu14.04x64-mingw32/gcc-build/avr/avr5/libgcc/../../../../gcc/libgcc/config/avr/lib1funcs.S:2260
    2f12:	ed 01       	movw	r28, r26
/home/jenkins-mingw32/workspace/avr-gcc-staging/label/Ubuntu14.04x64-mingw32/gcc-build/avr/avr5/libgcc/../../../../gcc/libgcc/config/avr/lib1funcs.S:2263
    2f14:	08 95       	ret

00002f16 <__umulhisi3>:
__umulhisi3():
/home/jenkins-mingw32/workspace/avr-gcc-staging/label/Ubuntu14.04x64-mingw32/gcc-build/avr/avr5/libgcc/../../../../gcc/libgcc/config/avr/lib1funcs.S:564
    2f16:	a2 9f       	mul	r26, r18
/home/jenkins-mingw32/workspace/avr-gcc-staging/label/Ubuntu14.04x64-mingw32/gcc-build/avr/avr5/libgcc/../../../../gcc/libgcc/config/avr/lib1funcs.S:565
    2f18:	b0 01       	movw	r22, r0
/home/jenkins-mingw32/workspace/avr-gcc-staging/label/Ubuntu14.04x64-mingw32/gcc-build/avr/avr5/libgcc/../../../../gcc/libgcc/config/avr/lib1funcs.S:566
    2f1a:	b3 9f       	mul	r27, r19
/home/jenkins-mingw32/workspace/avr-gcc-staging/label/Ubuntu14.04x64-mingw32/gcc-build/avr/avr5/libgcc/../../../../gcc/libgcc/config/avr/lib1funcs.S:567
    2f1c:	c0 01       	movw	r24, r0
/home/jenkins-mingw32/workspace/avr-gcc-staging/label/Ubuntu14.04x64-mingw32/gcc-build/avr/avr5/libgcc/../../../../gcc/libgcc/config/avr/lib1funcs.S:568
    2f1e:	a3 9f       	mul	r26, r19
/home/jenkins-mingw32/workspace/avr-gcc-staging/label/Ubuntu14.04x64-mingw32/gcc-build/avr/avr5/libgcc/../../../../gcc/libgcc/config/avr/lib1funcs.S:573
    2f20:	70 0d       	add	r23, r0
/home/jenkins-mingw32/workspace/avr-gcc-staging/label/Ubuntu14.04x64-mingw32/gcc-build/avr/avr5/libgcc/../../../../gcc/libgcc/config/avr/lib1funcs.S:574
    2f22:	81 1d       	adc	r24, r1
/home/jenkins-mingw32/workspace/avr-gcc-staging/label/Ubuntu14.04x64-mingw32/gcc-build/avr/avr5/libgcc/../../../../gcc/libgcc/config/avr/lib1funcs.S:575
    2f24:	11 24       	eor	r1, r1
/home/jenkins-mingw32/workspace/avr-gcc-staging/label/Ubuntu14.04x64-mingw32/gcc-build/avr/avr5/libgcc/../../../../gcc/libgcc/config/avr/lib1funcs.S:576
    2f26:	91 1d       	adc	r25, r1
/home/jenkins-mingw32/workspace/avr-gcc-staging/label/Ubuntu14.04x64-mingw32/gcc-build/avr/avr5/libgcc/../../../../gcc/libgcc/config/avr/lib1funcs.S:580
    2f28:	b2 9f       	mul	r27, r18
/home/jenkins-mingw32/workspace/avr-gcc-staging/label/Ubuntu14.04x64-mingw32/gcc-build/avr/avr5/libgcc/../../../../gcc/libgcc/config/avr/lib1funcs.S:581
    2f2a:	70 0d       	add	r23, r0
/home/jenkins-mingw32/workspace/avr-gcc-staging/label/Ubuntu14.04x64-mingw32/gcc-build/avr/avr5/libgcc/../../../../gcc/libgcc/config/avr/lib1funcs.S:582
    2f2c:	81 1d       	adc	r24, r1
/home/jenkins-mingw32/workspace/avr-gcc-staging/label/Ubuntu14.04x64-mingw32/gcc-build/avr/avr5/libgcc/../../../../gcc/libgcc/config/avr/lib1funcs.S:583
    2f2e:	11 24       	eor	r1, r1
/home/jenkins-mingw32/workspace/avr-gcc-staging/label/Ubuntu14.04x64-mingw32/gcc-build/avr/avr5/libgcc/../../../../gcc/libgcc/config/avr/lib1funcs.S:584
    2f30:	91 1d       	adc	r25, r1
/home/jenkins-mingw32/workspace/avr-gcc-staging/label/Ubuntu14.04x64-mingw32/gcc-build/avr/avr5/libgcc/../../../../gcc/libgcc/config/avr/lib1funcs.S:585
    2f32:	08 95       	ret

00002f34 <__subsf3>:
__subsf3():
    2f34:	50 58       	subi	r21, 0x80	; 128

00002f36 <__addsf3>:
    2f36:	bb 27       	eor	r27, r27
    2f38:	aa 27       	eor	r26, r26
    2f3a:	0e 94 b2 17 	call	0x2f64	; 0x2f64 <__addsf3x>
    2f3e:	0c 94 1a 17 	jmp	0x2e34	; 0x2e34 <__fp_round>
__addsf3():
    2f42:	0e 94 0c 17 	call	0x2e18	; 0x2e18 <__fp_pscA>
    2f46:	38 f0       	brcs	.+14     	; 0x2f56 <__addsf3+0x20>
    2f48:	0e 94 13 17 	call	0x2e26	; 0x2e26 <__fp_pscB>
    2f4c:	20 f0       	brcs	.+8      	; 0x2f56 <__addsf3+0x20>
    2f4e:	39 f4       	brne	.+14     	; 0x2f5e <__addsf3+0x28>
    2f50:	9f 3f       	cpi	r25, 0xFF	; 255
    2f52:	19 f4       	brne	.+6      	; 0x2f5a <__addsf3+0x24>
    2f54:	26 f4       	brtc	.+8      	; 0x2f5e <__addsf3+0x28>
    2f56:	0c 94 09 17 	jmp	0x2e12	; 0x2e12 <__fp_nan>
    2f5a:	0e f4       	brtc	.+2      	; 0x2f5e <__addsf3+0x28>
    2f5c:	e0 95       	com	r30
    2f5e:	e7 fb       	bst	r30, 7
    2f60:	0c 94 03 17 	jmp	0x2e06	; 0x2e06 <__fp_inf>

00002f64 <__addsf3x>:
__addsf3x():
    2f64:	e9 2f       	mov	r30, r25
    2f66:	0e 94 2b 17 	call	0x2e56	; 0x2e56 <__fp_split3>
    2f6a:	58 f3       	brcs	.-42     	; 0x2f42 <__addsf3+0xc>
    2f6c:	ba 17       	cp	r27, r26
    2f6e:	62 07       	cpc	r22, r18
    2f70:	73 07       	cpc	r23, r19
    2f72:	84 07       	cpc	r24, r20
    2f74:	95 07       	cpc	r25, r21
    2f76:	20 f0       	brcs	.+8      	; 0x2f80 <__addsf3x+0x1c>
    2f78:	79 f4       	brne	.+30     	; 0x2f98 <__addsf3x+0x34>
    2f7a:	a6 f5       	brtc	.+104    	; 0x2fe4 <__addsf3x+0x80>
    2f7c:	0c 94 4d 17 	jmp	0x2e9a	; 0x2e9a <__fp_zero>
    2f80:	0e f4       	brtc	.+2      	; 0x2f84 <__addsf3x+0x20>
    2f82:	e0 95       	com	r30
    2f84:	0b 2e       	mov	r0, r27
    2f86:	ba 2f       	mov	r27, r26
    2f88:	a0 2d       	mov	r26, r0
    2f8a:	0b 01       	movw	r0, r22
    2f8c:	b9 01       	movw	r22, r18
    2f8e:	90 01       	movw	r18, r0
    2f90:	0c 01       	movw	r0, r24
    2f92:	ca 01       	movw	r24, r20
    2f94:	a0 01       	movw	r20, r0
    2f96:	11 24       	eor	r1, r1
    2f98:	ff 27       	eor	r31, r31
    2f9a:	59 1b       	sub	r21, r25
    2f9c:	99 f0       	breq	.+38     	; 0x2fc4 <__addsf3x+0x60>
    2f9e:	59 3f       	cpi	r21, 0xF9	; 249
    2fa0:	50 f4       	brcc	.+20     	; 0x2fb6 <__addsf3x+0x52>
    2fa2:	50 3e       	cpi	r21, 0xE0	; 224
    2fa4:	68 f1       	brcs	.+90     	; 0x3000 <__addsf3x+0x9c>
    2fa6:	1a 16       	cp	r1, r26
    2fa8:	f0 40       	sbci	r31, 0x00	; 0
    2faa:	a2 2f       	mov	r26, r18
    2fac:	23 2f       	mov	r18, r19
    2fae:	34 2f       	mov	r19, r20
    2fb0:	44 27       	eor	r20, r20
    2fb2:	58 5f       	subi	r21, 0xF8	; 248
    2fb4:	f3 cf       	rjmp	.-26     	; 0x2f9c <__addsf3x+0x38>
    2fb6:	46 95       	lsr	r20
    2fb8:	37 95       	ror	r19
    2fba:	27 95       	ror	r18
    2fbc:	a7 95       	ror	r26
    2fbe:	f0 40       	sbci	r31, 0x00	; 0
    2fc0:	53 95       	inc	r21
    2fc2:	c9 f7       	brne	.-14     	; 0x2fb6 <__addsf3x+0x52>
    2fc4:	7e f4       	brtc	.+30     	; 0x2fe4 <__addsf3x+0x80>
    2fc6:	1f 16       	cp	r1, r31
    2fc8:	ba 0b       	sbc	r27, r26
    2fca:	62 0b       	sbc	r22, r18
    2fcc:	73 0b       	sbc	r23, r19
    2fce:	84 0b       	sbc	r24, r20
    2fd0:	ba f0       	brmi	.+46     	; 0x3000 <__addsf3x+0x9c>
    2fd2:	91 50       	subi	r25, 0x01	; 1
    2fd4:	a1 f0       	breq	.+40     	; 0x2ffe <__addsf3x+0x9a>
    2fd6:	ff 0f       	add	r31, r31
    2fd8:	bb 1f       	adc	r27, r27
    2fda:	66 1f       	adc	r22, r22
    2fdc:	77 1f       	adc	r23, r23
    2fde:	88 1f       	adc	r24, r24
    2fe0:	c2 f7       	brpl	.-16     	; 0x2fd2 <__addsf3x+0x6e>
    2fe2:	0e c0       	rjmp	.+28     	; 0x3000 <__addsf3x+0x9c>
    2fe4:	ba 0f       	add	r27, r26
    2fe6:	62 1f       	adc	r22, r18
    2fe8:	73 1f       	adc	r23, r19
    2fea:	84 1f       	adc	r24, r20
    2fec:	48 f4       	brcc	.+18     	; 0x3000 <__addsf3x+0x9c>
    2fee:	87 95       	ror	r24
    2ff0:	77 95       	ror	r23
    2ff2:	67 95       	ror	r22
    2ff4:	b7 95       	ror	r27
    2ff6:	f7 95       	ror	r31
    2ff8:	9e 3f       	cpi	r25, 0xFE	; 254
    2ffa:	08 f0       	brcs	.+2      	; 0x2ffe <__addsf3x+0x9a>
    2ffc:	b0 cf       	rjmp	.-160    	; 0x2f5e <__addsf3+0x28>
    2ffe:	93 95       	inc	r25
    3000:	88 0f       	add	r24, r24
    3002:	08 f0       	brcs	.+2      	; 0x3006 <__addsf3x+0xa2>
    3004:	99 27       	eor	r25, r25
    3006:	ee 0f       	add	r30, r30
    3008:	97 95       	ror	r25
    300a:	87 95       	ror	r24
    300c:	08 95       	ret

0000300e <__divsf3>:
    300e:	0e 94 1b 18 	call	0x3036	; 0x3036 <__divsf3x>
    3012:	0c 94 1a 17 	jmp	0x2e34	; 0x2e34 <__fp_round>
    3016:	0e 94 13 17 	call	0x2e26	; 0x2e26 <__fp_pscB>
    301a:	58 f0       	brcs	.+22     	; 0x3032 <__divsf3+0x24>
    301c:	0e 94 0c 17 	call	0x2e18	; 0x2e18 <__fp_pscA>
    3020:	40 f0       	brcs	.+16     	; 0x3032 <__divsf3+0x24>
    3022:	29 f4       	brne	.+10     	; 0x302e <__divsf3+0x20>
    3024:	5f 3f       	cpi	r21, 0xFF	; 255
    3026:	29 f0       	breq	.+10     	; 0x3032 <__divsf3+0x24>
    3028:	0c 94 03 17 	jmp	0x2e06	; 0x2e06 <__fp_inf>
    302c:	51 11       	cpse	r21, r1
    302e:	0c 94 4e 17 	jmp	0x2e9c	; 0x2e9c <__fp_szero>
__divsf3():
    3032:	0c 94 09 17 	jmp	0x2e12	; 0x2e12 <__fp_nan>

00003036 <__divsf3x>:
__divsf3x():
    3036:	0e 94 2b 17 	call	0x2e56	; 0x2e56 <__fp_split3>
    303a:	68 f3       	brcs	.-38     	; 0x3016 <__divsf3+0x8>

0000303c <__divsf3_pse>:
    303c:	99 23       	and	r25, r25
    303e:	b1 f3       	breq	.-20     	; 0x302c <__divsf3+0x1e>
    3040:	55 23       	and	r21, r21
    3042:	91 f3       	breq	.-28     	; 0x3028 <__divsf3+0x1a>
    3044:	95 1b       	sub	r25, r21
    3046:	55 0b       	sbc	r21, r21
    3048:	bb 27       	eor	r27, r27
    304a:	aa 27       	eor	r26, r26
    304c:	62 17       	cp	r22, r18
    304e:	73 07       	cpc	r23, r19
    3050:	84 07       	cpc	r24, r20
    3052:	38 f0       	brcs	.+14     	; 0x3062 <__divsf3_pse+0x26>
    3054:	9f 5f       	subi	r25, 0xFF	; 255
    3056:	5f 4f       	sbci	r21, 0xFF	; 255
    3058:	22 0f       	add	r18, r18
    305a:	33 1f       	adc	r19, r19
    305c:	44 1f       	adc	r20, r20
    305e:	aa 1f       	adc	r26, r26
    3060:	a9 f3       	breq	.-22     	; 0x304c <__divsf3_pse+0x10>
    3062:	35 d0       	rcall	.+106    	; 0x30ce <__divsf3_pse+0x92>
    3064:	0e 2e       	mov	r0, r30
    3066:	3a f0       	brmi	.+14     	; 0x3076 <__divsf3_pse+0x3a>
    3068:	e0 e8       	ldi	r30, 0x80	; 128
    306a:	32 d0       	rcall	.+100    	; 0x30d0 <__divsf3_pse+0x94>
    306c:	91 50       	subi	r25, 0x01	; 1
    306e:	50 40       	sbci	r21, 0x00	; 0
    3070:	e6 95       	lsr	r30
    3072:	00 1c       	adc	r0, r0
    3074:	ca f7       	brpl	.-14     	; 0x3068 <__divsf3_pse+0x2c>
    3076:	2b d0       	rcall	.+86     	; 0x30ce <__divsf3_pse+0x92>
    3078:	fe 2f       	mov	r31, r30
    307a:	29 d0       	rcall	.+82     	; 0x30ce <__divsf3_pse+0x92>
    307c:	66 0f       	add	r22, r22
    307e:	77 1f       	adc	r23, r23
    3080:	88 1f       	adc	r24, r24
    3082:	bb 1f       	adc	r27, r27
    3084:	26 17       	cp	r18, r22
    3086:	37 07       	cpc	r19, r23
    3088:	48 07       	cpc	r20, r24
    308a:	ab 07       	cpc	r26, r27
    308c:	b0 e8       	ldi	r27, 0x80	; 128
    308e:	09 f0       	breq	.+2      	; 0x3092 <__divsf3_pse+0x56>
    3090:	bb 0b       	sbc	r27, r27
    3092:	80 2d       	mov	r24, r0
    3094:	bf 01       	movw	r22, r30
    3096:	ff 27       	eor	r31, r31
    3098:	93 58       	subi	r25, 0x83	; 131
    309a:	5f 4f       	sbci	r21, 0xFF	; 255
    309c:	3a f0       	brmi	.+14     	; 0x30ac <__divsf3_pse+0x70>
    309e:	9e 3f       	cpi	r25, 0xFE	; 254
    30a0:	51 05       	cpc	r21, r1
    30a2:	78 f0       	brcs	.+30     	; 0x30c2 <__divsf3_pse+0x86>
    30a4:	0c 94 03 17 	jmp	0x2e06	; 0x2e06 <__fp_inf>
    30a8:	0c 94 4e 17 	jmp	0x2e9c	; 0x2e9c <__fp_szero>
    30ac:	5f 3f       	cpi	r21, 0xFF	; 255
    30ae:	e4 f3       	brlt	.-8      	; 0x30a8 <__divsf3_pse+0x6c>
    30b0:	98 3e       	cpi	r25, 0xE8	; 232
    30b2:	d4 f3       	brlt	.-12     	; 0x30a8 <__divsf3_pse+0x6c>
    30b4:	86 95       	lsr	r24
    30b6:	77 95       	ror	r23
    30b8:	67 95       	ror	r22
    30ba:	b7 95       	ror	r27
    30bc:	f7 95       	ror	r31
    30be:	9f 5f       	subi	r25, 0xFF	; 255
    30c0:	c9 f7       	brne	.-14     	; 0x30b4 <__divsf3_pse+0x78>
    30c2:	88 0f       	add	r24, r24
    30c4:	91 1d       	adc	r25, r1
    30c6:	96 95       	lsr	r25
    30c8:	87 95       	ror	r24
    30ca:	97 f9       	bld	r25, 7
    30cc:	08 95       	ret
    30ce:	e1 e0       	ldi	r30, 0x01	; 1
    30d0:	66 0f       	add	r22, r22
    30d2:	77 1f       	adc	r23, r23
    30d4:	88 1f       	adc	r24, r24
    30d6:	bb 1f       	adc	r27, r27
    30d8:	62 17       	cp	r22, r18
    30da:	73 07       	cpc	r23, r19
    30dc:	84 07       	cpc	r24, r20
    30de:	ba 07       	cpc	r27, r26
    30e0:	20 f0       	brcs	.+8      	; 0x30ea <__divsf3_pse+0xae>
    30e2:	62 1b       	sub	r22, r18
    30e4:	73 0b       	sbc	r23, r19
    30e6:	84 0b       	sbc	r24, r20
    30e8:	ba 0b       	sbc	r27, r26
    30ea:	ee 1f       	adc	r30, r30
    30ec:	88 f7       	brcc	.-30     	; 0x30d0 <__divsf3_pse+0x94>
    30ee:	e0 95       	com	r30
    30f0:	08 95       	ret

000030f2 <__fixsfsi>:
    30f2:	0e 94 80 18 	call	0x3100	; 0x3100 <__fixunssfsi>
    30f6:	68 94       	set
    30f8:	b1 11       	cpse	r27, r1
    30fa:	0c 94 4e 17 	jmp	0x2e9c	; 0x2e9c <__fp_szero>
    30fe:	08 95       	ret

00003100 <__fixunssfsi>:
    3100:	0e 94 33 17 	call	0x2e66	; 0x2e66 <__fp_splitA>
    3104:	88 f0       	brcs	.+34     	; 0x3128 <__fixunssfsi+0x28>
    3106:	9f 57       	subi	r25, 0x7F	; 127
    3108:	98 f0       	brcs	.+38     	; 0x3130 <__fixunssfsi+0x30>
    310a:	b9 2f       	mov	r27, r25
    310c:	99 27       	eor	r25, r25
    310e:	b7 51       	subi	r27, 0x17	; 23
    3110:	b0 f0       	brcs	.+44     	; 0x313e <__fixunssfsi+0x3e>
__fixunssfsi():
    3112:	e1 f0       	breq	.+56     	; 0x314c <__fixunssfsi+0x4c>
    3114:	66 0f       	add	r22, r22
    3116:	77 1f       	adc	r23, r23
    3118:	88 1f       	adc	r24, r24
    311a:	99 1f       	adc	r25, r25
    311c:	1a f0       	brmi	.+6      	; 0x3124 <__fixunssfsi+0x24>
    311e:	ba 95       	dec	r27
    3120:	c9 f7       	brne	.-14     	; 0x3114 <__fixunssfsi+0x14>
    3122:	14 c0       	rjmp	.+40     	; 0x314c <__fixunssfsi+0x4c>
    3124:	b1 30       	cpi	r27, 0x01	; 1
    3126:	91 f0       	breq	.+36     	; 0x314c <__fixunssfsi+0x4c>
    3128:	0e 94 4d 17 	call	0x2e9a	; 0x2e9a <__fp_zero>
    312c:	b1 e0       	ldi	r27, 0x01	; 1
    312e:	08 95       	ret
    3130:	0c 94 4d 17 	jmp	0x2e9a	; 0x2e9a <__fp_zero>
    3134:	67 2f       	mov	r22, r23
    3136:	78 2f       	mov	r23, r24
    3138:	88 27       	eor	r24, r24
    313a:	b8 5f       	subi	r27, 0xF8	; 248
    313c:	39 f0       	breq	.+14     	; 0x314c <__fixunssfsi+0x4c>
    313e:	b9 3f       	cpi	r27, 0xF9	; 249
    3140:	cc f3       	brlt	.-14     	; 0x3134 <__fixunssfsi+0x34>
    3142:	86 95       	lsr	r24
    3144:	77 95       	ror	r23
    3146:	67 95       	ror	r22
    3148:	b3 95       	inc	r27
    314a:	d9 f7       	brne	.-10     	; 0x3142 <__fixunssfsi+0x42>
    314c:	3e f4       	brtc	.+14     	; 0x315c <__fixunssfsi+0x5c>
    314e:	90 95       	com	r25
    3150:	80 95       	com	r24
    3152:	70 95       	com	r23
    3154:	61 95       	neg	r22
    3156:	7f 4f       	sbci	r23, 0xFF	; 255
    3158:	8f 4f       	sbci	r24, 0xFF	; 255
    315a:	9f 4f       	sbci	r25, 0xFF	; 255
    315c:	08 95       	ret

0000315e <__gesf2>:
__gesf2():
    315e:	0e 94 6f 16 	call	0x2cde	; 0x2cde <__fp_cmp>
    3162:	08 f4       	brcc	.+2      	; 0x3166 <__gesf2+0x8>
    3164:	8f ef       	ldi	r24, 0xFF	; 255
    3166:	08 95       	ret

00003168 <__unordsf2>:
__unordsf2():
    3168:	0e 94 6f 16 	call	0x2cde	; 0x2cde <__fp_cmp>
    316c:	88 0b       	sbc	r24, r24
    316e:	99 0b       	sbc	r25, r25
    3170:	08 95       	ret

00003172 <__udivmodsi4>:
__udivmodsi4():
/home/jenkins-mingw32/workspace/avr-gcc-staging/label/Ubuntu14.04x64-mingw32/gcc-build/avr/avr5/libgcc/../../../../gcc/libgcc/config/avr/lib1funcs.S:1638
    3172:	a1 e2       	ldi	r26, 0x21	; 33
/home/jenkins-mingw32/workspace/avr-gcc-staging/label/Ubuntu14.04x64-mingw32/gcc-build/avr/avr5/libgcc/../../../../gcc/libgcc/config/avr/lib1funcs.S:1639
    3174:	1a 2e       	mov	r1, r26
/home/jenkins-mingw32/workspace/avr-gcc-staging/label/Ubuntu14.04x64-mingw32/gcc-build/avr/avr5/libgcc/../../../../gcc/libgcc/config/avr/lib1funcs.S:1640
    3176:	aa 1b       	sub	r26, r26
/home/jenkins-mingw32/workspace/avr-gcc-staging/label/Ubuntu14.04x64-mingw32/gcc-build/avr/avr5/libgcc/../../../../gcc/libgcc/config/avr/lib1funcs.S:1641
    3178:	bb 1b       	sub	r27, r27
/home/jenkins-mingw32/workspace/avr-gcc-staging/label/Ubuntu14.04x64-mingw32/gcc-build/avr/avr5/libgcc/../../../../gcc/libgcc/config/avr/lib1funcs.S:1642
    317a:	fd 01       	movw	r30, r26
/home/jenkins-mingw32/workspace/avr-gcc-staging/label/Ubuntu14.04x64-mingw32/gcc-build/avr/avr5/libgcc/../../../../gcc/libgcc/config/avr/lib1funcs.S:1644
    317c:	0d c0       	rjmp	.+26     	; 0x3198 <__udivmodsi4_ep>

0000317e <__udivmodsi4_loop>:
/home/jenkins-mingw32/workspace/avr-gcc-staging/label/Ubuntu14.04x64-mingw32/gcc-build/avr/avr5/libgcc/../../../../gcc/libgcc/config/avr/lib1funcs.S:1646
    317e:	aa 1f       	adc	r26, r26
/home/jenkins-mingw32/workspace/avr-gcc-staging/label/Ubuntu14.04x64-mingw32/gcc-build/avr/avr5/libgcc/../../../../gcc/libgcc/config/avr/lib1funcs.S:1647
    3180:	bb 1f       	adc	r27, r27
/home/jenkins-mingw32/workspace/avr-gcc-staging/label/Ubuntu14.04x64-mingw32/gcc-build/avr/avr5/libgcc/../../../../gcc/libgcc/config/avr/lib1funcs.S:1648
    3182:	ee 1f       	adc	r30, r30
/home/jenkins-mingw32/workspace/avr-gcc-staging/label/Ubuntu14.04x64-mingw32/gcc-build/avr/avr5/libgcc/../../../../gcc/libgcc/config/avr/lib1funcs.S:1649
    3184:	ff 1f       	adc	r31, r31
/home/jenkins-mingw32/workspace/avr-gcc-staging/label/Ubuntu14.04x64-mingw32/gcc-build/avr/avr5/libgcc/../../../../gcc/libgcc/config/avr/lib1funcs.S:1650
    3186:	a2 17       	cp	r26, r18
/home/jenkins-mingw32/workspace/avr-gcc-staging/label/Ubuntu14.04x64-mingw32/gcc-build/avr/avr5/libgcc/../../../../gcc/libgcc/config/avr/lib1funcs.S:1651
    3188:	b3 07       	cpc	r27, r19
/home/jenkins-mingw32/workspace/avr-gcc-staging/label/Ubuntu14.04x64-mingw32/gcc-build/avr/avr5/libgcc/../../../../gcc/libgcc/config/avr/lib1funcs.S:1652
    318a:	e4 07       	cpc	r30, r20
/home/jenkins-mingw32/workspace/avr-gcc-staging/label/Ubuntu14.04x64-mingw32/gcc-build/avr/avr5/libgcc/../../../../gcc/libgcc/config/avr/lib1funcs.S:1653
    318c:	f5 07       	cpc	r31, r21
/home/jenkins-mingw32/workspace/avr-gcc-staging/label/Ubuntu14.04x64-mingw32/gcc-build/avr/avr5/libgcc/../../../../gcc/libgcc/config/avr/lib1funcs.S:1654
    318e:	20 f0       	brcs	.+8      	; 0x3198 <__udivmodsi4_ep>
/home/jenkins-mingw32/workspace/avr-gcc-staging/label/Ubuntu14.04x64-mingw32/gcc-build/avr/avr5/libgcc/../../../../gcc/libgcc/config/avr/lib1funcs.S:1655
    3190:	a2 1b       	sub	r26, r18
/home/jenkins-mingw32/workspace/avr-gcc-staging/label/Ubuntu14.04x64-mingw32/gcc-build/avr/avr5/libgcc/../../../../gcc/libgcc/config/avr/lib1funcs.S:1656
    3192:	b3 0b       	sbc	r27, r19
/home/jenkins-mingw32/workspace/avr-gcc-staging/label/Ubuntu14.04x64-mingw32/gcc-build/avr/avr5/libgcc/../../../../gcc/libgcc/config/avr/lib1funcs.S:1657
    3194:	e4 0b       	sbc	r30, r20
/home/jenkins-mingw32/workspace/avr-gcc-staging/label/Ubuntu14.04x64-mingw32/gcc-build/avr/avr5/libgcc/../../../../gcc/libgcc/config/avr/lib1funcs.S:1658
    3196:	f5 0b       	sbc	r31, r21

00003198 <__udivmodsi4_ep>:
/home/jenkins-mingw32/workspace/avr-gcc-staging/label/Ubuntu14.04x64-mingw32/gcc-build/avr/avr5/libgcc/../../../../gcc/libgcc/config/avr/lib1funcs.S:1660
    3198:	66 1f       	adc	r22, r22
/home/jenkins-mingw32/workspace/avr-gcc-staging/label/Ubuntu14.04x64-mingw32/gcc-build/avr/avr5/libgcc/../../../../gcc/libgcc/config/avr/lib1funcs.S:1661
    319a:	77 1f       	adc	r23, r23
/home/jenkins-mingw32/workspace/avr-gcc-staging/label/Ubuntu14.04x64-mingw32/gcc-build/avr/avr5/libgcc/../../../../gcc/libgcc/config/avr/lib1funcs.S:1662
    319c:	88 1f       	adc	r24, r24
/home/jenkins-mingw32/workspace/avr-gcc-staging/label/Ubuntu14.04x64-mingw32/gcc-build/avr/avr5/libgcc/../../../../gcc/libgcc/config/avr/lib1funcs.S:1663
    319e:	99 1f       	adc	r25, r25
/home/jenkins-mingw32/workspace/avr-gcc-staging/label/Ubuntu14.04x64-mingw32/gcc-build/avr/avr5/libgcc/../../../../gcc/libgcc/config/avr/lib1funcs.S:1664
    31a0:	1a 94       	dec	r1
/home/jenkins-mingw32/workspace/avr-gcc-staging/label/Ubuntu14.04x64-mingw32/gcc-build/avr/avr5/libgcc/../../../../gcc/libgcc/config/avr/lib1funcs.S:1665
    31a2:	69 f7       	brne	.-38     	; 0x317e <__udivmodsi4_loop>
/home/jenkins-mingw32/workspace/avr-gcc-staging/label/Ubuntu14.04x64-mingw32/gcc-build/avr/avr5/libgcc/../../../../gcc/libgcc/config/avr/lib1funcs.S:1667
    31a4:	60 95       	com	r22
/home/jenkins-mingw32/workspace/avr-gcc-staging/label/Ubuntu14.04x64-mingw32/gcc-build/avr/avr5/libgcc/../../../../gcc/libgcc/config/avr/lib1funcs.S:1668
    31a6:	70 95       	com	r23
/home/jenkins-mingw32/workspace/avr-gcc-staging/label/Ubuntu14.04x64-mingw32/gcc-build/avr/avr5/libgcc/../../../../gcc/libgcc/config/avr/lib1funcs.S:1669
    31a8:	80 95       	com	r24
/home/jenkins-mingw32/workspace/avr-gcc-staging/label/Ubuntu14.04x64-mingw32/gcc-build/avr/avr5/libgcc/../../../../gcc/libgcc/config/avr/lib1funcs.S:1670
    31aa:	90 95       	com	r25
/home/jenkins-mingw32/workspace/avr-gcc-staging/label/Ubuntu14.04x64-mingw32/gcc-build/avr/avr5/libgcc/../../../../gcc/libgcc/config/avr/lib1funcs.S:1672
    31ac:	9b 01       	movw	r18, r22
/home/jenkins-mingw32/workspace/avr-gcc-staging/label/Ubuntu14.04x64-mingw32/gcc-build/avr/avr5/libgcc/../../../../gcc/libgcc/config/avr/lib1funcs.S:1674
    31ae:	ac 01       	movw	r20, r24
/home/jenkins-mingw32/workspace/avr-gcc-staging/label/Ubuntu14.04x64-mingw32/gcc-build/avr/avr5/libgcc/../../../../gcc/libgcc/config/avr/lib1funcs.S:1676
    31b0:	bd 01       	movw	r22, r26
/home/jenkins-mingw32/workspace/avr-gcc-staging/label/Ubuntu14.04x64-mingw32/gcc-build/avr/avr5/libgcc/../../../../gcc/libgcc/config/avr/lib1funcs.S:1678
    31b2:	cf 01       	movw	r24, r30
/home/jenkins-mingw32/workspace/avr-gcc-staging/label/Ubuntu14.04x64-mingw32/gcc-build/avr/avr5/libgcc/../../../../gcc/libgcc/config/avr/lib1funcs.S:1680
    31b4:	08 95       	ret

000031b6 <__usmulhisi3>:
__usmulhisi3():
/home/jenkins-mingw32/workspace/avr-gcc-staging/label/Ubuntu14.04x64-mingw32/gcc-build/avr/avr5/libgcc/../../../../gcc/libgcc/config/avr/lib1funcs.S:545
    31b6:	0e 94 8b 17 	call	0x2f16	; 0x2f16 <__umulhisi3>

000031ba <__usmulhisi3_tail>:
__usmulhisi3_tail():
/home/jenkins-mingw32/workspace/avr-gcc-staging/label/Ubuntu14.04x64-mingw32/gcc-build/avr/avr5/libgcc/../../../../gcc/libgcc/config/avr/lib1funcs.S:551
    31ba:	b7 ff       	sbrs	r27, 7
/home/jenkins-mingw32/workspace/avr-gcc-staging/label/Ubuntu14.04x64-mingw32/gcc-build/avr/avr5/libgcc/../../../../gcc/libgcc/config/avr/lib1funcs.S:552
    31bc:	08 95       	ret
/home/jenkins-mingw32/workspace/avr-gcc-staging/label/Ubuntu14.04x64-mingw32/gcc-build/avr/avr5/libgcc/../../../../gcc/libgcc/config/avr/lib1funcs.S:553
    31be:	82 1b       	sub	r24, r18
/home/jenkins-mingw32/workspace/avr-gcc-staging/label/Ubuntu14.04x64-mingw32/gcc-build/avr/avr5/libgcc/../../../../gcc/libgcc/config/avr/lib1funcs.S:554
    31c0:	93 0b       	sbc	r25, r19
/home/jenkins-mingw32/workspace/avr-gcc-staging/label/Ubuntu14.04x64-mingw32/gcc-build/avr/avr5/libgcc/../../../../gcc/libgcc/config/avr/lib1funcs.S:555
    31c2:	08 95       	ret

000031c4 <__tablejump2__>:
__tablejump2__():
/home/jenkins-mingw32/workspace/avr-gcc-staging/label/Ubuntu14.04x64-mingw32/gcc-build/avr/avr5/libgcc/../../../../gcc/libgcc/config/avr/lib1funcs.S:2296
    31c4:	ee 0f       	add	r30, r30
/home/jenkins-mingw32/workspace/avr-gcc-staging/label/Ubuntu14.04x64-mingw32/gcc-build/avr/avr5/libgcc/../../../../gcc/libgcc/config/avr/lib1funcs.S:2297
    31c6:	ff 1f       	adc	r31, r31
/home/jenkins-mingw32/workspace/avr-gcc-staging/label/Ubuntu14.04x64-mingw32/gcc-build/avr/avr5/libgcc/../../../../gcc/libgcc/config/avr/lib1funcs.S:2328
    31c8:	05 90       	lpm	r0, Z+
/home/jenkins-mingw32/workspace/avr-gcc-staging/label/Ubuntu14.04x64-mingw32/gcc-build/avr/avr5/libgcc/../../../../gcc/libgcc/config/avr/lib1funcs.S:2329
    31ca:	f4 91       	lpm	r31, Z
/home/jenkins-mingw32/workspace/avr-gcc-staging/label/Ubuntu14.04x64-mingw32/gcc-build/avr/avr5/libgcc/../../../../gcc/libgcc/config/avr/lib1funcs.S:2330
    31cc:	e0 2d       	mov	r30, r0
/home/jenkins-mingw32/workspace/avr-gcc-staging/label/Ubuntu14.04x64-mingw32/gcc-build/avr/avr5/libgcc/../../../../gcc/libgcc/config/avr/lib1funcs.S:2331
    31ce:	09 94       	ijmp

000031d0 <malloc>:
malloc():
    31d0:	0f 93       	push	r16
    31d2:	1f 93       	push	r17
    31d4:	cf 93       	push	r28
    31d6:	df 93       	push	r29
    31d8:	82 30       	cpi	r24, 0x02	; 2
    31da:	91 05       	cpc	r25, r1
    31dc:	10 f4       	brcc	.+4      	; 0x31e2 <malloc+0x12>
    31de:	82 e0       	ldi	r24, 0x02	; 2
    31e0:	90 e0       	ldi	r25, 0x00	; 0
    31e2:	e0 91 a2 04 	lds	r30, 0x04A2	; 0x8004a2 <__flp>
    31e6:	f0 91 a3 04 	lds	r31, 0x04A3	; 0x8004a3 <__flp+0x1>
    31ea:	30 e0       	ldi	r19, 0x00	; 0
    31ec:	20 e0       	ldi	r18, 0x00	; 0
    31ee:	b0 e0       	ldi	r27, 0x00	; 0
    31f0:	a0 e0       	ldi	r26, 0x00	; 0
    31f2:	30 97       	sbiw	r30, 0x00	; 0
    31f4:	99 f4       	brne	.+38     	; 0x321c <malloc+0x4c>
    31f6:	21 15       	cp	r18, r1
    31f8:	31 05       	cpc	r19, r1
    31fa:	09 f4       	brne	.+2      	; 0x31fe <malloc+0x2e>
    31fc:	4a c0       	rjmp	.+148    	; 0x3292 <malloc+0xc2>
    31fe:	28 1b       	sub	r18, r24
    3200:	39 0b       	sbc	r19, r25
    3202:	24 30       	cpi	r18, 0x04	; 4
    3204:	31 05       	cpc	r19, r1
    3206:	d8 f5       	brcc	.+118    	; 0x327e <malloc+0xae>
    3208:	8a 81       	ldd	r24, Y+2	; 0x02
    320a:	9b 81       	ldd	r25, Y+3	; 0x03
    320c:	61 15       	cp	r22, r1
    320e:	71 05       	cpc	r23, r1
    3210:	89 f1       	breq	.+98     	; 0x3274 <malloc+0xa4>
    3212:	fb 01       	movw	r30, r22
    3214:	93 83       	std	Z+3, r25	; 0x03
    3216:	82 83       	std	Z+2, r24	; 0x02
    3218:	fe 01       	movw	r30, r28
    321a:	11 c0       	rjmp	.+34     	; 0x323e <malloc+0x6e>
    321c:	40 81       	ld	r20, Z
    321e:	51 81       	ldd	r21, Z+1	; 0x01
    3220:	02 81       	ldd	r16, Z+2	; 0x02
    3222:	13 81       	ldd	r17, Z+3	; 0x03
    3224:	48 17       	cp	r20, r24
    3226:	59 07       	cpc	r21, r25
    3228:	e0 f0       	brcs	.+56     	; 0x3262 <malloc+0x92>
    322a:	48 17       	cp	r20, r24
    322c:	59 07       	cpc	r21, r25
    322e:	99 f4       	brne	.+38     	; 0x3256 <malloc+0x86>
    3230:	10 97       	sbiw	r26, 0x00	; 0
    3232:	61 f0       	breq	.+24     	; 0x324c <malloc+0x7c>
    3234:	12 96       	adiw	r26, 0x02	; 2
    3236:	0c 93       	st	X, r16
    3238:	12 97       	sbiw	r26, 0x02	; 2
    323a:	13 96       	adiw	r26, 0x03	; 3
    323c:	1c 93       	st	X, r17
    323e:	32 96       	adiw	r30, 0x02	; 2
    3240:	cf 01       	movw	r24, r30
    3242:	df 91       	pop	r29
    3244:	cf 91       	pop	r28
    3246:	1f 91       	pop	r17
    3248:	0f 91       	pop	r16
    324a:	08 95       	ret
    324c:	00 93 a2 04 	sts	0x04A2, r16	; 0x8004a2 <__flp>
    3250:	10 93 a3 04 	sts	0x04A3, r17	; 0x8004a3 <__flp+0x1>
    3254:	f4 cf       	rjmp	.-24     	; 0x323e <malloc+0x6e>
    3256:	21 15       	cp	r18, r1
    3258:	31 05       	cpc	r19, r1
    325a:	51 f0       	breq	.+20     	; 0x3270 <malloc+0xa0>
    325c:	42 17       	cp	r20, r18
    325e:	53 07       	cpc	r21, r19
    3260:	38 f0       	brcs	.+14     	; 0x3270 <malloc+0xa0>
    3262:	a9 01       	movw	r20, r18
    3264:	db 01       	movw	r26, r22
    3266:	9a 01       	movw	r18, r20
    3268:	bd 01       	movw	r22, r26
    326a:	df 01       	movw	r26, r30
    326c:	f8 01       	movw	r30, r16
    326e:	c1 cf       	rjmp	.-126    	; 0x31f2 <malloc+0x22>
    3270:	ef 01       	movw	r28, r30
    3272:	f9 cf       	rjmp	.-14     	; 0x3266 <malloc+0x96>
    3274:	90 93 a3 04 	sts	0x04A3, r25	; 0x8004a3 <__flp+0x1>
    3278:	80 93 a2 04 	sts	0x04A2, r24	; 0x8004a2 <__flp>
    327c:	cd cf       	rjmp	.-102    	; 0x3218 <malloc+0x48>
    327e:	fe 01       	movw	r30, r28
    3280:	e2 0f       	add	r30, r18
    3282:	f3 1f       	adc	r31, r19
    3284:	81 93       	st	Z+, r24
    3286:	91 93       	st	Z+, r25
    3288:	22 50       	subi	r18, 0x02	; 2
    328a:	31 09       	sbc	r19, r1
    328c:	39 83       	std	Y+1, r19	; 0x01
    328e:	28 83       	st	Y, r18
    3290:	d7 cf       	rjmp	.-82     	; 0x3240 <malloc+0x70>
    3292:	20 91 a0 04 	lds	r18, 0x04A0	; 0x8004a0 <__brkval>
    3296:	30 91 a1 04 	lds	r19, 0x04A1	; 0x8004a1 <__brkval+0x1>
    329a:	23 2b       	or	r18, r19
    329c:	41 f4       	brne	.+16     	; 0x32ae <malloc+0xde>
    329e:	20 91 0c 01 	lds	r18, 0x010C	; 0x80010c <__malloc_heap_start>
    32a2:	30 91 0d 01 	lds	r19, 0x010D	; 0x80010d <__malloc_heap_start+0x1>
    32a6:	30 93 a1 04 	sts	0x04A1, r19	; 0x8004a1 <__brkval+0x1>
    32aa:	20 93 a0 04 	sts	0x04A0, r18	; 0x8004a0 <__brkval>
    32ae:	20 91 0a 01 	lds	r18, 0x010A	; 0x80010a <__malloc_heap_end>
    32b2:	30 91 0b 01 	lds	r19, 0x010B	; 0x80010b <__malloc_heap_end+0x1>
    32b6:	21 15       	cp	r18, r1
    32b8:	31 05       	cpc	r19, r1
    32ba:	41 f4       	brne	.+16     	; 0x32cc <malloc+0xfc>
    32bc:	2d b7       	in	r18, 0x3d	; 61
    32be:	3e b7       	in	r19, 0x3e	; 62
    32c0:	40 91 0e 01 	lds	r20, 0x010E	; 0x80010e <__malloc_margin>
    32c4:	50 91 0f 01 	lds	r21, 0x010F	; 0x80010f <__malloc_margin+0x1>
    32c8:	24 1b       	sub	r18, r20
    32ca:	35 0b       	sbc	r19, r21
    32cc:	e0 91 a0 04 	lds	r30, 0x04A0	; 0x8004a0 <__brkval>
    32d0:	f0 91 a1 04 	lds	r31, 0x04A1	; 0x8004a1 <__brkval+0x1>
    32d4:	e2 17       	cp	r30, r18
    32d6:	f3 07       	cpc	r31, r19
    32d8:	a0 f4       	brcc	.+40     	; 0x3302 <malloc+0x132>
    32da:	2e 1b       	sub	r18, r30
    32dc:	3f 0b       	sbc	r19, r31
    32de:	28 17       	cp	r18, r24
    32e0:	39 07       	cpc	r19, r25
    32e2:	78 f0       	brcs	.+30     	; 0x3302 <malloc+0x132>
    32e4:	ac 01       	movw	r20, r24
    32e6:	4e 5f       	subi	r20, 0xFE	; 254
    32e8:	5f 4f       	sbci	r21, 0xFF	; 255
    32ea:	24 17       	cp	r18, r20
    32ec:	35 07       	cpc	r19, r21
    32ee:	48 f0       	brcs	.+18     	; 0x3302 <malloc+0x132>
    32f0:	4e 0f       	add	r20, r30
    32f2:	5f 1f       	adc	r21, r31
    32f4:	50 93 a1 04 	sts	0x04A1, r21	; 0x8004a1 <__brkval+0x1>
    32f8:	40 93 a0 04 	sts	0x04A0, r20	; 0x8004a0 <__brkval>
    32fc:	81 93       	st	Z+, r24
    32fe:	91 93       	st	Z+, r25
    3300:	9f cf       	rjmp	.-194    	; 0x3240 <malloc+0x70>
    3302:	f0 e0       	ldi	r31, 0x00	; 0
    3304:	e0 e0       	ldi	r30, 0x00	; 0
    3306:	9c cf       	rjmp	.-200    	; 0x3240 <malloc+0x70>

00003308 <free>:
free():
    3308:	cf 93       	push	r28
    330a:	df 93       	push	r29
    330c:	00 97       	sbiw	r24, 0x00	; 0
    330e:	e9 f0       	breq	.+58     	; 0x334a <free+0x42>
    3310:	fc 01       	movw	r30, r24
    3312:	32 97       	sbiw	r30, 0x02	; 2
    3314:	13 82       	std	Z+3, r1	; 0x03
    3316:	12 82       	std	Z+2, r1	; 0x02
    3318:	a0 91 a2 04 	lds	r26, 0x04A2	; 0x8004a2 <__flp>
    331c:	b0 91 a3 04 	lds	r27, 0x04A3	; 0x8004a3 <__flp+0x1>
    3320:	ed 01       	movw	r28, r26
    3322:	30 e0       	ldi	r19, 0x00	; 0
    3324:	20 e0       	ldi	r18, 0x00	; 0
    3326:	10 97       	sbiw	r26, 0x00	; 0
    3328:	a1 f4       	brne	.+40     	; 0x3352 <free+0x4a>
    332a:	20 81       	ld	r18, Z
    332c:	31 81       	ldd	r19, Z+1	; 0x01
    332e:	82 0f       	add	r24, r18
    3330:	93 1f       	adc	r25, r19
    3332:	20 91 a0 04 	lds	r18, 0x04A0	; 0x8004a0 <__brkval>
    3336:	30 91 a1 04 	lds	r19, 0x04A1	; 0x8004a1 <__brkval+0x1>
    333a:	28 17       	cp	r18, r24
    333c:	39 07       	cpc	r19, r25
    333e:	09 f0       	breq	.+2      	; 0x3342 <free+0x3a>
    3340:	61 c0       	rjmp	.+194    	; 0x3404 <free+0xfc>
    3342:	f0 93 a1 04 	sts	0x04A1, r31	; 0x8004a1 <__brkval+0x1>
    3346:	e0 93 a0 04 	sts	0x04A0, r30	; 0x8004a0 <__brkval>
    334a:	df 91       	pop	r29
    334c:	cf 91       	pop	r28
    334e:	08 95       	ret
    3350:	ea 01       	movw	r28, r20
    3352:	ce 17       	cp	r28, r30
    3354:	df 07       	cpc	r29, r31
    3356:	e8 f5       	brcc	.+122    	; 0x33d2 <free+0xca>
    3358:	4a 81       	ldd	r20, Y+2	; 0x02
    335a:	5b 81       	ldd	r21, Y+3	; 0x03
    335c:	9e 01       	movw	r18, r28
    335e:	41 15       	cp	r20, r1
    3360:	51 05       	cpc	r21, r1
    3362:	b1 f7       	brne	.-20     	; 0x3350 <free+0x48>
    3364:	e9 01       	movw	r28, r18
    3366:	fb 83       	std	Y+3, r31	; 0x03
    3368:	ea 83       	std	Y+2, r30	; 0x02
    336a:	49 91       	ld	r20, Y+
    336c:	59 91       	ld	r21, Y+
    336e:	c4 0f       	add	r28, r20
    3370:	d5 1f       	adc	r29, r21
    3372:	ec 17       	cp	r30, r28
    3374:	fd 07       	cpc	r31, r29
    3376:	61 f4       	brne	.+24     	; 0x3390 <free+0x88>
    3378:	80 81       	ld	r24, Z
    337a:	91 81       	ldd	r25, Z+1	; 0x01
    337c:	02 96       	adiw	r24, 0x02	; 2
    337e:	84 0f       	add	r24, r20
    3380:	95 1f       	adc	r25, r21
    3382:	e9 01       	movw	r28, r18
    3384:	99 83       	std	Y+1, r25	; 0x01
    3386:	88 83       	st	Y, r24
    3388:	82 81       	ldd	r24, Z+2	; 0x02
    338a:	93 81       	ldd	r25, Z+3	; 0x03
    338c:	9b 83       	std	Y+3, r25	; 0x03
    338e:	8a 83       	std	Y+2, r24	; 0x02
    3390:	f0 e0       	ldi	r31, 0x00	; 0
    3392:	e0 e0       	ldi	r30, 0x00	; 0
    3394:	12 96       	adiw	r26, 0x02	; 2
    3396:	8d 91       	ld	r24, X+
    3398:	9c 91       	ld	r25, X
    339a:	13 97       	sbiw	r26, 0x03	; 3
    339c:	00 97       	sbiw	r24, 0x00	; 0
    339e:	b9 f5       	brne	.+110    	; 0x340e <free+0x106>
    33a0:	2d 91       	ld	r18, X+
    33a2:	3c 91       	ld	r19, X
    33a4:	11 97       	sbiw	r26, 0x01	; 1
    33a6:	cd 01       	movw	r24, r26
    33a8:	02 96       	adiw	r24, 0x02	; 2
    33aa:	82 0f       	add	r24, r18
    33ac:	93 1f       	adc	r25, r19
    33ae:	20 91 a0 04 	lds	r18, 0x04A0	; 0x8004a0 <__brkval>
    33b2:	30 91 a1 04 	lds	r19, 0x04A1	; 0x8004a1 <__brkval+0x1>
    33b6:	28 17       	cp	r18, r24
    33b8:	39 07       	cpc	r19, r25
    33ba:	39 f6       	brne	.-114    	; 0x334a <free+0x42>
    33bc:	30 97       	sbiw	r30, 0x00	; 0
    33be:	51 f5       	brne	.+84     	; 0x3414 <free+0x10c>
    33c0:	10 92 a3 04 	sts	0x04A3, r1	; 0x8004a3 <__flp+0x1>
    33c4:	10 92 a2 04 	sts	0x04A2, r1	; 0x8004a2 <__flp>
    33c8:	b0 93 a1 04 	sts	0x04A1, r27	; 0x8004a1 <__brkval+0x1>
    33cc:	a0 93 a0 04 	sts	0x04A0, r26	; 0x8004a0 <__brkval>
    33d0:	bc cf       	rjmp	.-136    	; 0x334a <free+0x42>
    33d2:	d3 83       	std	Z+3, r29	; 0x03
    33d4:	c2 83       	std	Z+2, r28	; 0x02
    33d6:	40 81       	ld	r20, Z
    33d8:	51 81       	ldd	r21, Z+1	; 0x01
    33da:	84 0f       	add	r24, r20
    33dc:	95 1f       	adc	r25, r21
    33de:	c8 17       	cp	r28, r24
    33e0:	d9 07       	cpc	r29, r25
    33e2:	61 f4       	brne	.+24     	; 0x33fc <free+0xf4>
    33e4:	4e 5f       	subi	r20, 0xFE	; 254
    33e6:	5f 4f       	sbci	r21, 0xFF	; 255
    33e8:	88 81       	ld	r24, Y
    33ea:	99 81       	ldd	r25, Y+1	; 0x01
    33ec:	48 0f       	add	r20, r24
    33ee:	59 1f       	adc	r21, r25
    33f0:	51 83       	std	Z+1, r21	; 0x01
    33f2:	40 83       	st	Z, r20
    33f4:	8a 81       	ldd	r24, Y+2	; 0x02
    33f6:	9b 81       	ldd	r25, Y+3	; 0x03
    33f8:	93 83       	std	Z+3, r25	; 0x03
    33fa:	82 83       	std	Z+2, r24	; 0x02
    33fc:	21 15       	cp	r18, r1
    33fe:	31 05       	cpc	r19, r1
    3400:	09 f0       	breq	.+2      	; 0x3404 <free+0xfc>
    3402:	b0 cf       	rjmp	.-160    	; 0x3364 <free+0x5c>
    3404:	f0 93 a3 04 	sts	0x04A3, r31	; 0x8004a3 <__flp+0x1>
    3408:	e0 93 a2 04 	sts	0x04A2, r30	; 0x8004a2 <__flp>
    340c:	9e cf       	rjmp	.-196    	; 0x334a <free+0x42>
    340e:	fd 01       	movw	r30, r26
    3410:	dc 01       	movw	r26, r24
    3412:	c0 cf       	rjmp	.-128    	; 0x3394 <free+0x8c>
    3414:	13 82       	std	Z+3, r1	; 0x03
    3416:	12 82       	std	Z+2, r1	; 0x02
    3418:	d7 cf       	rjmp	.-82     	; 0x33c8 <free+0xc0>

0000341a <realloc>:
realloc():
    341a:	b0 e0       	ldi	r27, 0x00	; 0
    341c:	a0 e0       	ldi	r26, 0x00	; 0
    341e:	e3 e1       	ldi	r30, 0x13	; 19
    3420:	fa e1       	ldi	r31, 0x1A	; 26
    3422:	0c 94 56 17 	jmp	0x2eac	; 0x2eac <__prologue_saves__+0x4>
    3426:	8c 01       	movw	r16, r24
    3428:	00 97       	sbiw	r24, 0x00	; 0
    342a:	51 f4       	brne	.+20     	; 0x3440 <realloc+0x26>
    342c:	cb 01       	movw	r24, r22
    342e:	0e 94 e8 18 	call	0x31d0	; 0x31d0 <malloc>
    3432:	8c 01       	movw	r16, r24
    3434:	c8 01       	movw	r24, r16
    3436:	cd b7       	in	r28, 0x3d	; 61
    3438:	de b7       	in	r29, 0x3e	; 62
    343a:	e0 e1       	ldi	r30, 0x10	; 16
    343c:	0c 94 72 17 	jmp	0x2ee4	; 0x2ee4 <__epilogue_restores__+0x4>
    3440:	fc 01       	movw	r30, r24
    3442:	e6 0f       	add	r30, r22
    3444:	f7 1f       	adc	r31, r23
    3446:	9c 01       	movw	r18, r24
    3448:	22 50       	subi	r18, 0x02	; 2
    344a:	31 09       	sbc	r19, r1
    344c:	e2 17       	cp	r30, r18
    344e:	f3 07       	cpc	r31, r19
    3450:	08 f4       	brcc	.+2      	; 0x3454 <realloc+0x3a>
    3452:	9d c0       	rjmp	.+314    	; 0x358e <realloc+0x174>
    3454:	d9 01       	movw	r26, r18
    3456:	cd 91       	ld	r28, X+
    3458:	dc 91       	ld	r29, X
    345a:	11 97       	sbiw	r26, 0x01	; 1
    345c:	c6 17       	cp	r28, r22
    345e:	d7 07       	cpc	r29, r23
    3460:	98 f0       	brcs	.+38     	; 0x3488 <realloc+0x6e>
    3462:	c5 30       	cpi	r28, 0x05	; 5
    3464:	d1 05       	cpc	r29, r1
    3466:	30 f3       	brcs	.-52     	; 0x3434 <realloc+0x1a>
    3468:	ce 01       	movw	r24, r28
    346a:	04 97       	sbiw	r24, 0x04	; 4
    346c:	86 17       	cp	r24, r22
    346e:	97 07       	cpc	r25, r23
    3470:	08 f3       	brcs	.-62     	; 0x3434 <realloc+0x1a>
    3472:	c6 1b       	sub	r28, r22
    3474:	d7 0b       	sbc	r29, r23
    3476:	22 97       	sbiw	r28, 0x02	; 2
    3478:	c1 93       	st	Z+, r28
    347a:	d1 93       	st	Z+, r29
    347c:	6d 93       	st	X+, r22
    347e:	7c 93       	st	X, r23
    3480:	cf 01       	movw	r24, r30
    3482:	0e 94 84 19 	call	0x3308	; 0x3308 <free>
    3486:	d6 cf       	rjmp	.-84     	; 0x3434 <realloc+0x1a>
    3488:	5b 01       	movw	r10, r22
    348a:	ac 1a       	sub	r10, r28
    348c:	bd 0a       	sbc	r11, r29
    348e:	4c 01       	movw	r8, r24
    3490:	8c 0e       	add	r8, r28
    3492:	9d 1e       	adc	r9, r29
    3494:	a0 91 a2 04 	lds	r26, 0x04A2	; 0x8004a2 <__flp>
    3498:	b0 91 a3 04 	lds	r27, 0x04A3	; 0x8004a3 <__flp+0x1>
    349c:	51 2c       	mov	r5, r1
    349e:	41 2c       	mov	r4, r1
    34a0:	f1 2c       	mov	r15, r1
    34a2:	e1 2c       	mov	r14, r1
    34a4:	10 97       	sbiw	r26, 0x00	; 0
    34a6:	31 f5       	brne	.+76     	; 0x34f4 <realloc+0xda>
    34a8:	80 91 a0 04 	lds	r24, 0x04A0	; 0x8004a0 <__brkval>
    34ac:	90 91 a1 04 	lds	r25, 0x04A1	; 0x8004a1 <__brkval+0x1>
    34b0:	88 15       	cp	r24, r8
    34b2:	99 05       	cpc	r25, r9
    34b4:	09 f0       	breq	.+2      	; 0x34b8 <realloc+0x9e>
    34b6:	5c c0       	rjmp	.+184    	; 0x3570 <realloc+0x156>
    34b8:	46 16       	cp	r4, r22
    34ba:	57 06       	cpc	r5, r23
    34bc:	08 f0       	brcs	.+2      	; 0x34c0 <realloc+0xa6>
    34be:	58 c0       	rjmp	.+176    	; 0x3570 <realloc+0x156>
    34c0:	80 91 0a 01 	lds	r24, 0x010A	; 0x80010a <__malloc_heap_end>
    34c4:	90 91 0b 01 	lds	r25, 0x010B	; 0x80010b <__malloc_heap_end+0x1>
    34c8:	00 97       	sbiw	r24, 0x00	; 0
    34ca:	41 f4       	brne	.+16     	; 0x34dc <realloc+0xc2>
    34cc:	8d b7       	in	r24, 0x3d	; 61
    34ce:	9e b7       	in	r25, 0x3e	; 62
    34d0:	40 91 0e 01 	lds	r20, 0x010E	; 0x80010e <__malloc_margin>
    34d4:	50 91 0f 01 	lds	r21, 0x010F	; 0x80010f <__malloc_margin+0x1>
    34d8:	84 1b       	sub	r24, r20
    34da:	95 0b       	sbc	r25, r21
    34dc:	e8 17       	cp	r30, r24
    34de:	f9 07       	cpc	r31, r25
    34e0:	08 f0       	brcs	.+2      	; 0x34e4 <realloc+0xca>
    34e2:	55 c0       	rjmp	.+170    	; 0x358e <realloc+0x174>
    34e4:	f0 93 a1 04 	sts	0x04A1, r31	; 0x8004a1 <__brkval+0x1>
    34e8:	e0 93 a0 04 	sts	0x04A0, r30	; 0x8004a0 <__brkval>
    34ec:	f9 01       	movw	r30, r18
    34ee:	71 83       	std	Z+1, r23	; 0x01
    34f0:	60 83       	st	Z, r22
    34f2:	a0 cf       	rjmp	.-192    	; 0x3434 <realloc+0x1a>
    34f4:	8d 91       	ld	r24, X+
    34f6:	9c 91       	ld	r25, X
    34f8:	11 97       	sbiw	r26, 0x01	; 1
    34fa:	12 96       	adiw	r26, 0x02	; 2
    34fc:	6c 90       	ld	r6, X
    34fe:	12 97       	sbiw	r26, 0x02	; 2
    3500:	13 96       	adiw	r26, 0x03	; 3
    3502:	7c 90       	ld	r7, X
    3504:	13 97       	sbiw	r26, 0x03	; 3
    3506:	a8 15       	cp	r26, r8
    3508:	b9 05       	cpc	r27, r9
    350a:	59 f5       	brne	.+86     	; 0x3562 <realloc+0x148>
    350c:	6c 01       	movw	r12, r24
    350e:	42 e0       	ldi	r20, 0x02	; 2
    3510:	c4 0e       	add	r12, r20
    3512:	d1 1c       	adc	r13, r1
    3514:	ca 14       	cp	r12, r10
    3516:	db 04       	cpc	r13, r11
    3518:	20 f1       	brcs	.+72     	; 0x3562 <realloc+0x148>
    351a:	ac 01       	movw	r20, r24
    351c:	4a 19       	sub	r20, r10
    351e:	5b 09       	sbc	r21, r11
    3520:	da 01       	movw	r26, r20
    3522:	12 96       	adiw	r26, 0x02	; 2
    3524:	15 97       	sbiw	r26, 0x05	; 5
    3526:	80 f0       	brcs	.+32     	; 0x3548 <realloc+0x12e>
    3528:	62 82       	std	Z+2, r6	; 0x02
    352a:	73 82       	std	Z+3, r7	; 0x03
    352c:	51 83       	std	Z+1, r21	; 0x01
    352e:	40 83       	st	Z, r20
    3530:	d9 01       	movw	r26, r18
    3532:	6d 93       	st	X+, r22
    3534:	7c 93       	st	X, r23
    3536:	e1 14       	cp	r14, r1
    3538:	f1 04       	cpc	r15, r1
    353a:	71 f0       	breq	.+28     	; 0x3558 <realloc+0x13e>
    353c:	d7 01       	movw	r26, r14
    353e:	13 96       	adiw	r26, 0x03	; 3
    3540:	fc 93       	st	X, r31
    3542:	ee 93       	st	-X, r30
    3544:	12 97       	sbiw	r26, 0x02	; 2
    3546:	76 cf       	rjmp	.-276    	; 0x3434 <realloc+0x1a>
    3548:	22 96       	adiw	r28, 0x02	; 2
    354a:	8c 0f       	add	r24, r28
    354c:	9d 1f       	adc	r25, r29
    354e:	f9 01       	movw	r30, r18
    3550:	91 83       	std	Z+1, r25	; 0x01
    3552:	80 83       	st	Z, r24
    3554:	f3 01       	movw	r30, r6
    3556:	ef cf       	rjmp	.-34     	; 0x3536 <realloc+0x11c>
    3558:	f0 93 a3 04 	sts	0x04A3, r31	; 0x8004a3 <__flp+0x1>
    355c:	e0 93 a2 04 	sts	0x04A2, r30	; 0x8004a2 <__flp>
    3560:	69 cf       	rjmp	.-302    	; 0x3434 <realloc+0x1a>
    3562:	48 16       	cp	r4, r24
    3564:	59 06       	cpc	r5, r25
    3566:	08 f4       	brcc	.+2      	; 0x356a <realloc+0x150>
    3568:	2c 01       	movw	r4, r24
    356a:	7d 01       	movw	r14, r26
    356c:	d3 01       	movw	r26, r6
    356e:	9a cf       	rjmp	.-204    	; 0x34a4 <realloc+0x8a>
    3570:	cb 01       	movw	r24, r22
    3572:	0e 94 e8 18 	call	0x31d0	; 0x31d0 <malloc>
    3576:	7c 01       	movw	r14, r24
    3578:	00 97       	sbiw	r24, 0x00	; 0
    357a:	49 f0       	breq	.+18     	; 0x358e <realloc+0x174>
    357c:	ae 01       	movw	r20, r28
    357e:	b8 01       	movw	r22, r16
    3580:	0e 94 ca 1a 	call	0x3594	; 0x3594 <memcpy>
    3584:	c8 01       	movw	r24, r16
    3586:	0e 94 84 19 	call	0x3308	; 0x3308 <free>
    358a:	87 01       	movw	r16, r14
    358c:	53 cf       	rjmp	.-346    	; 0x3434 <realloc+0x1a>
    358e:	10 e0       	ldi	r17, 0x00	; 0
    3590:	00 e0       	ldi	r16, 0x00	; 0
    3592:	50 cf       	rjmp	.-352    	; 0x3434 <realloc+0x1a>

00003594 <memcpy>:
memcpy():
    3594:	fb 01       	movw	r30, r22
    3596:	dc 01       	movw	r26, r24
    3598:	02 c0       	rjmp	.+4      	; 0x359e <memcpy+0xa>
    359a:	01 90       	ld	r0, Z+
    359c:	0d 92       	st	X+, r0
    359e:	41 50       	subi	r20, 0x01	; 1
    35a0:	50 40       	sbci	r21, 0x00	; 0
    35a2:	d8 f7       	brcc	.-10     	; 0x359a <memcpy+0x6>
    35a4:	08 95       	ret

000035a6 <strchr>:
strchr():
    35a6:	fc 01       	movw	r30, r24
    35a8:	81 91       	ld	r24, Z+
    35aa:	86 17       	cp	r24, r22
    35ac:	21 f0       	breq	.+8      	; 0x35b6 <strchr+0x10>
    35ae:	88 23       	and	r24, r24
    35b0:	d9 f7       	brne	.-10     	; 0x35a8 <strchr+0x2>
    35b2:	99 27       	eor	r25, r25
    35b4:	08 95       	ret
    35b6:	31 97       	sbiw	r30, 0x01	; 1
    35b8:	cf 01       	movw	r24, r30
    35ba:	08 95       	ret

000035bc <strcpy>:
strcpy():
    35bc:	fb 01       	movw	r30, r22
    35be:	dc 01       	movw	r26, r24
    35c0:	01 90       	ld	r0, Z+
    35c2:	0d 92       	st	X+, r0
    35c4:	00 20       	and	r0, r0
    35c6:	e1 f7       	brne	.-8      	; 0x35c0 <strcpy+0x4>
    35c8:	08 95       	ret

000035ca <strstr>:
strstr():
    35ca:	fb 01       	movw	r30, r22
    35cc:	51 91       	ld	r21, Z+
    35ce:	55 23       	and	r21, r21
    35d0:	a9 f0       	breq	.+42     	; 0x35fc <strstr+0x32>
    35d2:	bf 01       	movw	r22, r30
    35d4:	dc 01       	movw	r26, r24
    35d6:	4d 91       	ld	r20, X+
    35d8:	45 17       	cp	r20, r21
    35da:	41 11       	cpse	r20, r1
    35dc:	e1 f7       	brne	.-8      	; 0x35d6 <strstr+0xc>
    35de:	59 f4       	brne	.+22     	; 0x35f6 <strstr+0x2c>
    35e0:	cd 01       	movw	r24, r26
    35e2:	01 90       	ld	r0, Z+
    35e4:	00 20       	and	r0, r0
    35e6:	49 f0       	breq	.+18     	; 0x35fa <strstr+0x30>
    35e8:	4d 91       	ld	r20, X+
    35ea:	40 15       	cp	r20, r0
    35ec:	41 11       	cpse	r20, r1
    35ee:	c9 f3       	breq	.-14     	; 0x35e2 <strstr+0x18>
    35f0:	fb 01       	movw	r30, r22
    35f2:	41 11       	cpse	r20, r1
    35f4:	ef cf       	rjmp	.-34     	; 0x35d4 <strstr+0xa>
    35f6:	81 e0       	ldi	r24, 0x01	; 1
    35f8:	90 e0       	ldi	r25, 0x00	; 0
    35fa:	01 97       	sbiw	r24, 0x01	; 1
    35fc:	08 95       	ret

000035fe <__do_global_dtors>:
__do_global_dtors():
/home/jenkins-mingw32/workspace/avr-gcc-staging/label/Ubuntu14.04x64-mingw32/gcc-build/avr/avr5/libgcc/../../../../gcc/libgcc/config/avr/lib1funcs.S:2496
    35fe:	11 e0       	ldi	r17, 0x01	; 1
/home/jenkins-mingw32/workspace/avr-gcc-staging/label/Ubuntu14.04x64-mingw32/gcc-build/avr/avr5/libgcc/../../../../gcc/libgcc/config/avr/lib1funcs.S:2497
    3600:	c7 e3       	ldi	r28, 0x37	; 55
/home/jenkins-mingw32/workspace/avr-gcc-staging/label/Ubuntu14.04x64-mingw32/gcc-build/avr/avr5/libgcc/../../../../gcc/libgcc/config/avr/lib1funcs.S:2498
    3602:	d1 e0       	ldi	r29, 0x01	; 1
/home/jenkins-mingw32/workspace/avr-gcc-staging/label/Ubuntu14.04x64-mingw32/gcc-build/avr/avr5/libgcc/../../../../gcc/libgcc/config/avr/lib1funcs.S:2502
    3604:	04 c0       	rjmp	.+8      	; 0x360e <__do_global_dtors+0x10>
/home/jenkins-mingw32/workspace/avr-gcc-staging/label/Ubuntu14.04x64-mingw32/gcc-build/avr/avr5/libgcc/../../../../gcc/libgcc/config/avr/lib1funcs.S:2508
    3606:	fe 01       	movw	r30, r28
/home/jenkins-mingw32/workspace/avr-gcc-staging/label/Ubuntu14.04x64-mingw32/gcc-build/avr/avr5/libgcc/../../../../gcc/libgcc/config/avr/lib1funcs.S:2509
    3608:	0e 94 e2 18 	call	0x31c4	; 0x31c4 <__tablejump2__>
/home/jenkins-mingw32/workspace/avr-gcc-staging/label/Ubuntu14.04x64-mingw32/gcc-build/avr/avr5/libgcc/../../../../gcc/libgcc/config/avr/lib1funcs.S:2510
    360c:	21 96       	adiw	r28, 0x01	; 1
/home/jenkins-mingw32/workspace/avr-gcc-staging/label/Ubuntu14.04x64-mingw32/gcc-build/avr/avr5/libgcc/../../../../gcc/libgcc/config/avr/lib1funcs.S:2515
    360e:	c8 33       	cpi	r28, 0x38	; 56
/home/jenkins-mingw32/workspace/avr-gcc-staging/label/Ubuntu14.04x64-mingw32/gcc-build/avr/avr5/libgcc/../../../../gcc/libgcc/config/avr/lib1funcs.S:2516
    3610:	d1 07       	cpc	r29, r17
/home/jenkins-mingw32/workspace/avr-gcc-staging/label/Ubuntu14.04x64-mingw32/gcc-build/avr/avr5/libgcc/../../../../gcc/libgcc/config/avr/lib1funcs.S:2521
    3612:	c9 f7       	brne	.-14     	; 0x3606 <__do_global_dtors+0x8>
/home/jenkins-mingw32/workspace/avr-gcc-staging/label/Ubuntu14.04x64-mingw32/gcc-build/avr/avr5/libgcc/../../../../gcc/libgcc/config/avr/lib1funcs.S:2278
    3614:	f8 94       	cli

00003616 <__stop_program>:
__stop_program():
/home/jenkins-mingw32/workspace/avr-gcc-staging/label/Ubuntu14.04x64-mingw32/gcc-build/avr/avr5/libgcc/../../../../gcc/libgcc/config/avr/lib1funcs.S:2280
    3616:	ff cf       	rjmp	.-2      	; 0x3616 <__stop_program>
